series_id,obs_date,value,realtime_start,realtime_end,fetched_at
DGS3MO,2022-08-05,2.58,2026-08-05,2026-08-05,2026-08-05T08:58:54.488904+00:00
DGS3MO,2022-08-08,2.65,2026-08-05,2026-08-05,2026-08-05T08:58:54.488904+00:00
DGS3MO,2022-08-09,2.67,2026-08-05,2026-08-05,2026-08-05T08:58:54.488904+00:00
DGS3MO,2022-08-10,2.65,2026-08-05,2026-08-05,2026-08-05T08:58:54.488904+00:00
DGS3MO,2022-08-11,2.62,2026-08-05,2026-08-05,2026-08-05T08:58:54.488904+00:00
DGS3MO,2022-08-12,2.63,2026-08-05,2026-08-05,2026-08-05T08:58:54.488904+00:00
DGS3MO,2022-08-15,2.72,2026-08-05,2026-08-05,2026-08-05T08:58:54.488904+00:00
DGS3MO,2022-08-16,2.70,2026-08-05,2026-08-05,2026-08-05T08:58:54.488904+00:00
DGS3MO,2022-08-17,2.68,2026-08-05,2026-08-05,2026-08-05T08:58:54.488904+00:00
DGS3MO,2022-08-18,2.71,2026-08-05,2026-08-05,2026-08-05T08:58:54.488904+00:00
DGS3MO,2022-08-19,2.74,2026-08-05,2026-08-05,2026-08-05T08:58:54.488904+00:00
DGS3MO,2022-08-22,2.82,2026-08-05,2026-08-05,2026-08-05T08:58:54.488904+00:00
DGS3MO,2022-08-23,2.80,2026-08-05,2026-08-05,2026-08-05T08:58:54.488904+00:00
DGS3MO,2022-08-24,2.82,2026-08-05,2026-08-05,2026-08-05T08:58:54.488904+00:00
DGS3MO,2022-08-25,2.88,2026-08-05,2026-08-05,2026-08-05T08:58:54.488904+00:00
DGS3MO,2022-08-26,2.89,2026-08-05,2026-08-05,2026-08-05T08:58:54.488904+00:00
DGS3MO,2022-08-29,2.97,2026-08-05,2026-08-05,2026-08-05T08:58:54.488904+00:00
DGS3MO,2022-08-30,2.97,2026-08-05,2026-08-05,2026-08-05T08:58:54.488904+00:00
DGS3MO,2022-08-31,2.96,2026-08-05,2026-08-05,2026-08-05T08:58:54.488904+00:00
DGS3MO,2022-09-01,2.97,2026-08-05,2026-08-05,2026-08-05T08:58:54.488904+00:00
DGS3MO,2022-09-02,2.94,2026-08-05,2026-08-05,2026-08-05T08:58:54.488904+00:00
DGS3MO,2022-09-05,.,2026-08-05,2026-08-05,2026-08-05T08:58:54.488904+00:00
DGS3MO,2022-09-06,3.04,2026-08-05,2026-08-05,2026-08-05T08:58:54.488904+00:00
DGS3MO,2022-09-07,3.07,2026-08-05,2026-08-05,2026-08-05T08:58:54.488904+00:00
DGS3MO,2022-09-08,3.06,2026-08-05,2026-08-05,2026-08-05T08:58:54.488904+00:00
DGS3MO,2022-09-09,3.08,2026-08-05,2026-08-05,2026-08-05T08:58:54.488904+00:00
DGS3MO,2022-09-12,3.17,2026-08-05,2026-08-05,2026-08-05T08:58:54.488904+00:00
DGS3MO,2022-09-13,3.28,2026-08-05,2026-08-05,2026-08-05T08:58:54.488904+00:00
DGS3MO,2022-09-14,3.24,2026-08-05,2026-08-05,2026-08-05T08:58:54.488904+00:00
DGS3MO,2022-09-15,3.22,2026-08-05,2026-08-05,2026-08-05T08:58:54.488904+00:00
DGS3MO,2022-09-16,3.20,2026-08-05,2026-08-05,2026-08-05T08:58:54.488904+00:00
DGS3MO,2022-09-19,3.37,2026-08-05,2026-08-05,2026-08-05T08:58:54.488904+00:00
DGS3MO,2022-09-20,3.35,2026-08-05,2026-08-05,2026-08-05T08:58:54.488904+00:00
DGS3MO,2022-09-21,3.31,2026-08-05,2026-08-05,2026-08-05T08:58:54.488904+00:00
DGS3MO,2022-09-22,3.29,2026-08-05,2026-08-05,2026-08-05T08:58:54.488904+00:00
DGS3MO,2022-09-23,3.24,2026-08-05,2026-08-05,2026-08-05T08:58:54.488904+00:00
DGS3MO,2022-09-26,3.39,2026-08-05,2026-08-05,2026-08-05T08:58:54.488904+00:00
DGS3MO,2022-09-27,3.35,2026-08-05,2026-08-05,2026-08-05T08:58:54.488904+00:00
DGS3MO,2022-09-28,3.40,2026-08-05,2026-08-05,2026-08-05T08:58:54.488904+00:00
DGS3MO,2022-09-29,3.36,2026-08-05,2026-08-05,2026-08-05T08:58:54.488904+00:00
DGS3MO,2022-09-30,3.33,2026-08-05,2026-08-05,2026-08-05T08:58:54.488904+00:00
DGS3MO,2022-10-03,3.46,2026-08-05,2026-08-05,2026-08-05T08:58:54.488904+00:00
DGS3MO,2022-10-04,3.45,2026-08-05,2026-08-05,2026-08-05T08:58:54.488904+00:00
DGS3MO,2022-10-05,3.46,2026-08-05,2026-08-05,2026-08-05T08:58:54.488904+00:00
DGS3MO,2022-10-06,3.46,2026-08-05,2026-08-05,2026-08-05T08:58:54.488904+00:00
DGS3MO,2022-10-07,3.45,2026-08-05,2026-08-05,2026-08-05T08:58:54.488904+00:00
DGS3MO,2022-10-10,.,2026-08-05,2026-08-05,2026-08-05T08:58:54.488904+00:00
DGS3MO,2022-10-11,3.67,2026-08-05,2026-08-05,2026-08-05T08:58:54.488904+00:00
DGS3MO,2022-10-12,3.70,2026-08-05,2026-08-05,2026-08-05T08:58:54.488904+00:00
DGS3MO,2022-10-13,3.79,2026-08-05,2026-08-05,2026-08-05T08:58:54.488904+00:00
DGS3MO,2022-10-14,3.81,2026-08-05,2026-08-05,2026-08-05T08:58:54.488904+00:00
DGS3MO,2022-10-17,3.97,2026-08-05,2026-08-05,2026-08-05T08:58:54.488904+00:00
DGS3MO,2022-10-18,4.04,2026-08-05,2026-08-05,2026-08-05T08:58:54.488904+00:00
DGS3MO,2022-10-19,4.07,2026-08-05,2026-08-05,2026-08-05T08:58:54.488904+00:00
DGS3MO,2022-10-20,4.09,2026-08-05,2026-08-05,2026-08-05T08:58:54.488904+00:00
DGS3MO,2022-10-21,4.09,2026-08-05,2026-08-05,2026-08-05T08:58:54.488904+00:00
DGS3MO,2022-10-24,4.16,2026-08-05,2026-08-05,2026-08-05T08:58:54.488904+00:00
DGS3MO,2022-10-25,4.14,2026-08-05,2026-08-05,2026-08-05T08:58:54.488904+00:00
DGS3MO,2022-10-26,4.11,2026-08-05,2026-08-05,2026-08-05T08:58:54.488904+00:00
DGS3MO,2022-10-27,4.13,2026-08-05,2026-08-05,2026-08-05T08:58:54.488904+00:00
DGS3MO,2022-10-28,4.18,2026-08-05,2026-08-05,2026-08-05T08:58:54.488904+00:00
DGS3MO,2022-10-31,4.22,2026-08-05,2026-08-05,2026-08-05T08:58:54.488904+00:00
DGS3MO,2022-11-01,4.23,2026-08-05,2026-08-05,2026-08-05T08:58:54.488904+00:00
DGS3MO,2022-11-02,4.22,2026-08-05,2026-08-05,2026-08-05T08:58:54.488904+00:00
DGS3MO,2022-11-03,4.25,2026-08-05,2026-08-05,2026-08-05T08:58:54.488904+00:00
DGS3MO,2022-11-04,4.21,2026-08-05,2026-08-05,2026-08-05T08:58:54.488904+00:00
DGS3MO,2022-11-07,4.29,2026-08-05,2026-08-05,2026-08-05T08:58:54.488904+00:00
DGS3MO,2022-11-08,4.28,2026-08-05,2026-08-05,2026-08-05T08:58:54.488904+00:00
DGS3MO,2022-11-09,4.29,2026-08-05,2026-08-05,2026-08-05T08:58:54.488904+00:00
DGS3MO,2022-11-10,4.28,2026-08-05,2026-08-05,2026-08-05T08:58:54.488904+00:00
DGS3MO,2022-11-11,.,2026-08-05,2026-08-05,2026-08-05T08:58:54.488904+00:00
DGS3MO,2022-11-14,4.34,2026-08-05,2026-08-05,2026-08-05T08:58:54.488904+00:00
DGS3MO,2022-11-15,4.31,2026-08-05,2026-08-05,2026-08-05T08:58:54.488904+00:00
DGS3MO,2022-11-16,4.32,2026-08-05,2026-08-05,2026-08-05T08:58:54.488904+00:00
DGS3MO,2022-11-17,4.32,2026-08-05,2026-08-05,2026-08-05T08:58:54.488904+00:00
DGS3MO,2022-11-18,4.34,2026-08-05,2026-08-05,2026-08-05T08:58:54.488904+00:00
DGS3MO,2022-11-21,4.41,2026-08-05,2026-08-05,2026-08-05T08:58:54.488904+00:00
DGS3MO,2022-11-22,4.40,2026-08-05,2026-08-05,2026-08-05T08:58:54.488904+00:00
DGS3MO,2022-11-23,4.40,2026-08-05,2026-08-05,2026-08-05T08:58:54.488904+00:00
DGS3MO,2022-11-24,.,2026-08-05,2026-08-05,2026-08-05T08:58:54.488904+00:00
DGS3MO,2022-11-25,4.41,2026-08-05,2026-08-05,2026-08-05T08:58:54.488904+00:00
DGS3MO,2022-11-28,4.41,2026-08-05,2026-08-05,2026-08-05T08:58:54.488904+00:00
DGS3MO,2022-11-29,4.38,2026-08-05,2026-08-05,2026-08-05T08:58:54.488904+00:00
DGS3MO,2022-11-30,4.37,2026-08-05,2026-08-05,2026-08-05T08:58:54.488904+00:00
DGS3MO,2022-12-01,4.33,2026-08-05,2026-08-05,2026-08-05T08:58:54.488904+00:00
DGS3MO,2022-12-02,4.34,2026-08-05,2026-08-05,2026-08-05T08:58:54.488904+00:00
DGS3MO,2022-12-05,4.36,2026-08-05,2026-08-05,2026-08-05T08:58:54.488904+00:00
DGS3MO,2022-12-06,4.37,2026-08-05,2026-08-05,2026-08-05T08:58:54.488904+00:00
DGS3MO,2022-12-07,4.29,2026-08-05,2026-08-05,2026-08-05T08:58:54.488904+00:00
DGS3MO,2022-12-08,4.28,2026-08-05,2026-08-05,2026-08-05T08:58:54.488904+00:00
DGS3MO,2022-12-09,4.31,2026-08-05,2026-08-05,2026-08-05T08:58:54.488904+00:00
DGS3MO,2022-12-12,4.38,2026-08-05,2026-08-05,2026-08-05T08:58:54.488904+00:00
DGS3MO,2022-12-13,4.35,2026-08-05,2026-08-05,2026-08-05T08:58:54.488904+00:00
DGS3MO,2022-12-14,4.33,2026-08-05,2026-08-05,2026-08-05T08:58:54.488904+00:00
DGS3MO,2022-12-15,4.34,2026-08-05,2026-08-05,2026-08-05T08:58:54.488904+00:00
DGS3MO,2022-12-16,4.31,2026-08-05,2026-08-05,2026-08-05T08:58:54.488904+00:00
DGS3MO,2022-12-19,4.37,2026-08-05,2026-08-05,2026-08-05T08:58:54.488904+00:00
DGS3MO,2022-12-20,4.35,2026-08-05,2026-08-05,2026-08-05T08:58:54.488904+00:00
DGS3MO,2022-12-21,4.33,2026-08-05,2026-08-05,2026-08-05T08:58:54.488904+00:00
DGS3MO,2022-12-22,4.35,2026-08-05,2026-08-05,2026-08-05T08:58:54.488904+00:00
DGS3MO,2022-12-23,4.34,2026-08-05,2026-08-05,2026-08-05T08:58:54.488904+00:00
DGS3MO,2022-12-26,.,2026-08-05,2026-08-05,2026-08-05T08:58:54.488904+00:00
DGS3MO,2022-12-27,4.46,2026-08-05,2026-08-05,2026-08-05T08:58:54.488904+00:00
DGS3MO,2022-12-28,4.46,2026-08-05,2026-08-05,2026-08-05T08:58:54.488904+00:00
DGS3MO,2022-12-29,4.45,2026-08-05,2026-08-05,2026-08-05T08:58:54.488904+00:00
DGS3MO,2022-12-30,4.42,2026-08-05,2026-08-05,2026-08-05T08:58:54.488904+00:00
DGS3MO,2023-01-02,.,2026-08-05,2026-08-05,2026-08-05T08:58:54.488904+00:00
DGS3MO,2023-01-03,4.53,2026-08-05,2026-08-05,2026-08-05T08:58:54.488904+00:00
DGS3MO,2023-01-04,4.55,2026-08-05,2026-08-05,2026-08-05T08:58:54.488904+00:00
DGS3MO,2023-01-05,4.66,2026-08-05,2026-08-05,2026-08-05T08:58:54.488904+00:00
DGS3MO,2023-01-06,4.67,2026-08-05,2026-08-05,2026-08-05T08:58:54.488904+00:00
DGS3MO,2023-01-09,4.70,2026-08-05,2026-08-05,2026-08-05T08:58:54.488904+00:00
DGS3MO,2023-01-10,4.73,2026-08-05,2026-08-05,2026-08-05T08:58:54.488904+00:00
DGS3MO,2023-01-11,4.72,2026-08-05,2026-08-05,2026-08-05T08:58:54.488904+00:00
DGS3MO,2023-01-12,4.66,2026-08-05,2026-08-05,2026-08-05T08:58:54.488904+00:00
DGS3MO,2023-01-13,4.67,2026-08-05,2026-08-05,2026-08-05T08:58:54.488904+00:00
DGS3MO,2023-01-16,.,2026-08-05,2026-08-05,2026-08-05T08:58:54.488904+00:00
DGS3MO,2023-01-17,4.71,2026-08-05,2026-08-05,2026-08-05T08:58:54.488904+00:00
DGS3MO,2023-01-18,4.69,2026-08-05,2026-08-05,2026-08-05T08:58:54.488904+00:00
DGS3MO,2023-01-19,4.71,2026-08-05,2026-08-05,2026-08-05T08:58:54.488904+00:00
DGS3MO,2023-01-20,4.72,2026-08-05,2026-08-05,2026-08-05T08:58:54.488904+00:00
DGS3MO,2023-01-23,4.73,2026-08-05,2026-08-05,2026-08-05T08:58:54.488904+00:00
DGS3MO,2023-01-24,4.72,2026-08-05,2026-08-05,2026-08-05T08:58:54.488904+00:00
DGS3MO,2023-01-25,4.72,2026-08-05,2026-08-05,2026-08-05T08:58:54.488904+00:00
DGS3MO,2023-01-26,4.71,2026-08-05,2026-08-05,2026-08-05T08:58:54.488904+00:00
DGS3MO,2023-01-27,4.73,2026-08-05,2026-08-05,2026-08-05T08:58:54.488904+00:00
DGS3MO,2023-01-30,4.72,2026-08-05,2026-08-05,2026-08-05T08:58:54.488904+00:00
DGS3MO,2023-01-31,4.70,2026-08-05,2026-08-05,2026-08-05T08:58:54.488904+00:00
DGS3MO,2023-02-01,4.66,2026-08-05,2026-08-05,2026-08-05T08:58:54.488904+00:00
DGS3MO,2023-02-02,4.66,2026-08-05,2026-08-05,2026-08-05T08:58:54.488904+00:00
DGS3MO,2023-02-03,4.70,2026-08-05,2026-08-05,2026-08-05T08:58:54.488904+00:00
DGS3MO,2023-02-06,4.71,2026-08-05,2026-08-05,2026-08-05T08:58:54.488904+00:00
DGS3MO,2023-02-07,4.71,2026-08-05,2026-08-05,2026-08-05T08:58:54.488904+00:00
DGS3MO,2023-02-08,4.72,2026-08-05,2026-08-05,2026-08-05T08:58:54.488904+00:00
DGS3MO,2023-02-09,4.77,2026-08-05,2026-08-05,2026-08-05T08:58:54.488904+00:00
DGS3MO,2023-02-10,4.79,2026-08-05,2026-08-05,2026-08-05T08:58:54.488904+00:00
DGS3MO,2023-02-13,4.81,2026-08-05,2026-08-05,2026-08-05T08:58:54.488904+00:00
DGS3MO,2023-02-14,4.80,2026-08-05,2026-08-05,2026-08-05T08:58:54.488904+00:00
DGS3MO,2023-02-15,4.79,2026-08-05,2026-08-05,2026-08-05T08:58:54.488904+00:00
DGS3MO,2023-02-16,4.84,2026-08-05,2026-08-05,2026-08-05T08:58:54.488904+00:00
DGS3MO,2023-02-17,4.84,2026-08-05,2026-08-05,2026-08-05T08:58:54.488904+00:00
DGS3MO,2023-02-20,.,2026-08-05,2026-08-05,2026-08-05T08:58:54.488904+00:00
DGS3MO,2023-02-21,4.86,2026-08-05,2026-08-05,2026-08-05T08:58:54.488904+00:00
DGS3MO,2023-02-22,4.84,2026-08-05,2026-08-05,2026-08-05T08:58:54.488904+00:00
DGS3MO,2023-02-23,4.84,2026-08-05,2026-08-05,2026-08-05T08:58:54.488904+00:00
DGS3MO,2023-02-24,4.86,2026-08-05,2026-08-05,2026-08-05T08:58:54.488904+00:00
DGS3MO,2023-02-27,4.89,2026-08-05,2026-08-05,2026-08-05T08:58:54.488904+00:00
DGS3MO,2023-02-28,4.88,2026-08-05,2026-08-05,2026-08-05T08:58:54.488904+00:00
DGS3MO,2023-03-01,4.90,2026-08-05,2026-08-05,2026-08-05T08:58:54.488904+00:00
DGS3MO,2023-03-02,4.91,2026-08-05,2026-08-05,2026-08-05T08:58:54.488904+00:00
DGS3MO,2023-03-03,4.91,2026-08-05,2026-08-05,2026-08-05T08:58:54.488904+00:00
DGS3MO,2023-03-06,4.93,2026-08-05,2026-08-05,2026-08-05T08:58:54.488904+00:00
DGS3MO,2023-03-07,5.04,2026-08-05,2026-08-05,2026-08-05T08:58:54.488904+00:00
DGS3MO,2023-03-08,5.06,2026-08-05,2026-08-05,2026-08-05T08:58:54.488904+00:00
DGS3MO,2023-03-09,5.05,2026-08-05,2026-08-05,2026-08-05T08:58:54.488904+00:00
DGS3MO,2023-03-10,5.01,2026-08-05,2026-08-05,2026-08-05T08:58:54.488904+00:00
DGS3MO,2023-03-13,4.87,2026-08-05,2026-08-05,2026-08-05T08:58:54.488904+00:00
DGS3MO,2023-03-14,4.88,2026-08-05,2026-08-05,2026-08-05T08:58:54.488904+00:00
DGS3MO,2023-03-15,4.75,2026-08-05,2026-08-05,2026-08-05T08:58:54.488904+00:00
DGS3MO,2023-03-16,4.74,2026-08-05,2026-08-05,2026-08-05T08:58:54.488904+00:00
DGS3MO,2023-03-17,4.52,2026-08-05,2026-08-05,2026-08-05T08:58:54.488904+00:00
DGS3MO,2023-03-20,4.81,2026-08-05,2026-08-05,2026-08-05T08:58:54.488904+00:00
DGS3MO,2023-03-21,4.78,2026-08-05,2026-08-05,2026-08-05T08:58:54.488904+00:00
DGS3MO,2023-03-22,4.79,2026-08-05,2026-08-05,2026-08-05T08:58:54.488904+00:00
DGS3MO,2023-03-23,4.73,2026-08-05,2026-08-05,2026-08-05T08:58:54.488904+00:00
DGS3MO,2023-03-24,4.74,2026-08-05,2026-08-05,2026-08-05T08:58:54.488904+00:00
DGS3MO,2023-03-27,4.91,2026-08-05,2026-08-05,2026-08-05T08:58:54.488904+00:00
DGS3MO,2023-03-28,4.80,2026-08-05,2026-08-05,2026-08-05T08:58:54.488904+00:00
DGS3MO,2023-03-29,4.80,2026-08-05,2026-08-05,2026-08-05T08:58:54.488904+00:00
DGS3MO,2023-03-30,4.97,2026-08-05,2026-08-05,2026-08-05T08:58:54.488904+00:00
DGS3MO,2023-03-31,4.85,2026-08-05,2026-08-05,2026-08-05T08:58:54.488904+00:00
DGS3MO,2023-04-03,4.90,2026-08-05,2026-08-05,2026-08-05T08:58:54.488904+00:00
DGS3MO,2023-04-04,4.88,2026-08-05,2026-08-05,2026-08-05T08:58:54.488904+00:00
DGS3MO,2023-04-05,4.86,2026-08-05,2026-08-05,2026-08-05T08:58:54.488904+00:00
DGS3MO,2023-04-06,4.91,2026-08-05,2026-08-05,2026-08-05T08:58:54.488904+00:00
DGS3MO,2023-04-07,4.95,2026-08-05,2026-08-05,2026-08-05T08:58:54.488904+00:00
DGS3MO,2023-04-10,5.08,2026-08-05,2026-08-05,2026-08-05T08:58:54.488904+00:00
DGS3MO,2023-04-11,5.04,2026-08-05,2026-08-05,2026-08-05T08:58:54.488904+00:00
DGS3MO,2023-04-12,5.02,2026-08-05,2026-08-05,2026-08-05T08:58:54.488904+00:00
DGS3MO,2023-04-13,5.10,2026-08-05,2026-08-05,2026-08-05T08:58:54.488904+00:00
DGS3MO,2023-04-14,5.14,2026-08-05,2026-08-05,2026-08-05T08:58:54.488904+00:00
DGS3MO,2023-04-17,5.21,2026-08-05,2026-08-05,2026-08-05T08:58:54.488904+00:00
DGS3MO,2023-04-18,5.20,2026-08-05,2026-08-05,2026-08-05T08:58:54.488904+00:00
DGS3MO,2023-04-19,5.16,2026-08-05,2026-08-05,2026-08-05T08:58:54.488904+00:00
DGS3MO,2023-04-20,5.12,2026-08-05,2026-08-05,2026-08-05T08:58:54.488904+00:00
DGS3MO,2023-04-21,5.14,2026-08-05,2026-08-05,2026-08-05T08:58:54.488904+00:00
DGS3MO,2023-04-24,5.20,2026-08-05,2026-08-05,2026-08-05T08:58:54.488904+00:00
DGS3MO,2023-04-25,5.12,2026-08-05,2026-08-05,2026-08-05T08:58:54.488904+00:00
DGS3MO,2023-04-26,5.16,2026-08-05,2026-08-05,2026-08-05T08:58:54.488904+00:00
DGS3MO,2023-04-27,5.18,2026-08-05,2026-08-05,2026-08-05T08:58:54.488904+00:00
DGS3MO,2023-04-28,5.10,2026-08-05,2026-08-05,2026-08-05T08:58:54.488904+00:00
DGS3MO,2023-05-01,5.27,2026-08-05,2026-08-05,2026-08-05T08:58:54.488904+00:00
DGS3MO,2023-05-02,5.24,2026-08-05,2026-08-05,2026-08-05T08:58:54.488904+00:00
DGS3MO,2023-05-03,5.26,2026-08-05,2026-08-05,2026-08-05T08:58:54.488904+00:00
DGS3MO,2023-05-04,5.26,2026-08-05,2026-08-05,2026-08-05T08:58:54.488904+00:00
DGS3MO,2023-05-05,5.26,2026-08-05,2026-08-05,2026-08-05T08:58:54.488904+00:00
DGS3MO,2023-05-08,5.31,2026-08-05,2026-08-05,2026-08-05T08:58:54.488904+00:00
DGS3MO,2023-05-09,5.29,2026-08-05,2026-08-05,2026-08-05T08:58:54.488904+00:00
DGS3MO,2023-05-10,5.24,2026-08-05,2026-08-05,2026-08-05T08:58:54.488904+00:00
DGS3MO,2023-05-11,5.20,2026-08-05,2026-08-05,2026-08-05T08:58:54.488904+00:00
DGS3MO,2023-05-12,5.25,2026-08-05,2026-08-05,2026-08-05T08:58:54.488904+00:00
DGS3MO,2023-05-15,5.21,2026-08-05,2026-08-05,2026-08-05T08:58:54.488904+00:00
DGS3MO,2023-05-16,5.23,2026-08-05,2026-08-05,2026-08-05T08:58:54.488904+00:00
DGS3MO,2023-05-17,5.26,2026-08-05,2026-08-05,2026-08-05T08:58:54.488904+00:00
DGS3MO,2023-05-18,5.31,2026-08-05,2026-08-05,2026-08-05T08:58:54.488904+00:00
DGS3MO,2023-05-19,5.29,2026-08-05,2026-08-05,2026-08-05T08:58:54.488904+00:00
DGS3MO,2023-05-22,5.40,2026-08-05,2026-08-05,2026-08-05T08:58:54.488904+00:00
DGS3MO,2023-05-23,5.34,2026-08-05,2026-08-05,2026-08-05T08:58:54.488904+00:00
DGS3MO,2023-05-24,5.37,2026-08-05,2026-08-05,2026-08-05T08:58:54.488904+00:00
DGS3MO,2023-05-25,5.38,2026-08-05,2026-08-05,2026-08-05T08:58:54.488904+00:00
DGS3MO,2023-05-26,5.34,2026-08-05,2026-08-05,2026-08-05T08:58:54.488904+00:00
DGS3MO,2023-05-29,.,2026-08-05,2026-08-05,2026-08-05T08:58:54.488904+00:00
DGS3MO,2023-05-30,5.55,2026-08-05,2026-08-05,2026-08-05T08:58:54.488904+00:00
DGS3MO,2023-05-31,5.52,2026-08-05,2026-08-05,2026-08-05T08:58:54.488904+00:00
DGS3MO,2023-06-01,5.50,2026-08-05,2026-08-05,2026-08-05T08:58:54.488904+00:00
DGS3MO,2023-06-02,5.50,2026-08-05,2026-08-05,2026-08-05T08:58:54.488904+00:00
DGS3MO,2023-06-05,5.46,2026-08-05,2026-08-05,2026-08-05T08:58:54.488904+00:00
DGS3MO,2023-06-06,5.44,2026-08-05,2026-08-05,2026-08-05T08:58:54.488904+00:00
DGS3MO,2023-06-07,5.42,2026-08-05,2026-08-05,2026-08-05T08:58:54.488904+00:00
DGS3MO,2023-06-08,5.38,2026-08-05,2026-08-05,2026-08-05T08:58:54.488904+00:00
DGS3MO,2023-06-09,5.37,2026-08-05,2026-08-05,2026-08-05T08:58:54.488904+00:00
DGS3MO,2023-06-12,5.40,2026-08-05,2026-08-05,2026-08-05T08:58:54.488904+00:00
DGS3MO,2023-06-13,5.36,2026-08-05,2026-08-05,2026-08-05T08:58:54.488904+00:00
DGS3MO,2023-06-14,5.36,2026-08-05,2026-08-05,2026-08-05T08:58:54.488904+00:00
DGS3MO,2023-06-15,5.33,2026-08-05,2026-08-05,2026-08-05T08:58:54.488904+00:00
DGS3MO,2023-06-16,5.34,2026-08-05,2026-08-05,2026-08-05T08:58:54.488904+00:00
DGS3MO,2023-06-19,.,2026-08-05,2026-08-05,2026-08-05T08:58:54.488904+00:00
DGS3MO,2023-06-20,5.39,2026-08-05,2026-08-05,2026-08-05T08:58:54.488904+00:00
DGS3MO,2023-06-21,5.40,2026-08-05,2026-08-05,2026-08-05T08:58:54.488904+00:00
DGS3MO,2023-06-22,5.40,2026-08-05,2026-08-05,2026-08-05T08:58:54.488904+00:00
DGS3MO,2023-06-23,5.41,2026-08-05,2026-08-05,2026-08-05T08:58:54.488904+00:00
DGS3MO,2023-06-26,5.50,2026-08-05,2026-08-05,2026-08-05T08:58:54.488904+00:00
DGS3MO,2023-06-27,5.44,2026-08-05,2026-08-05,2026-08-05T08:58:54.488904+00:00
DGS3MO,2023-06-28,5.44,2026-08-05,2026-08-05,2026-08-05T08:58:54.488904+00:00
DGS3MO,2023-06-29,5.46,2026-08-05,2026-08-05,2026-08-05T08:58:54.488904+00:00
DGS3MO,2023-06-30,5.43,2026-08-05,2026-08-05,2026-08-05T08:58:54.488904+00:00
DGS3MO,2023-07-03,5.44,2026-08-05,2026-08-05,2026-08-05T08:58:54.488904+00:00
DGS3MO,2023-07-04,.,2026-08-05,2026-08-05,2026-08-05T08:58:54.488904+00:00
DGS3MO,2023-07-05,5.44,2026-08-05,2026-08-05,2026-08-05T08:58:54.488904+00:00
DGS3MO,2023-07-06,5.46,2026-08-05,2026-08-05,2026-08-05T08:58:54.488904+00:00
DGS3MO,2023-07-07,5.46,2026-08-05,2026-08-05,2026-08-05T08:58:54.488904+00:00
DGS3MO,2023-07-10,5.48,2026-08-05,2026-08-05,2026-08-05T08:58:54.488904+00:00
DGS3MO,2023-07-11,5.49,2026-08-05,2026-08-05,2026-08-05T08:58:54.488904+00:00
DGS3MO,2023-07-12,5.47,2026-08-05,2026-08-05,2026-08-05T08:58:54.488904+00:00
DGS3MO,2023-07-13,5.47,2026-08-05,2026-08-05,2026-08-05T08:58:54.488904+00:00
DGS3MO,2023-07-14,5.49,2026-08-05,2026-08-05,2026-08-05T08:58:54.488904+00:00
DGS3MO,2023-07-17,5.49,2026-08-05,2026-08-05,2026-08-05T08:58:54.488904+00:00
DGS3MO,2023-07-18,5.49,2026-08-05,2026-08-05,2026-08-05T08:58:54.488904+00:00
DGS3MO,2023-07-19,5.49,2026-08-05,2026-08-05,2026-08-05T08:58:54.488904+00:00
DGS3MO,2023-07-20,5.49,2026-08-05,2026-08-05,2026-08-05T08:58:54.488904+00:00
DGS3MO,2023-07-21,5.50,2026-08-05,2026-08-05,2026-08-05T08:58:54.488904+00:00
DGS3MO,2023-07-24,5.51,2026-08-05,2026-08-05,2026-08-05T08:58:54.488904+00:00
DGS3MO,2023-07-25,5.51,2026-08-05,2026-08-05,2026-08-05T08:58:54.488904+00:00
DGS3MO,2023-07-26,5.51,2026-08-05,2026-08-05,2026-08-05T08:58:54.488904+00:00
DGS3MO,2023-07-27,5.51,2026-08-05,2026-08-05,2026-08-05T08:58:54.488904+00:00
DGS3MO,2023-07-28,5.52,2026-08-05,2026-08-05,2026-08-05T08:58:54.488904+00:00
DGS3MO,2023-07-31,5.55,2026-08-05,2026-08-05,2026-08-05T08:58:54.488904+00:00
DGS3MO,2023-08-01,5.54,2026-08-05,2026-08-05,2026-08-05T08:58:54.488904+00:00
DGS3MO,2023-08-02,5.53,2026-08-05,2026-08-05,2026-08-05T08:58:54.488904+00:00
DGS3MO,2023-08-03,5.54,2026-08-05,2026-08-05,2026-08-05T08:58:54.488904+00:00
DGS3MO,2023-08-04,5.54,2026-08-05,2026-08-05,2026-08-05T08:58:54.488904+00:00
DGS3MO,2023-08-07,5.56,2026-08-05,2026-08-05,2026-08-05T08:58:54.488904+00:00
DGS3MO,2023-08-08,5.57,2026-08-05,2026-08-05,2026-08-05T08:58:54.488904+00:00
DGS3MO,2023-08-09,5.55,2026-08-05,2026-08-05,2026-08-05T08:58:54.488904+00:00
DGS3MO,2023-08-10,5.54,2026-08-05,2026-08-05,2026-08-05T08:58:54.488904+00:00
DGS3MO,2023-08-11,5.54,2026-08-05,2026-08-05,2026-08-05T08:58:54.488904+00:00
DGS3MO,2023-08-14,5.56,2026-08-05,2026-08-05,2026-08-05T08:58:54.488904+00:00
DGS3MO,2023-08-15,5.56,2026-08-05,2026-08-05,2026-08-05T08:58:54.488904+00:00
DGS3MO,2023-08-16,5.56,2026-08-05,2026-08-05,2026-08-05T08:58:54.488904+00:00
DGS3MO,2023-08-17,5.56,2026-08-05,2026-08-05,2026-08-05T08:58:54.488904+00:00
DGS3MO,2023-08-18,5.55,2026-08-05,2026-08-05,2026-08-05T08:58:54.488904+00:00
DGS3MO,2023-08-21,5.57,2026-08-05,2026-08-05,2026-08-05T08:58:54.488904+00:00
DGS3MO,2023-08-22,5.57,2026-08-05,2026-08-05,2026-08-05T08:58:54.488904+00:00
DGS3MO,2023-08-23,5.57,2026-08-05,2026-08-05,2026-08-05T08:58:54.488904+00:00
DGS3MO,2023-08-24,5.58,2026-08-05,2026-08-05,2026-08-05T08:58:54.488904+00:00
DGS3MO,2023-08-25,5.61,2026-08-05,2026-08-05,2026-08-05T08:58:54.488904+00:00
DGS3MO,2023-08-28,5.58,2026-08-05,2026-08-05,2026-08-05T08:58:54.488904+00:00
DGS3MO,2023-08-29,5.56,2026-08-05,2026-08-05,2026-08-05T08:58:54.488904+00:00
DGS3MO,2023-08-30,5.56,2026-08-05,2026-08-05,2026-08-05T08:58:54.488904+00:00
DGS3MO,2023-08-31,5.56,2026-08-05,2026-08-05,2026-08-05T08:58:54.488904+00:00
DGS3MO,2023-09-01,5.53,2026-08-05,2026-08-05,2026-08-05T08:58:54.488904+00:00
DGS3MO,2023-09-04,.,2026-08-05,2026-08-05,2026-08-05T08:58:54.488904+00:00
DGS3MO,2023-09-05,5.55,2026-08-05,2026-08-05,2026-08-05T08:58:54.488904+00:00
DGS3MO,2023-09-06,5.55,2026-08-05,2026-08-05,2026-08-05T08:58:54.488904+00:00
DGS3MO,2023-09-07,5.53,2026-08-05,2026-08-05,2026-08-05T08:58:54.488904+00:00
DGS3MO,2023-09-08,5.55,2026-08-05,2026-08-05,2026-08-05T08:58:54.488904+00:00
DGS3MO,2023-09-11,5.55,2026-08-05,2026-08-05,2026-08-05T08:58:54.488904+00:00
DGS3MO,2023-09-12,5.56,2026-08-05,2026-08-05,2026-08-05T08:58:54.488904+00:00
DGS3MO,2023-09-13,5.55,2026-08-05,2026-08-05,2026-08-05T08:58:54.488904+00:00
DGS3MO,2023-09-14,5.55,2026-08-05,2026-08-05,2026-08-05T08:58:54.488904+00:00
DGS3MO,2023-09-15,5.56,2026-08-05,2026-08-05,2026-08-05T08:58:54.488904+00:00
DGS3MO,2023-09-18,5.55,2026-08-05,2026-08-05,2026-08-05T08:58:54.488904+00:00
DGS3MO,2023-09-19,5.54,2026-08-05,2026-08-05,2026-08-05T08:58:54.488904+00:00
DGS3MO,2023-09-20,5.56,2026-08-05,2026-08-05,2026-08-05T08:58:54.488904+00:00
DGS3MO,2023-09-21,5.57,2026-08-05,2026-08-05,2026-08-05T08:58:54.488904+00:00
DGS3MO,2023-09-22,5.56,2026-08-05,2026-08-05,2026-08-05T08:58:54.488904+00:00
DGS3MO,2023-09-25,5.58,2026-08-05,2026-08-05,2026-08-05T08:58:54.488904+00:00
DGS3MO,2023-09-26,5.58,2026-08-05,2026-08-05,2026-08-05T08:58:54.488904+00:00
DGS3MO,2023-09-27,5.58,2026-08-05,2026-08-05,2026-08-05T08:58:54.488904+00:00
DGS3MO,2023-09-28,5.56,2026-08-05,2026-08-05,2026-08-05T08:58:54.488904+00:00
DGS3MO,2023-09-29,5.55,2026-08-05,2026-08-05,2026-08-05T08:58:54.488904+00:00
DGS3MO,2023-10-02,5.62,2026-08-05,2026-08-05,2026-08-05T08:58:54.488904+00:00
DGS3MO,2023-10-03,5.62,2026-08-05,2026-08-05,2026-08-05T08:58:54.488904+00:00
DGS3MO,2023-10-04,5.61,2026-08-05,2026-08-05,2026-08-05T08:58:54.488904+00:00
DGS3MO,2023-10-05,5.61,2026-08-05,2026-08-05,2026-08-05T08:58:54.488904+00:00
DGS3MO,2023-10-06,5.63,2026-08-05,2026-08-05,2026-08-05T08:58:54.488904+00:00
DGS3MO,2023-10-09,.,2026-08-05,2026-08-05,2026-08-05T08:58:54.488904+00:00
DGS3MO,2023-10-10,5.61,2026-08-05,2026-08-05,2026-08-05T08:58:54.488904+00:00
DGS3MO,2023-10-11,5.61,2026-08-05,2026-08-05,2026-08-05T08:58:54.488904+00:00
DGS3MO,2023-10-12,5.63,2026-08-05,2026-08-05,2026-08-05T08:58:54.488904+00:00
DGS3MO,2023-10-13,5.62,2026-08-05,2026-08-05,2026-08-05T08:58:54.488904+00:00
DGS3MO,2023-10-16,5.61,2026-08-05,2026-08-05,2026-08-05T08:58:54.488904+00:00
DGS3MO,2023-10-17,5.62,2026-08-05,2026-08-05,2026-08-05T08:58:54.488904+00:00
DGS3MO,2023-10-18,5.61,2026-08-05,2026-08-05,2026-08-05T08:58:54.488904+00:00
DGS3MO,2023-10-19,5.60,2026-08-05,2026-08-05,2026-08-05T08:58:54.488904+00:00
DGS3MO,2023-10-20,5.58,2026-08-05,2026-08-05,2026-08-05T08:58:54.488904+00:00
DGS3MO,2023-10-23,5.58,2026-08-05,2026-08-05,2026-08-05T08:58:54.488904+00:00
DGS3MO,2023-10-24,5.58,2026-08-05,2026-08-05,2026-08-05T08:58:54.488904+00:00
DGS3MO,2023-10-25,5.59,2026-08-05,2026-08-05,2026-08-05T08:58:54.488904+00:00
DGS3MO,2023-10-26,5.59,2026-08-05,2026-08-05,2026-08-05T08:58:54.488904+00:00
DGS3MO,2023-10-27,5.59,2026-08-05,2026-08-05,2026-08-05T08:58:54.488904+00:00
DGS3MO,2023-10-30,5.60,2026-08-05,2026-08-05,2026-08-05T08:58:54.488904+00:00
DGS3MO,2023-10-31,5.59,2026-08-05,2026-08-05,2026-08-05T08:58:54.488904+00:00
DGS3MO,2023-11-01,5.57,2026-08-05,2026-08-05,2026-08-05T08:58:54.488904+00:00
DGS3MO,2023-11-02,5.54,2026-08-05,2026-08-05,2026-08-05T08:58:54.488904+00:00
DGS3MO,2023-11-03,5.53,2026-08-05,2026-08-05,2026-08-05T08:58:54.488904+00:00
DGS3MO,2023-11-06,5.56,2026-08-05,2026-08-05,2026-08-05T08:58:54.488904+00:00
DGS3MO,2023-11-07,5.55,2026-08-05,2026-08-05,2026-08-05T08:58:54.488904+00:00
DGS3MO,2023-11-08,5.54,2026-08-05,2026-08-05,2026-08-05T08:58:54.488904+00:00
DGS3MO,2023-11-09,5.54,2026-08-05,2026-08-05,2026-08-05T08:58:54.488904+00:00
DGS3MO,2023-11-10,5.53,2026-08-05,2026-08-05,2026-08-05T08:58:54.488904+00:00
DGS3MO,2023-11-13,5.55,2026-08-05,2026-08-05,2026-08-05T08:58:54.488904+00:00
DGS3MO,2023-11-14,5.52,2026-08-05,2026-08-05,2026-08-05T08:58:54.488904+00:00
DGS3MO,2023-11-15,5.53,2026-08-05,2026-08-05,2026-08-05T08:58:54.488904+00:00
DGS3MO,2023-11-16,5.51,2026-08-05,2026-08-05,2026-08-05T08:58:54.488904+00:00
DGS3MO,2023-11-17,5.50,2026-08-05,2026-08-05,2026-08-05T08:58:54.488904+00:00
DGS3MO,2023-11-20,5.54,2026-08-05,2026-08-05,2026-08-05T08:58:54.488904+00:00
DGS3MO,2023-11-21,5.53,2026-08-05,2026-08-05,2026-08-05T08:58:54.488904+00:00
DGS3MO,2023-11-22,5.54,2026-08-05,2026-08-05,2026-08-05T08:58:54.488904+00:00
DGS3MO,2023-11-23,.,2026-08-05,2026-08-05,2026-08-05T08:58:54.488904+00:00
DGS3MO,2023-11-24,5.54,2026-08-05,2026-08-05,2026-08-05T08:58:54.488904+00:00
DGS3MO,2023-11-27,5.49,2026-08-05,2026-08-05,2026-08-05T08:58:54.488904+00:00
DGS3MO,2023-11-28,5.47,2026-08-05,2026-08-05,2026-08-05T08:58:54.488904+00:00
DGS3MO,2023-11-29,5.45,2026-08-05,2026-08-05,2026-08-05T08:58:54.488904+00:00
DGS3MO,2023-11-30,5.45,2026-08-05,2026-08-05,2026-08-05T08:58:54.488904+00:00
DGS3MO,2023-12-01,5.43,2026-08-05,2026-08-05,2026-08-05T08:58:54.488904+00:00
DGS3MO,2023-12-04,5.46,2026-08-05,2026-08-05,2026-08-05T08:58:54.488904+00:00
DGS3MO,2023-12-05,5.45,2026-08-05,2026-08-05,2026-08-05T08:58:54.488904+00:00
DGS3MO,2023-12-06,5.45,2026-08-05,2026-08-05,2026-08-05T08:58:54.488904+00:00
DGS3MO,2023-12-07,5.44,2026-08-05,2026-08-05,2026-08-05T08:58:54.488904+00:00
DGS3MO,2023-12-08,5.44,2026-08-05,2026-08-05,2026-08-05T08:58:54.488904+00:00
DGS3MO,2023-12-11,5.47,2026-08-05,2026-08-05,2026-08-05T08:58:54.488904+00:00
DGS3MO,2023-12-12,5.46,2026-08-05,2026-08-05,2026-08-05T08:58:54.488904+00:00
DGS3MO,2023-12-13,5.44,2026-08-05,2026-08-05,2026-08-05T08:58:54.488904+00:00
DGS3MO,2023-12-14,5.43,2026-08-05,2026-08-05,2026-08-05T08:58:54.488904+00:00
DGS3MO,2023-12-15,5.44,2026-08-05,2026-08-05,2026-08-05T08:58:54.488904+00:00
DGS3MO,2023-12-18,5.46,2026-08-05,2026-08-05,2026-08-05T08:58:54.488904+00:00
DGS3MO,2023-12-19,5.43,2026-08-05,2026-08-05,2026-08-05T08:58:54.488904+00:00
DGS3MO,2023-12-20,5.44,2026-08-05,2026-08-05,2026-08-05T08:58:54.488904+00:00
DGS3MO,2023-12-21,5.42,2026-08-05,2026-08-05,2026-08-05T08:58:54.488904+00:00
DGS3MO,2023-12-22,5.44,2026-08-05,2026-08-05,2026-08-05T08:58:54.488904+00:00
DGS3MO,2023-12-25,.,2026-08-05,2026-08-05,2026-08-05T08:58:54.488904+00:00
DGS3MO,2023-12-26,5.45,2026-08-05,2026-08-05,2026-08-05T08:58:54.488904+00:00
DGS3MO,2023-12-27,5.44,2026-08-05,2026-08-05,2026-08-05T08:58:54.488904+00:00
DGS3MO,2023-12-28,5.45,2026-08-05,2026-08-05,2026-08-05T08:58:54.488904+00:00
DGS3MO,2023-12-29,5.40,2026-08-05,2026-08-05,2026-08-05T08:58:54.488904+00:00
DGS3MO,2024-01-01,.,2026-08-05,2026-08-05,2026-08-05T08:58:54.488904+00:00
DGS3MO,2024-01-02,5.46,2026-08-05,2026-08-05,2026-08-05T08:58:54.488904+00:00
DGS3MO,2024-01-03,5.48,2026-08-05,2026-08-05,2026-08-05T08:58:54.488904+00:00
DGS3MO,2024-01-04,5.48,2026-08-05,2026-08-05,2026-08-05T08:58:54.488904+00:00
DGS3MO,2024-01-05,5.47,2026-08-05,2026-08-05,2026-08-05T08:58:54.488904+00:00
DGS3MO,2024-01-08,5.49,2026-08-05,2026-08-05,2026-08-05T08:58:54.488904+00:00
DGS3MO,2024-01-09,5.47,2026-08-05,2026-08-05,2026-08-05T08:58:54.488904+00:00
DGS3MO,2024-01-10,5.46,2026-08-05,2026-08-05,2026-08-05T08:58:54.488904+00:00
DGS3MO,2024-01-11,5.46,2026-08-05,2026-08-05,2026-08-05T08:58:54.488904+00:00
DGS3MO,2024-01-12,5.45,2026-08-05,2026-08-05,2026-08-05T08:58:54.488904+00:00
DGS3MO,2024-01-15,.,2026-08-05,2026-08-05,2026-08-05T08:58:54.488904+00:00
DGS3MO,2024-01-16,5.45,2026-08-05,2026-08-05,2026-08-05T08:58:54.488904+00:00
DGS3MO,2024-01-17,5.47,2026-08-05,2026-08-05,2026-08-05T08:58:54.488904+00:00
DGS3MO,2024-01-18,5.45,2026-08-05,2026-08-05,2026-08-05T08:58:54.488904+00:00
DGS3MO,2024-01-19,5.45,2026-08-05,2026-08-05,2026-08-05T08:58:54.488904+00:00
DGS3MO,2024-01-22,5.46,2026-08-05,2026-08-05,2026-08-05T08:58:54.488904+00:00
DGS3MO,2024-01-23,5.45,2026-08-05,2026-08-05,2026-08-05T08:58:54.488904+00:00
DGS3MO,2024-01-24,5.44,2026-08-05,2026-08-05,2026-08-05T08:58:54.488904+00:00
DGS3MO,2024-01-25,5.44,2026-08-05,2026-08-05,2026-08-05T08:58:54.488904+00:00
DGS3MO,2024-01-26,5.44,2026-08-05,2026-08-05,2026-08-05T08:58:54.488904+00:00
DGS3MO,2024-01-29,5.42,2026-08-05,2026-08-05,2026-08-05T08:58:54.488904+00:00
DGS3MO,2024-01-30,5.42,2026-08-05,2026-08-05,2026-08-05T08:58:54.488904+00:00
DGS3MO,2024-01-31,5.42,2026-08-05,2026-08-05,2026-08-05T08:58:54.488904+00:00
DGS3MO,2024-02-01,5.42,2026-08-05,2026-08-05,2026-08-05T08:58:54.488904+00:00
DGS3MO,2024-02-02,5.43,2026-08-05,2026-08-05,2026-08-05T08:58:54.488904+00:00
DGS3MO,2024-02-05,5.42,2026-08-05,2026-08-05,2026-08-05T08:58:54.488904+00:00
DGS3MO,2024-02-06,5.44,2026-08-05,2026-08-05,2026-08-05T08:58:54.488904+00:00
DGS3MO,2024-02-07,5.43,2026-08-05,2026-08-05,2026-08-05T08:58:54.488904+00:00
DGS3MO,2024-02-08,5.44,2026-08-05,2026-08-05,2026-08-05T08:58:54.488904+00:00
DGS3MO,2024-02-09,5.44,2026-08-05,2026-08-05,2026-08-05T08:58:54.488904+00:00
DGS3MO,2024-02-12,5.43,2026-08-05,2026-08-05,2026-08-05T08:58:54.488904+00:00
DGS3MO,2024-02-13,5.45,2026-08-05,2026-08-05,2026-08-05T08:58:54.488904+00:00
DGS3MO,2024-02-14,5.43,2026-08-05,2026-08-05,2026-08-05T08:58:54.488904+00:00
DGS3MO,2024-02-15,5.43,2026-08-05,2026-08-05,2026-08-05T08:58:54.488904+00:00
DGS3MO,2024-02-16,5.44,2026-08-05,2026-08-05,2026-08-05T08:58:54.488904+00:00
DGS3MO,2024-02-19,.,2026-08-05,2026-08-05,2026-08-05T08:58:54.488904+00:00
DGS3MO,2024-02-20,5.44,2026-08-05,2026-08-05,2026-08-05T08:58:54.488904+00:00
DGS3MO,2024-02-21,5.44,2026-08-05,2026-08-05,2026-08-05T08:58:54.488904+00:00
DGS3MO,2024-02-22,5.45,2026-08-05,2026-08-05,2026-08-05T08:58:54.488904+00:00
DGS3MO,2024-02-23,5.46,2026-08-05,2026-08-05,2026-08-05T08:58:54.488904+00:00
DGS3MO,2024-02-26,5.47,2026-08-05,2026-08-05,2026-08-05T08:58:54.488904+00:00
DGS3MO,2024-02-27,5.45,2026-08-05,2026-08-05,2026-08-05T08:58:54.488904+00:00
DGS3MO,2024-02-28,5.45,2026-08-05,2026-08-05,2026-08-05T08:58:54.488904+00:00
DGS3MO,2024-02-29,5.45,2026-08-05,2026-08-05,2026-08-05T08:58:54.488904+00:00
DGS3MO,2024-03-01,5.42,2026-08-05,2026-08-05,2026-08-05T08:58:54.488904+00:00
DGS3MO,2024-03-04,5.48,2026-08-05,2026-08-05,2026-08-05T08:58:54.488904+00:00
DGS3MO,2024-03-05,5.47,2026-08-05,2026-08-05,2026-08-05T08:58:54.488904+00:00
DGS3MO,2024-03-06,5.47,2026-08-05,2026-08-05,2026-08-05T08:58:54.488904+00:00
DGS3MO,2024-03-07,5.47,2026-08-05,2026-08-05,2026-08-05T08:58:54.488904+00:00
DGS3MO,2024-03-08,5.46,2026-08-05,2026-08-05,2026-08-05T08:58:54.488904+00:00
DGS3MO,2024-03-11,5.48,2026-08-05,2026-08-05,2026-08-05T08:58:54.488904+00:00
DGS3MO,2024-03-12,5.48,2026-08-05,2026-08-05,2026-08-05T08:58:54.488904+00:00
DGS3MO,2024-03-13,5.48,2026-08-05,2026-08-05,2026-08-05T08:58:54.488904+00:00
DGS3MO,2024-03-14,5.48,2026-08-05,2026-08-05,2026-08-05T08:58:54.488904+00:00
DGS3MO,2024-03-15,5.48,2026-08-05,2026-08-05,2026-08-05T08:58:54.488904+00:00
DGS3MO,2024-03-18,5.48,2026-08-05,2026-08-05,2026-08-05T08:58:54.488904+00:00
DGS3MO,2024-03-19,5.48,2026-08-05,2026-08-05,2026-08-05T08:58:54.488904+00:00
DGS3MO,2024-03-20,5.47,2026-08-05,2026-08-05,2026-08-05T08:58:54.488904+00:00
DGS3MO,2024-03-21,5.48,2026-08-05,2026-08-05,2026-08-05T08:58:54.488904+00:00
DGS3MO,2024-03-22,5.46,2026-08-05,2026-08-05,2026-08-05T08:58:54.488904+00:00
DGS3MO,2024-03-25,5.46,2026-08-05,2026-08-05,2026-08-05T08:58:54.488904+00:00
DGS3MO,2024-03-26,5.46,2026-08-05,2026-08-05,2026-08-05T08:58:54.488904+00:00
DGS3MO,2024-03-27,5.45,2026-08-05,2026-08-05,2026-08-05T08:58:54.488904+00:00
DGS3MO,2024-03-28,5.46,2026-08-05,2026-08-05,2026-08-05T08:58:54.488904+00:00
DGS3MO,2024-03-29,.,2026-08-05,2026-08-05,2026-08-05T08:58:54.488904+00:00
DGS3MO,2024-04-01,5.44,2026-08-05,2026-08-05,2026-08-05T08:58:54.488904+00:00
DGS3MO,2024-04-02,5.42,2026-08-05,2026-08-05,2026-08-05T08:58:54.488904+00:00
DGS3MO,2024-04-03,5.42,2026-08-05,2026-08-05,2026-08-05T08:58:54.488904+00:00
DGS3MO,2024-04-04,5.41,2026-08-05,2026-08-05,2026-08-05T08:58:54.488904+00:00
DGS3MO,2024-04-05,5.43,2026-08-05,2026-08-05,2026-08-05T08:58:54.488904+00:00
DGS3MO,2024-04-08,5.43,2026-08-05,2026-08-05,2026-08-05T08:58:54.488904+00:00
DGS3MO,2024-04-09,5.43,2026-08-05,2026-08-05,2026-08-05T08:58:54.488904+00:00
DGS3MO,2024-04-10,5.45,2026-08-05,2026-08-05,2026-08-05T08:58:54.488904+00:00
DGS3MO,2024-04-11,5.45,2026-08-05,2026-08-05,2026-08-05T08:58:54.488904+00:00
DGS3MO,2024-04-12,5.45,2026-08-05,2026-08-05,2026-08-05T08:58:54.488904+00:00
DGS3MO,2024-04-15,5.45,2026-08-05,2026-08-05,2026-08-05T08:58:54.488904+00:00
DGS3MO,2024-04-16,5.45,2026-08-05,2026-08-05,2026-08-05T08:58:54.488904+00:00
DGS3MO,2024-04-17,5.45,2026-08-05,2026-08-05,2026-08-05T08:58:54.488904+00:00
DGS3MO,2024-04-18,5.46,2026-08-05,2026-08-05,2026-08-05T08:58:54.488904+00:00
DGS3MO,2024-04-19,5.45,2026-08-05,2026-08-05,2026-08-05T08:58:54.488904+00:00
DGS3MO,2024-04-22,5.42,2026-08-05,2026-08-05,2026-08-05T08:58:54.488904+00:00
DGS3MO,2024-04-23,5.45,2026-08-05,2026-08-05,2026-08-05T08:58:54.488904+00:00
DGS3MO,2024-04-24,5.46,2026-08-05,2026-08-05,2026-08-05T08:58:54.488904+00:00
DGS3MO,2024-04-25,5.47,2026-08-05,2026-08-05,2026-08-05T08:58:54.488904+00:00
DGS3MO,2024-04-26,5.46,2026-08-05,2026-08-05,2026-08-05T08:58:54.488904+00:00
DGS3MO,2024-04-29,5.45,2026-08-05,2026-08-05,2026-08-05T08:58:54.488904+00:00
DGS3MO,2024-04-30,5.46,2026-08-05,2026-08-05,2026-08-05T08:58:54.488904+00:00
DGS3MO,2024-05-01,5.46,2026-08-05,2026-08-05,2026-08-05T08:58:54.488904+00:00
DGS3MO,2024-05-02,5.46,2026-08-05,2026-08-05,2026-08-05T08:58:54.488904+00:00
DGS3MO,2024-05-03,5.45,2026-08-05,2026-08-05,2026-08-05T08:58:54.488904+00:00
DGS3MO,2024-05-06,5.45,2026-08-05,2026-08-05,2026-08-05T08:58:54.488904+00:00
DGS3MO,2024-05-07,5.45,2026-08-05,2026-08-05,2026-08-05T08:58:54.488904+00:00
DGS3MO,2024-05-08,5.45,2026-08-05,2026-08-05,2026-08-05T08:58:54.488904+00:00
DGS3MO,2024-05-09,5.46,2026-08-05,2026-08-05,2026-08-05T08:58:54.488904+00:00
DGS3MO,2024-05-10,5.47,2026-08-05,2026-08-05,2026-08-05T08:58:54.488904+00:00
DGS3MO,2024-05-13,5.45,2026-08-05,2026-08-05,2026-08-05T08:58:54.488904+00:00
DGS3MO,2024-05-14,5.44,2026-08-05,2026-08-05,2026-08-05T08:58:54.488904+00:00
DGS3MO,2024-05-15,5.45,2026-08-05,2026-08-05,2026-08-05T08:58:54.488904+00:00
DGS3MO,2024-05-16,5.45,2026-08-05,2026-08-05,2026-08-05T08:58:54.488904+00:00
DGS3MO,2024-05-17,5.46,2026-08-05,2026-08-05,2026-08-05T08:58:54.488904+00:00
DGS3MO,2024-05-20,5.45,2026-08-05,2026-08-05,2026-08-05T08:58:54.488904+00:00
DGS3MO,2024-05-21,5.45,2026-08-05,2026-08-05,2026-08-05T08:58:54.488904+00:00
DGS3MO,2024-05-22,5.45,2026-08-05,2026-08-05,2026-08-05T08:58:54.488904+00:00
DGS3MO,2024-05-23,5.46,2026-08-05,2026-08-05,2026-08-05T08:58:54.488904+00:00
DGS3MO,2024-05-24,5.46,2026-08-05,2026-08-05,2026-08-05T08:58:54.488904+00:00
DGS3MO,2024-05-27,.,2026-08-05,2026-08-05,2026-08-05T08:58:54.488904+00:00
DGS3MO,2024-05-28,5.46,2026-08-05,2026-08-05,2026-08-05T08:58:54.488904+00:00
DGS3MO,2024-05-29,5.46,2026-08-05,2026-08-05,2026-08-05T08:58:54.488904+00:00
DGS3MO,2024-05-30,5.46,2026-08-05,2026-08-05,2026-08-05T08:58:54.488904+00:00
DGS3MO,2024-05-31,5.46,2026-08-05,2026-08-05,2026-08-05T08:58:54.488904+00:00
DGS3MO,2024-06-03,5.52,2026-08-05,2026-08-05,2026-08-05T08:58:54.488904+00:00
DGS3MO,2024-06-04,5.52,2026-08-05,2026-08-05,2026-08-05T08:58:54.488904+00:00
DGS3MO,2024-06-05,5.51,2026-08-05,2026-08-05,2026-08-05T08:58:54.488904+00:00
DGS3MO,2024-06-06,5.51,2026-08-05,2026-08-05,2026-08-05T08:58:54.488904+00:00
DGS3MO,2024-06-07,5.52,2026-08-05,2026-08-05,2026-08-05T08:58:54.488904+00:00
DGS3MO,2024-06-10,5.52,2026-08-05,2026-08-05,2026-08-05T08:58:54.488904+00:00
DGS3MO,2024-06-11,5.52,2026-08-05,2026-08-05,2026-08-05T08:58:54.488904+00:00
DGS3MO,2024-06-12,5.51,2026-08-05,2026-08-05,2026-08-05T08:58:54.488904+00:00
DGS3MO,2024-06-13,5.51,2026-08-05,2026-08-05,2026-08-05T08:58:54.488904+00:00
DGS3MO,2024-06-14,5.51,2026-08-05,2026-08-05,2026-08-05T08:58:54.488904+00:00
DGS3MO,2024-06-17,5.52,2026-08-05,2026-08-05,2026-08-05T08:58:54.488904+00:00
DGS3MO,2024-06-18,5.5,2026-08-05,2026-08-05,2026-08-05T08:58:54.488904+00:00
DGS3MO,2024-06-19,.,2026-08-05,2026-08-05,2026-08-05T08:58:54.488904+00:00
DGS3MO,2024-06-20,5.5,2026-08-05,2026-08-05,2026-08-05T08:58:54.488904+00:00
DGS3MO,2024-06-21,5.49,2026-08-05,2026-08-05,2026-08-05T08:58:54.488904+00:00
DGS3MO,2024-06-24,5.5,2026-08-05,2026-08-05,2026-08-05T08:58:54.488904+00:00
DGS3MO,2024-06-25,5.49,2026-08-05,2026-08-05,2026-08-05T08:58:54.488904+00:00
DGS3MO,2024-06-26,5.5,2026-08-05,2026-08-05,2026-08-05T08:58:54.488904+00:00
DGS3MO,2024-06-27,5.49,2026-08-05,2026-08-05,2026-08-05T08:58:54.488904+00:00
DGS3MO,2024-06-28,5.48,2026-08-05,2026-08-05,2026-08-05T08:58:54.488904+00:00
DGS3MO,2024-07-01,5.47,2026-08-05,2026-08-05,2026-08-05T08:58:54.488904+00:00
DGS3MO,2024-07-02,5.47,2026-08-05,2026-08-05,2026-08-05T08:58:54.488904+00:00
DGS3MO,2024-07-03,5.47,2026-08-05,2026-08-05,2026-08-05T08:58:54.488904+00:00
DGS3MO,2024-07-04,.,2026-08-05,2026-08-05,2026-08-05T08:58:54.488904+00:00
DGS3MO,2024-07-05,5.46,2026-08-05,2026-08-05,2026-08-05T08:58:54.488904+00:00
DGS3MO,2024-07-08,5.46,2026-08-05,2026-08-05,2026-08-05T08:58:54.488904+00:00
DGS3MO,2024-07-09,5.46,2026-08-05,2026-08-05,2026-08-05T08:58:54.488904+00:00
DGS3MO,2024-07-10,5.46,2026-08-05,2026-08-05,2026-08-05T08:58:54.488904+00:00
DGS3MO,2024-07-11,5.44,2026-08-05,2026-08-05,2026-08-05T08:58:54.488904+00:00
DGS3MO,2024-07-12,5.43,2026-08-05,2026-08-05,2026-08-05T08:58:54.488904+00:00
DGS3MO,2024-07-15,5.43,2026-08-05,2026-08-05,2026-08-05T08:58:54.488904+00:00
DGS3MO,2024-07-16,5.43,2026-08-05,2026-08-05,2026-08-05T08:58:54.488904+00:00
DGS3MO,2024-07-17,5.43,2026-08-05,2026-08-05,2026-08-05T08:58:54.488904+00:00
DGS3MO,2024-07-18,5.43,2026-08-05,2026-08-05,2026-08-05T08:58:54.488904+00:00
DGS3MO,2024-07-19,5.43,2026-08-05,2026-08-05,2026-08-05T08:58:54.488904+00:00
DGS3MO,2024-07-22,5.43,2026-08-05,2026-08-05,2026-08-05T08:58:54.488904+00:00
DGS3MO,2024-07-23,5.41,2026-08-05,2026-08-05,2026-08-05T08:58:54.488904+00:00
DGS3MO,2024-07-24,5.4,2026-08-05,2026-08-05,2026-08-05T08:58:54.488904+00:00
DGS3MO,2024-07-25,5.39,2026-08-05,2026-08-05,2026-08-05T08:58:54.488904+00:00
DGS3MO,2024-07-26,5.38,2026-08-05,2026-08-05,2026-08-05T08:58:54.488904+00:00
DGS3MO,2024-07-29,5.41,2026-08-05,2026-08-05,2026-08-05T08:58:54.488904+00:00
DGS3MO,2024-07-30,5.4,2026-08-05,2026-08-05,2026-08-05T08:58:54.488904+00:00
DGS3MO,2024-07-31,5.41,2026-08-05,2026-08-05,2026-08-05T08:58:54.488904+00:00
DGS3MO,2024-08-01,5.37,2026-08-05,2026-08-05,2026-08-05T08:58:54.488904+00:00
DGS3MO,2024-08-02,5.29,2026-08-05,2026-08-05,2026-08-05T08:58:54.488904+00:00
DGS3MO,2024-08-05,5.35,2026-08-05,2026-08-05,2026-08-05T08:58:54.488904+00:00
DGS3MO,2024-08-06,5.34,2026-08-05,2026-08-05,2026-08-05T08:58:54.488904+00:00
DGS3MO,2024-08-07,5.34,2026-08-05,2026-08-05,2026-08-05T08:58:54.488904+00:00
DGS3MO,2024-08-08,5.34,2026-08-05,2026-08-05,2026-08-05T08:58:54.488904+00:00
DGS3MO,2024-08-09,5.33,2026-08-05,2026-08-05,2026-08-05T08:58:54.488904+00:00
DGS3MO,2024-08-12,5.33,2026-08-05,2026-08-05,2026-08-05T08:58:54.488904+00:00
DGS3MO,2024-08-13,5.32,2026-08-05,2026-08-05,2026-08-05T08:58:54.488904+00:00
DGS3MO,2024-08-14,5.32,2026-08-05,2026-08-05,2026-08-05T08:58:54.488904+00:00
DGS3MO,2024-08-15,5.34,2026-08-05,2026-08-05,2026-08-05T08:58:54.488904+00:00
DGS3MO,2024-08-16,5.33,2026-08-05,2026-08-05,2026-08-05T08:58:54.488904+00:00
DGS3MO,2024-08-19,5.31,2026-08-05,2026-08-05,2026-08-05T08:58:54.488904+00:00
DGS3MO,2024-08-20,5.29,2026-08-05,2026-08-05,2026-08-05T08:58:54.488904+00:00
DGS3MO,2024-08-21,5.26,2026-08-05,2026-08-05,2026-08-05T08:58:54.488904+00:00
DGS3MO,2024-08-22,5.28,2026-08-05,2026-08-05,2026-08-05T08:58:54.488904+00:00
DGS3MO,2024-08-23,5.25,2026-08-05,2026-08-05,2026-08-05T08:58:54.488904+00:00
DGS3MO,2024-08-26,5.24,2026-08-05,2026-08-05,2026-08-05T08:58:54.488904+00:00
DGS3MO,2024-08-27,5.23,2026-08-05,2026-08-05,2026-08-05T08:58:54.488904+00:00
DGS3MO,2024-08-28,5.21,2026-08-05,2026-08-05,2026-08-05T08:58:54.488904+00:00
DGS3MO,2024-08-29,5.22,2026-08-05,2026-08-05,2026-08-05T08:58:54.488904+00:00
DGS3MO,2024-08-30,5.21,2026-08-05,2026-08-05,2026-08-05T08:58:54.488904+00:00
DGS3MO,2024-09-02,.,2026-08-05,2026-08-05,2026-08-05T08:58:54.488904+00:00
DGS3MO,2024-09-03,5.19,2026-08-05,2026-08-05,2026-08-05T08:58:54.488904+00:00
DGS3MO,2024-09-04,5.18,2026-08-05,2026-08-05,2026-08-05T08:58:54.488904+00:00
DGS3MO,2024-09-05,5.15,2026-08-05,2026-08-05,2026-08-05T08:58:54.488904+00:00
DGS3MO,2024-09-06,5.13,2026-08-05,2026-08-05,2026-08-05T08:58:54.488904+00:00
DGS3MO,2024-09-09,5.11,2026-08-05,2026-08-05,2026-08-05T08:58:54.488904+00:00
DGS3MO,2024-09-10,5.06,2026-08-05,2026-08-05,2026-08-05T08:58:54.488904+00:00
DGS3MO,2024-09-11,5.1,2026-08-05,2026-08-05,2026-08-05T08:58:54.488904+00:00
DGS3MO,2024-09-12,5.06,2026-08-05,2026-08-05,2026-08-05T08:58:54.488904+00:00
DGS3MO,2024-09-13,4.97,2026-08-05,2026-08-05,2026-08-05T08:58:54.488904+00:00
DGS3MO,2024-09-16,4.96,2026-08-05,2026-08-05,2026-08-05T08:58:54.488904+00:00
DGS3MO,2024-09-17,4.95,2026-08-05,2026-08-05,2026-08-05T08:58:54.488904+00:00
DGS3MO,2024-09-18,4.84,2026-08-05,2026-08-05,2026-08-05T08:58:54.488904+00:00
DGS3MO,2024-09-19,4.8,2026-08-05,2026-08-05,2026-08-05T08:58:54.488904+00:00
DGS3MO,2024-09-20,4.75,2026-08-05,2026-08-05,2026-08-05T08:58:54.488904+00:00
DGS3MO,2024-09-23,4.72,2026-08-05,2026-08-05,2026-08-05T08:58:54.488904+00:00
DGS3MO,2024-09-24,4.69,2026-08-05,2026-08-05,2026-08-05T08:58:54.488904+00:00
DGS3MO,2024-09-25,4.69,2026-08-05,2026-08-05,2026-08-05T08:58:54.488904+00:00
DGS3MO,2024-09-26,4.68,2026-08-05,2026-08-05,2026-08-05T08:58:54.488904+00:00
DGS3MO,2024-09-27,4.68,2026-08-05,2026-08-05,2026-08-05T08:58:54.488904+00:00
DGS3MO,2024-09-30,4.73,2026-08-05,2026-08-05,2026-08-05T08:58:54.488904+00:00
DGS3MO,2024-10-01,4.71,2026-08-05,2026-08-05,2026-08-05T08:58:54.488904+00:00
DGS3MO,2024-10-02,4.69,2026-08-05,2026-08-05,2026-08-05T08:58:54.488904+00:00
DGS3MO,2024-10-03,4.68,2026-08-05,2026-08-05,2026-08-05T08:58:54.488904+00:00
DGS3MO,2024-10-04,4.73,2026-08-05,2026-08-05,2026-08-05T08:58:54.488904+00:00
DGS3MO,2024-10-07,4.77,2026-08-05,2026-08-05,2026-08-05T08:58:54.488904+00:00
DGS3MO,2024-10-08,4.75,2026-08-05,2026-08-05,2026-08-05T08:58:54.488904+00:00
DGS3MO,2024-10-09,4.75,2026-08-05,2026-08-05,2026-08-05T08:58:54.488904+00:00
DGS3MO,2024-10-10,4.75,2026-08-05,2026-08-05,2026-08-05T08:58:54.488904+00:00
DGS3MO,2024-10-11,4.73,2026-08-05,2026-08-05,2026-08-05T08:58:54.488904+00:00
DGS3MO,2024-10-14,.,2026-08-05,2026-08-05,2026-08-05T08:58:54.488904+00:00
DGS3MO,2024-10-15,4.73,2026-08-05,2026-08-05,2026-08-05T08:58:54.488904+00:00
DGS3MO,2024-10-16,4.72,2026-08-05,2026-08-05,2026-08-05T08:58:54.488904+00:00
DGS3MO,2024-10-17,4.74,2026-08-05,2026-08-05,2026-08-05T08:58:54.488904+00:00
DGS3MO,2024-10-18,4.73,2026-08-05,2026-08-05,2026-08-05T08:58:54.488904+00:00
DGS3MO,2024-10-21,4.73,2026-08-05,2026-08-05,2026-08-05T08:58:54.488904+00:00
DGS3MO,2024-10-22,4.72,2026-08-05,2026-08-05,2026-08-05T08:58:54.488904+00:00
DGS3MO,2024-10-23,4.73,2026-08-05,2026-08-05,2026-08-05T08:58:54.488904+00:00
DGS3MO,2024-10-24,4.7,2026-08-05,2026-08-05,2026-08-05T08:58:54.488904+00:00
DGS3MO,2024-10-25,4.73,2026-08-05,2026-08-05,2026-08-05T08:58:54.488904+00:00
DGS3MO,2024-10-28,4.7,2026-08-05,2026-08-05,2026-08-05T08:58:54.488904+00:00
DGS3MO,2024-10-29,4.7,2026-08-05,2026-08-05,2026-08-05T08:58:54.488904+00:00
DGS3MO,2024-10-30,4.67,2026-08-05,2026-08-05,2026-08-05T08:58:54.488904+00:00
DGS3MO,2024-10-31,4.64,2026-08-05,2026-08-05,2026-08-05T08:58:54.488904+00:00
DGS3MO,2024-11-01,4.61,2026-08-05,2026-08-05,2026-08-05T08:58:54.488904+00:00
DGS3MO,2024-11-04,4.65,2026-08-05,2026-08-05,2026-08-05T08:58:54.488904+00:00
DGS3MO,2024-11-05,4.64,2026-08-05,2026-08-05,2026-08-05T08:58:54.488904+00:00
DGS3MO,2024-11-06,4.64,2026-08-05,2026-08-05,2026-08-05T08:58:54.488904+00:00
DGS3MO,2024-11-07,4.63,2026-08-05,2026-08-05,2026-08-05T08:58:54.488904+00:00
DGS3MO,2024-11-08,4.63,2026-08-05,2026-08-05,2026-08-05T08:58:54.488904+00:00
DGS3MO,2024-11-11,.,2026-08-05,2026-08-05,2026-08-05T08:58:54.488904+00:00
DGS3MO,2024-11-12,4.63,2026-08-05,2026-08-05,2026-08-05T08:58:54.488904+00:00
DGS3MO,2024-11-13,4.6,2026-08-05,2026-08-05,2026-08-05T08:58:54.488904+00:00
DGS3MO,2024-11-14,4.61,2026-08-05,2026-08-05,2026-08-05T08:58:54.488904+00:00
DGS3MO,2024-11-15,4.6,2026-08-05,2026-08-05,2026-08-05T08:58:54.488904+00:00
DGS3MO,2024-11-18,4.63,2026-08-05,2026-08-05,2026-08-05T08:58:54.488904+00:00
DGS3MO,2024-11-19,4.62,2026-08-05,2026-08-05,2026-08-05T08:58:54.488904+00:00
DGS3MO,2024-11-20,4.62,2026-08-05,2026-08-05,2026-08-05T08:58:54.488904+00:00
DGS3MO,2024-11-21,4.63,2026-08-05,2026-08-05,2026-08-05T08:58:54.488904+00:00
DGS3MO,2024-11-22,4.63,2026-08-05,2026-08-05,2026-08-05T08:58:54.488904+00:00
DGS3MO,2024-11-25,4.62,2026-08-05,2026-08-05,2026-08-05T08:58:54.488904+00:00
DGS3MO,2024-11-26,4.61,2026-08-05,2026-08-05,2026-08-05T08:58:54.488904+00:00
DGS3MO,2024-11-27,4.6,2026-08-05,2026-08-05,2026-08-05T08:58:54.488904+00:00
DGS3MO,2024-11-28,.,2026-08-05,2026-08-05,2026-08-05T08:58:54.488904+00:00
DGS3MO,2024-11-29,4.58,2026-08-05,2026-08-05,2026-08-05T08:58:54.488904+00:00
DGS3MO,2024-12-02,4.51,2026-08-05,2026-08-05,2026-08-05T08:58:54.488904+00:00
DGS3MO,2024-12-03,4.49,2026-08-05,2026-08-05,2026-08-05T08:58:54.488904+00:00
DGS3MO,2024-12-04,4.47,2026-08-05,2026-08-05,2026-08-05T08:58:54.488904+00:00
DGS3MO,2024-12-05,4.46,2026-08-05,2026-08-05,2026-08-05T08:58:54.488904+00:00
DGS3MO,2024-12-06,4.42,2026-08-05,2026-08-05,2026-08-05T08:58:54.488904+00:00
DGS3MO,2024-12-09,4.42,2026-08-05,2026-08-05,2026-08-05T08:58:54.488904+00:00
DGS3MO,2024-12-10,4.41,2026-08-05,2026-08-05,2026-08-05T08:58:54.488904+00:00
DGS3MO,2024-12-11,4.38,2026-08-05,2026-08-05,2026-08-05T08:58:54.488904+00:00
DGS3MO,2024-12-12,4.35,2026-08-05,2026-08-05,2026-08-05T08:58:54.488904+00:00
DGS3MO,2024-12-13,4.34,2026-08-05,2026-08-05,2026-08-05T08:58:54.488904+00:00
DGS3MO,2024-12-16,4.37,2026-08-05,2026-08-05,2026-08-05T08:58:54.488904+00:00
DGS3MO,2024-12-17,4.38,2026-08-05,2026-08-05,2026-08-05T08:58:54.488904+00:00
DGS3MO,2024-12-18,4.36,2026-08-05,2026-08-05,2026-08-05T08:58:54.488904+00:00
DGS3MO,2024-12-19,4.35,2026-08-05,2026-08-05,2026-08-05T08:58:54.488904+00:00
DGS3MO,2024-12-20,4.34,2026-08-05,2026-08-05,2026-08-05T08:58:54.488904+00:00
DGS3MO,2024-12-23,4.36,2026-08-05,2026-08-05,2026-08-05T08:58:54.488904+00:00
DGS3MO,2024-12-24,4.4,2026-08-05,2026-08-05,2026-08-05T08:58:54.488904+00:00
DGS3MO,2024-12-25,.,2026-08-05,2026-08-05,2026-08-05T08:58:54.488904+00:00
DGS3MO,2024-12-26,4.35,2026-08-05,2026-08-05,2026-08-05T08:58:54.488904+00:00
DGS3MO,2024-12-27,4.31,2026-08-05,2026-08-05,2026-08-05T08:58:54.488904+00:00
DGS3MO,2024-12-30,4.37,2026-08-05,2026-08-05,2026-08-05T08:58:54.488904+00:00
DGS3MO,2024-12-31,4.37,2026-08-05,2026-08-05,2026-08-05T08:58:54.488904+00:00
DGS3MO,2025-01-01,.,2026-08-05,2026-08-05,2026-08-05T08:58:54.488904+00:00
DGS3MO,2025-01-02,4.36,2026-08-05,2026-08-05,2026-08-05T08:58:54.488904+00:00
DGS3MO,2025-01-03,4.34,2026-08-05,2026-08-05,2026-08-05T08:58:54.488904+00:00
DGS3MO,2025-01-06,4.35,2026-08-05,2026-08-05,2026-08-05T08:58:54.488904+00:00
DGS3MO,2025-01-07,4.35,2026-08-05,2026-08-05,2026-08-05T08:58:54.488904+00:00
DGS3MO,2025-01-08,4.35,2026-08-05,2026-08-05,2026-08-05T08:58:54.488904+00:00
DGS3MO,2025-01-09,4.35,2026-08-05,2026-08-05,2026-08-05T08:58:54.488904+00:00
DGS3MO,2025-01-10,4.36,2026-08-05,2026-08-05,2026-08-05T08:58:54.488904+00:00
DGS3MO,2025-01-13,4.37,2026-08-05,2026-08-05,2026-08-05T08:58:54.488904+00:00
DGS3MO,2025-01-14,4.36,2026-08-05,2026-08-05,2026-08-05T08:58:54.488904+00:00
DGS3MO,2025-01-15,4.35,2026-08-05,2026-08-05,2026-08-05T08:58:54.488904+00:00
DGS3MO,2025-01-16,4.34,2026-08-05,2026-08-05,2026-08-05T08:58:54.488904+00:00
DGS3MO,2025-01-17,4.34,2026-08-05,2026-08-05,2026-08-05T08:58:54.488904+00:00
DGS3MO,2025-01-20,.,2026-08-05,2026-08-05,2026-08-05T08:58:54.488904+00:00
DGS3MO,2025-01-21,4.36,2026-08-05,2026-08-05,2026-08-05T08:58:54.488904+00:00
DGS3MO,2025-01-22,4.36,2026-08-05,2026-08-05,2026-08-05T08:58:54.488904+00:00
DGS3MO,2025-01-23,4.36,2026-08-05,2026-08-05,2026-08-05T08:58:54.488904+00:00
DGS3MO,2025-01-24,4.35,2026-08-05,2026-08-05,2026-08-05T08:58:54.488904+00:00
DGS3MO,2025-01-27,4.32,2026-08-05,2026-08-05,2026-08-05T08:58:54.488904+00:00
DGS3MO,2025-01-28,4.31,2026-08-05,2026-08-05,2026-08-05T08:58:54.488904+00:00
DGS3MO,2025-01-29,4.31,2026-08-05,2026-08-05,2026-08-05T08:58:54.488904+00:00
DGS3MO,2025-01-30,4.3,2026-08-05,2026-08-05,2026-08-05T08:58:54.488904+00:00
DGS3MO,2025-01-31,4.31,2026-08-05,2026-08-05,2026-08-05T08:58:54.488904+00:00
DGS3MO,2025-02-03,4.34,2026-08-05,2026-08-05,2026-08-05T08:58:54.488904+00:00
DGS3MO,2025-02-04,4.33,2026-08-05,2026-08-05,2026-08-05T08:58:54.488904+00:00
DGS3MO,2025-02-05,4.33,2026-08-05,2026-08-05,2026-08-05T08:58:54.488904+00:00
DGS3MO,2025-02-06,4.34,2026-08-05,2026-08-05,2026-08-05T08:58:54.488904+00:00
DGS3MO,2025-02-07,4.35,2026-08-05,2026-08-05,2026-08-05T08:58:54.488904+00:00
DGS3MO,2025-02-10,4.35,2026-08-05,2026-08-05,2026-08-05T08:58:54.488904+00:00
DGS3MO,2025-02-11,4.35,2026-08-05,2026-08-05,2026-08-05T08:58:54.488904+00:00
DGS3MO,2025-02-12,4.35,2026-08-05,2026-08-05,2026-08-05T08:58:54.488904+00:00
DGS3MO,2025-02-13,4.34,2026-08-05,2026-08-05,2026-08-05T08:58:54.488904+00:00
DGS3MO,2025-02-14,4.34,2026-08-05,2026-08-05,2026-08-05T08:58:54.488904+00:00
DGS3MO,2025-02-17,.,2026-08-05,2026-08-05,2026-08-05T08:58:54.488904+00:00
DGS3MO,2025-02-18,4.34,2026-08-05,2026-08-05,2026-08-05T08:58:54.488904+00:00
DGS3MO,2025-02-19,4.34,2026-08-05,2026-08-05,2026-08-05T08:58:54.488904+00:00
DGS3MO,2025-02-20,4.33,2026-08-05,2026-08-05,2026-08-05T08:58:54.488904+00:00
DGS3MO,2025-02-21,4.32,2026-08-05,2026-08-05,2026-08-05T08:58:54.488904+00:00
DGS3MO,2025-02-24,4.31,2026-08-05,2026-08-05,2026-08-05T08:58:54.488904+00:00
DGS3MO,2025-02-25,4.3,2026-08-05,2026-08-05,2026-08-05T08:58:54.488904+00:00
DGS3MO,2025-02-26,4.31,2026-08-05,2026-08-05,2026-08-05T08:58:54.488904+00:00
DGS3MO,2025-02-27,4.32,2026-08-05,2026-08-05,2026-08-05T08:58:54.488904+00:00
DGS3MO,2025-02-28,4.32,2026-08-05,2026-08-05,2026-08-05T08:58:54.488904+00:00
DGS3MO,2025-03-03,4.35,2026-08-05,2026-08-05,2026-08-05T08:58:54.488904+00:00
DGS3MO,2025-03-04,4.34,2026-08-05,2026-08-05,2026-08-05T08:58:54.488904+00:00
DGS3MO,2025-03-05,4.35,2026-08-05,2026-08-05,2026-08-05T08:58:54.488904+00:00
DGS3MO,2025-03-06,4.34,2026-08-05,2026-08-05,2026-08-05T08:58:54.488904+00:00
DGS3MO,2025-03-07,4.34,2026-08-05,2026-08-05,2026-08-05T08:58:54.488904+00:00
DGS3MO,2025-03-10,4.33,2026-08-05,2026-08-05,2026-08-05T08:58:54.488904+00:00
DGS3MO,2025-03-11,4.34,2026-08-05,2026-08-05,2026-08-05T08:58:54.488904+00:00
DGS3MO,2025-03-12,4.35,2026-08-05,2026-08-05,2026-08-05T08:58:54.488904+00:00
DGS3MO,2025-03-13,4.34,2026-08-05,2026-08-05,2026-08-05T08:58:54.488904+00:00
DGS3MO,2025-03-14,4.33,2026-08-05,2026-08-05,2026-08-05T08:58:54.488904+00:00
DGS3MO,2025-03-17,4.34,2026-08-05,2026-08-05,2026-08-05T08:58:54.488904+00:00
DGS3MO,2025-03-18,4.34,2026-08-05,2026-08-05,2026-08-05T08:58:54.488904+00:00
DGS3MO,2025-03-19,4.33,2026-08-05,2026-08-05,2026-08-05T08:58:54.488904+00:00
DGS3MO,2025-03-20,4.33,2026-08-05,2026-08-05,2026-08-05T08:58:54.488904+00:00
DGS3MO,2025-03-21,4.33,2026-08-05,2026-08-05,2026-08-05T08:58:54.488904+00:00
DGS3MO,2025-03-24,4.33,2026-08-05,2026-08-05,2026-08-05T08:58:54.488904+00:00
DGS3MO,2025-03-25,4.33,2026-08-05,2026-08-05,2026-08-05T08:58:54.488904+00:00
DGS3MO,2025-03-26,4.33,2026-08-05,2026-08-05,2026-08-05T08:58:54.488904+00:00
DGS3MO,2025-03-27,4.33,2026-08-05,2026-08-05,2026-08-05T08:58:54.488904+00:00
DGS3MO,2025-03-28,4.33,2026-08-05,2026-08-05,2026-08-05T08:58:54.488904+00:00
DGS3MO,2025-03-31,4.32,2026-08-05,2026-08-05,2026-08-05T08:58:54.488904+00:00
DGS3MO,2025-04-01,4.32,2026-08-05,2026-08-05,2026-08-05T08:58:54.488904+00:00
DGS3MO,2025-04-02,4.32,2026-08-05,2026-08-05,2026-08-05T08:58:54.488904+00:00
DGS3MO,2025-04-03,4.31,2026-08-05,2026-08-05,2026-08-05T08:58:54.488904+00:00
DGS3MO,2025-04-04,4.28,2026-08-05,2026-08-05,2026-08-05T08:58:54.488904+00:00
DGS3MO,2025-04-07,4.29,2026-08-05,2026-08-05,2026-08-05T08:58:54.488904+00:00
DGS3MO,2025-04-08,4.31,2026-08-05,2026-08-05,2026-08-05T08:58:54.488904+00:00
DGS3MO,2025-04-09,4.35,2026-08-05,2026-08-05,2026-08-05T08:58:54.488904+00:00
DGS3MO,2025-04-10,4.34,2026-08-05,2026-08-05,2026-08-05T08:58:54.488904+00:00
DGS3MO,2025-04-11,4.34,2026-08-05,2026-08-05,2026-08-05T08:58:54.488904+00:00
DGS3MO,2025-04-14,4.33,2026-08-05,2026-08-05,2026-08-05T08:58:54.488904+00:00
DGS3MO,2025-04-15,4.33,2026-08-05,2026-08-05,2026-08-05T08:58:54.488904+00:00
DGS3MO,2025-04-16,4.33,2026-08-05,2026-08-05,2026-08-05T08:58:54.488904+00:00
DGS3MO,2025-04-17,4.34,2026-08-05,2026-08-05,2026-08-05T08:58:54.488904+00:00
DGS3MO,2025-04-18,.,2026-08-05,2026-08-05,2026-08-05T08:58:54.488904+00:00
DGS3MO,2025-04-21,4.34,2026-08-05,2026-08-05,2026-08-05T08:58:54.488904+00:00
DGS3MO,2025-04-22,4.33,2026-08-05,2026-08-05,2026-08-05T08:58:54.488904+00:00
DGS3MO,2025-04-23,4.33,2026-08-05,2026-08-05,2026-08-05T08:58:54.488904+00:00
DGS3MO,2025-04-24,4.32,2026-08-05,2026-08-05,2026-08-05T08:58:54.488904+00:00
DGS3MO,2025-04-25,4.32,2026-08-05,2026-08-05,2026-08-05T08:58:54.488904+00:00
DGS3MO,2025-04-28,4.32,2026-08-05,2026-08-05,2026-08-05T08:58:54.488904+00:00
DGS3MO,2025-04-29,4.31,2026-08-05,2026-08-05,2026-08-05T08:58:54.488904+00:00
DGS3MO,2025-04-30,4.31,2026-08-05,2026-08-05,2026-08-05T08:58:54.488904+00:00
DGS3MO,2025-05-01,4.31,2026-08-05,2026-08-05,2026-08-05T08:58:54.488904+00:00
DGS3MO,2025-05-02,4.33,2026-08-05,2026-08-05,2026-08-05T08:58:54.488904+00:00
DGS3MO,2025-05-05,4.33,2026-08-05,2026-08-05,2026-08-05T08:58:54.488904+00:00
DGS3MO,2025-05-06,4.33,2026-08-05,2026-08-05,2026-08-05T08:58:54.488904+00:00
DGS3MO,2025-05-07,4.34,2026-08-05,2026-08-05,2026-08-05T08:58:54.488904+00:00
DGS3MO,2025-05-08,4.34,2026-08-05,2026-08-05,2026-08-05T08:58:54.488904+00:00
DGS3MO,2025-05-09,4.34,2026-08-05,2026-08-05,2026-08-05T08:58:54.488904+00:00
DGS3MO,2025-05-12,4.42,2026-08-05,2026-08-05,2026-08-05T08:58:54.488904+00:00
DGS3MO,2025-05-13,4.41,2026-08-05,2026-08-05,2026-08-05T08:58:54.488904+00:00
DGS3MO,2025-05-14,4.41,2026-08-05,2026-08-05,2026-08-05T08:58:54.488904+00:00
DGS3MO,2025-05-15,4.38,2026-08-05,2026-08-05,2026-08-05T08:58:54.488904+00:00
DGS3MO,2025-05-16,4.37,2026-08-05,2026-08-05,2026-08-05T08:58:54.488904+00:00
DGS3MO,2025-05-19,4.39,2026-08-05,2026-08-05,2026-08-05T08:58:54.488904+00:00
DGS3MO,2025-05-20,4.38,2026-08-05,2026-08-05,2026-08-05T08:58:54.488904+00:00
DGS3MO,2025-05-21,4.36,2026-08-05,2026-08-05,2026-08-05T08:58:54.488904+00:00
DGS3MO,2025-05-22,4.37,2026-08-05,2026-08-05,2026-08-05T08:58:54.488904+00:00
DGS3MO,2025-05-23,4.36,2026-08-05,2026-08-05,2026-08-05T08:58:54.488904+00:00
DGS3MO,2025-05-26,.,2026-08-05,2026-08-05,2026-08-05T08:58:54.488904+00:00
DGS3MO,2025-05-27,4.35,2026-08-05,2026-08-05,2026-08-05T08:58:54.488904+00:00
DGS3MO,2025-05-28,4.35,2026-08-05,2026-08-05,2026-08-05T08:58:54.488904+00:00
DGS3MO,2025-05-29,4.36,2026-08-05,2026-08-05,2026-08-05T08:58:54.488904+00:00
DGS3MO,2025-05-30,4.36,2026-08-05,2026-08-05,2026-08-05T08:58:54.488904+00:00
DGS3MO,2025-06-02,4.44,2026-08-05,2026-08-05,2026-08-05T08:58:54.488904+00:00
DGS3MO,2025-06-03,4.43,2026-08-05,2026-08-05,2026-08-05T08:58:54.488904+00:00
DGS3MO,2025-06-04,4.44,2026-08-05,2026-08-05,2026-08-05T08:58:54.488904+00:00
DGS3MO,2025-06-05,4.44,2026-08-05,2026-08-05,2026-08-05T08:58:54.488904+00:00
DGS3MO,2025-06-06,4.43,2026-08-05,2026-08-05,2026-08-05T08:58:54.488904+00:00
DGS3MO,2025-06-09,4.44,2026-08-05,2026-08-05,2026-08-05T08:58:54.488904+00:00
DGS3MO,2025-06-10,4.45,2026-08-05,2026-08-05,2026-08-05T08:58:54.488904+00:00
DGS3MO,2025-06-11,4.45,2026-08-05,2026-08-05,2026-08-05T08:58:54.488904+00:00
DGS3MO,2025-06-12,4.46,2026-08-05,2026-08-05,2026-08-05T08:58:54.488904+00:00
DGS3MO,2025-06-13,4.45,2026-08-05,2026-08-05,2026-08-05T08:58:54.488904+00:00
DGS3MO,2025-06-16,4.43,2026-08-05,2026-08-05,2026-08-05T08:58:54.488904+00:00
DGS3MO,2025-06-17,4.42,2026-08-05,2026-08-05,2026-08-05T08:58:54.488904+00:00
DGS3MO,2025-06-18,4.42,2026-08-05,2026-08-05,2026-08-05T08:58:54.488904+00:00
DGS3MO,2025-06-19,.,2026-08-05,2026-08-05,2026-08-05T08:58:54.488904+00:00
DGS3MO,2025-06-20,4.39,2026-08-05,2026-08-05,2026-08-05T08:58:54.488904+00:00
DGS3MO,2025-06-23,4.38,2026-08-05,2026-08-05,2026-08-05T08:58:54.488904+00:00
DGS3MO,2025-06-24,4.38,2026-08-05,2026-08-05,2026-08-05T08:58:54.488904+00:00
DGS3MO,2025-06-25,4.38,2026-08-05,2026-08-05,2026-08-05T08:58:54.488904+00:00
DGS3MO,2025-06-26,4.39,2026-08-05,2026-08-05,2026-08-05T08:58:54.488904+00:00
DGS3MO,2025-06-27,4.39,2026-08-05,2026-08-05,2026-08-05T08:58:54.488904+00:00
DGS3MO,2025-06-30,4.41,2026-08-05,2026-08-05,2026-08-05T08:58:54.488904+00:00
DGS3MO,2025-07-01,4.4,2026-08-05,2026-08-05,2026-08-05T08:58:54.488904+00:00
DGS3MO,2025-07-02,4.41,2026-08-05,2026-08-05,2026-08-05T08:58:54.488904+00:00
DGS3MO,2025-07-03,4.42,2026-08-05,2026-08-05,2026-08-05T08:58:54.488904+00:00
DGS3MO,2025-07-04,.,2026-08-05,2026-08-05,2026-08-05T08:58:54.488904+00:00
DGS3MO,2025-07-07,4.42,2026-08-05,2026-08-05,2026-08-05T08:58:54.488904+00:00
DGS3MO,2025-07-08,4.42,2026-08-05,2026-08-05,2026-08-05T08:58:54.488904+00:00
DGS3MO,2025-07-09,4.42,2026-08-05,2026-08-05,2026-08-05T08:58:54.488904+00:00
DGS3MO,2025-07-10,4.42,2026-08-05,2026-08-05,2026-08-05T08:58:54.488904+00:00
DGS3MO,2025-07-11,4.41,2026-08-05,2026-08-05,2026-08-05T08:58:54.488904+00:00
DGS3MO,2025-07-14,4.42,2026-08-05,2026-08-05,2026-08-05T08:58:54.488904+00:00
DGS3MO,2025-07-15,4.42,2026-08-05,2026-08-05,2026-08-05T08:58:54.488904+00:00
DGS3MO,2025-07-16,4.41,2026-08-05,2026-08-05,2026-08-05T08:58:54.488904+00:00
DGS3MO,2025-07-17,4.41,2026-08-05,2026-08-05,2026-08-05T08:58:54.488904+00:00
DGS3MO,2025-07-18,4.4,2026-08-05,2026-08-05,2026-08-05T08:58:54.488904+00:00
DGS3MO,2025-07-21,4.41,2026-08-05,2026-08-05,2026-08-05T08:58:54.488904+00:00
DGS3MO,2025-07-22,4.41,2026-08-05,2026-08-05,2026-08-05T08:58:54.488904+00:00
DGS3MO,2025-07-23,4.41,2026-08-05,2026-08-05,2026-08-05T08:58:54.488904+00:00
DGS3MO,2025-07-24,4.42,2026-08-05,2026-08-05,2026-08-05T08:58:54.488904+00:00
DGS3MO,2025-07-25,4.42,2026-08-05,2026-08-05,2026-08-05T08:58:54.488904+00:00
DGS3MO,2025-07-28,4.4,2026-08-05,2026-08-05,2026-08-05T08:58:54.488904+00:00
DGS3MO,2025-07-29,4.4,2026-08-05,2026-08-05,2026-08-05T08:58:54.488904+00:00
DGS3MO,2025-07-30,4.41,2026-08-05,2026-08-05,2026-08-05T08:58:54.488904+00:00
DGS3MO,2025-07-31,4.41,2026-08-05,2026-08-05,2026-08-05T08:58:54.488904+00:00
DGS3MO,2025-08-01,4.35,2026-08-05,2026-08-05,2026-08-05T08:58:54.488904+00:00
DGS3MO,2025-08-04,4.35,2026-08-05,2026-08-05,2026-08-05T08:58:54.488904+00:00
DGS3MO,2025-08-05,4.34,2026-08-05,2026-08-05,2026-08-05T08:58:54.488904+00:00
DGS3MO,2025-08-06,4.32,2026-08-05,2026-08-05,2026-08-05T08:58:54.488904+00:00
DGS3MO,2025-08-07,4.32,2026-08-05,2026-08-05,2026-08-05T08:58:54.488904+00:00
DGS3MO,2025-08-08,4.32,2026-08-05,2026-08-05,2026-08-05T08:58:54.488904+00:00
DGS3MO,2025-08-11,4.34,2026-08-05,2026-08-05,2026-08-05T08:58:54.488904+00:00
DGS3MO,2025-08-12,4.33,2026-08-05,2026-08-05,2026-08-05T08:58:54.488904+00:00
DGS3MO,2025-08-13,4.29,2026-08-05,2026-08-05,2026-08-05T08:58:54.488904+00:00
DGS3MO,2025-08-14,4.3,2026-08-05,2026-08-05,2026-08-05T08:58:54.488904+00:00
DGS3MO,2025-08-15,4.3,2026-08-05,2026-08-05,2026-08-05T08:58:54.488904+00:00
DGS3MO,2025-08-18,4.33,2026-08-05,2026-08-05,2026-08-05T08:58:54.488904+00:00
DGS3MO,2025-08-19,4.3,2026-08-05,2026-08-05,2026-08-05T08:58:54.488904+00:00
DGS3MO,2025-08-20,4.3,2026-08-05,2026-08-05,2026-08-05T08:58:54.488904+00:00
DGS3MO,2025-08-21,4.32,2026-08-05,2026-08-05,2026-08-05T08:58:54.488904+00:00
DGS3MO,2025-08-22,4.27,2026-08-05,2026-08-05,2026-08-05T08:58:54.488904+00:00
DGS3MO,2025-08-25,4.29,2026-08-05,2026-08-05,2026-08-05T08:58:54.488904+00:00
DGS3MO,2025-08-26,4.28,2026-08-05,2026-08-05,2026-08-05T08:58:54.488904+00:00
DGS3MO,2025-08-27,4.26,2026-08-05,2026-08-05,2026-08-05T08:58:54.488904+00:00
DGS3MO,2025-08-28,4.26,2026-08-05,2026-08-05,2026-08-05T08:58:54.488904+00:00
DGS3MO,2025-08-29,4.23,2026-08-05,2026-08-05,2026-08-05T08:58:54.488904+00:00
DGS3MO,2025-09-01,.,2026-08-05,2026-08-05,2026-08-05T08:58:54.488904+00:00
DGS3MO,2025-09-02,4.2,2026-08-05,2026-08-05,2026-08-05T08:58:54.488904+00:00
DGS3MO,2025-09-03,4.18,2026-08-05,2026-08-05,2026-08-05T08:58:54.488904+00:00
DGS3MO,2025-09-04,4.16,2026-08-05,2026-08-05,2026-08-05T08:58:54.488904+00:00
DGS3MO,2025-09-05,4.07,2026-08-05,2026-08-05,2026-08-05T08:58:54.488904+00:00
DGS3MO,2025-09-08,4.1,2026-08-05,2026-08-05,2026-08-05T08:58:54.488904+00:00
DGS3MO,2025-09-09,4.1,2026-08-05,2026-08-05,2026-08-05T08:58:54.488904+00:00
DGS3MO,2025-09-10,4.09,2026-08-05,2026-08-05,2026-08-05T08:58:54.488904+00:00
DGS3MO,2025-09-11,4.08,2026-08-05,2026-08-05,2026-08-05T08:58:54.488904+00:00
DGS3MO,2025-09-12,4.08,2026-08-05,2026-08-05,2026-08-05T08:58:54.488904+00:00
DGS3MO,2025-09-15,4.06,2026-08-05,2026-08-05,2026-08-05T08:58:54.488904+00:00
DGS3MO,2025-09-16,4.04,2026-08-05,2026-08-05,2026-08-05T08:58:54.488904+00:00
DGS3MO,2025-09-17,4.02,2026-08-05,2026-08-05,2026-08-05T08:58:54.488904+00:00
DGS3MO,2025-09-18,4.03,2026-08-05,2026-08-05,2026-08-05T08:58:54.488904+00:00
DGS3MO,2025-09-19,4.03,2026-08-05,2026-08-05,2026-08-05T08:58:54.488904+00:00
DGS3MO,2025-09-22,4.0,2026-08-05,2026-08-05,2026-08-05T08:58:54.488904+00:00
DGS3MO,2025-09-23,4.0,2026-08-05,2026-08-05,2026-08-05T08:58:54.488904+00:00
DGS3MO,2025-09-24,4.02,2026-08-05,2026-08-05,2026-08-05T08:58:54.488904+00:00
DGS3MO,2025-09-25,4.04,2026-08-05,2026-08-05,2026-08-05T08:58:54.488904+00:00
DGS3MO,2025-09-26,4.02,2026-08-05,2026-08-05,2026-08-05T08:58:54.488904+00:00
DGS3MO,2025-09-29,4.04,2026-08-05,2026-08-05,2026-08-05T08:58:54.488904+00:00
DGS3MO,2025-09-30,4.02,2026-08-05,2026-08-05,2026-08-05T08:58:54.488904+00:00
DGS3MO,2025-10-01,4.01,2026-08-05,2026-08-05,2026-08-05T08:58:54.488904+00:00
DGS3MO,2025-10-02,4.02,2026-08-05,2026-08-05,2026-08-05T08:58:54.488904+00:00
DGS3MO,2025-10-03,4.03,2026-08-05,2026-08-05,2026-08-05T08:58:54.488904+00:00
DGS3MO,2025-10-06,4.02,2026-08-05,2026-08-05,2026-08-05T08:58:54.488904+00:00
DGS3MO,2025-10-07,4.01,2026-08-05,2026-08-05,2026-08-05T08:58:54.488904+00:00
DGS3MO,2025-10-08,4.01,2026-08-05,2026-08-05,2026-08-05T08:58:54.488904+00:00
DGS3MO,2025-10-09,4.03,2026-08-05,2026-08-05,2026-08-05T08:58:54.488904+00:00
DGS3MO,2025-10-10,4.02,2026-08-05,2026-08-05,2026-08-05T08:58:54.488904+00:00
DGS3MO,2025-10-13,.,2026-08-05,2026-08-05,2026-08-05T08:58:54.488904+00:00
DGS3MO,2025-10-14,4.02,2026-08-05,2026-08-05,2026-08-05T08:58:54.488904+00:00
DGS3MO,2025-10-15,4.03,2026-08-05,2026-08-05,2026-08-05T08:58:54.488904+00:00
DGS3MO,2025-10-16,4.02,2026-08-05,2026-08-05,2026-08-05T08:58:54.488904+00:00
DGS3MO,2025-10-17,4.0,2026-08-05,2026-08-05,2026-08-05T08:58:54.488904+00:00
DGS3MO,2025-10-20,3.97,2026-08-05,2026-08-05,2026-08-05T08:58:54.488904+00:00
DGS3MO,2025-10-21,3.96,2026-08-05,2026-08-05,2026-08-05T08:58:54.488904+00:00
DGS3MO,2025-10-22,3.96,2026-08-05,2026-08-05,2026-08-05T08:58:54.488904+00:00
DGS3MO,2025-10-23,3.95,2026-08-05,2026-08-05,2026-08-05T08:58:54.488904+00:00
DGS3MO,2025-10-24,3.93,2026-08-05,2026-08-05,2026-08-05T08:58:54.488904+00:00
DGS3MO,2025-10-27,3.89,2026-08-05,2026-08-05,2026-08-05T08:58:54.488904+00:00
DGS3MO,2025-10-28,3.89,2026-08-05,2026-08-05,2026-08-05T08:58:54.488904+00:00
DGS3MO,2025-10-29,3.93,2026-08-05,2026-08-05,2026-08-05T08:58:54.488904+00:00
DGS3MO,2025-10-30,3.92,2026-08-05,2026-08-05,2026-08-05T08:58:54.488904+00:00
DGS3MO,2025-10-31,3.89,2026-08-05,2026-08-05,2026-08-05T08:58:54.488904+00:00
DGS3MO,2025-11-03,3.98,2026-08-05,2026-08-05,2026-08-05T08:58:54.488904+00:00
DGS3MO,2025-11-04,3.96,2026-08-05,2026-08-05,2026-08-05T08:58:54.488904+00:00
DGS3MO,2025-11-05,3.96,2026-08-05,2026-08-05,2026-08-05T08:58:54.488904+00:00
DGS3MO,2025-11-06,3.93,2026-08-05,2026-08-05,2026-08-05T08:58:54.488904+00:00
DGS3MO,2025-11-07,3.92,2026-08-05,2026-08-05,2026-08-05T08:58:54.488904+00:00
DGS3MO,2025-11-10,3.95,2026-08-05,2026-08-05,2026-08-05T08:58:54.488904+00:00
DGS3MO,2025-11-11,.,2026-08-05,2026-08-05,2026-08-05T08:58:54.488904+00:00
DGS3MO,2025-11-12,3.95,2026-08-05,2026-08-05,2026-08-05T08:58:54.488904+00:00
DGS3MO,2025-11-13,3.96,2026-08-05,2026-08-05,2026-08-05T08:58:54.488904+00:00
DGS3MO,2025-11-14,3.95,2026-08-05,2026-08-05,2026-08-05T08:58:54.488904+00:00
DGS3MO,2025-11-17,3.97,2026-08-05,2026-08-05,2026-08-05T08:58:54.488904+00:00
DGS3MO,2025-11-18,3.94,2026-08-05,2026-08-05,2026-08-05T08:58:54.488904+00:00
DGS3MO,2025-11-19,3.95,2026-08-05,2026-08-05,2026-08-05T08:58:54.488904+00:00
DGS3MO,2025-11-20,3.94,2026-08-05,2026-08-05,2026-08-05T08:58:54.488904+00:00
DGS3MO,2025-11-21,3.9,2026-08-05,2026-08-05,2026-08-05T08:58:54.488904+00:00
DGS3MO,2025-11-24,3.91,2026-08-05,2026-08-05,2026-08-05T08:58:54.488904+00:00
DGS3MO,2025-11-25,3.9,2026-08-05,2026-08-05,2026-08-05T08:58:54.488904+00:00
DGS3MO,2025-11-26,3.92,2026-08-05,2026-08-05,2026-08-05T08:58:54.488904+00:00
DGS3MO,2025-11-27,.,2026-08-05,2026-08-05,2026-08-05T08:58:54.488904+00:00
DGS3MO,2025-11-28,3.88,2026-08-05,2026-08-05,2026-08-05T08:58:54.488904+00:00
DGS3MO,2025-12-01,3.81,2026-08-05,2026-08-05,2026-08-05T08:58:54.488904+00:00
DGS3MO,2025-12-02,3.77,2026-08-05,2026-08-05,2026-08-05T08:58:54.488904+00:00
DGS3MO,2025-12-03,3.72,2026-08-05,2026-08-05,2026-08-05T08:58:54.488904+00:00
DGS3MO,2025-12-04,3.71,2026-08-05,2026-08-05,2026-08-05T08:58:54.488904+00:00
DGS3MO,2025-12-05,3.71,2026-08-05,2026-08-05,2026-08-05T08:58:54.488904+00:00
DGS3MO,2025-12-08,3.73,2026-08-05,2026-08-05,2026-08-05T08:58:54.488904+00:00
DGS3MO,2025-12-09,3.73,2026-08-05,2026-08-05,2026-08-05T08:58:54.488904+00:00
DGS3MO,2025-12-10,3.69,2026-08-05,2026-08-05,2026-08-05T08:58:54.488904+00:00
DGS3MO,2025-12-11,3.66,2026-08-05,2026-08-05,2026-08-05T08:58:54.488904+00:00
DGS3MO,2025-12-12,3.63,2026-08-05,2026-08-05,2026-08-05T08:58:54.488904+00:00
DGS3MO,2025-12-15,3.65,2026-08-05,2026-08-05,2026-08-05T08:58:54.488904+00:00
DGS3MO,2025-12-16,3.64,2026-08-05,2026-08-05,2026-08-05T08:58:54.488904+00:00
DGS3MO,2025-12-17,3.64,2026-08-05,2026-08-05,2026-08-05T08:58:54.488904+00:00
DGS3MO,2025-12-18,3.62,2026-08-05,2026-08-05,2026-08-05T08:58:54.488904+00:00
DGS3MO,2025-12-19,3.62,2026-08-05,2026-08-05,2026-08-05T08:58:54.488904+00:00
DGS3MO,2025-12-22,3.64,2026-08-05,2026-08-05,2026-08-05T08:58:54.488904+00:00
DGS3MO,2025-12-23,3.65,2026-08-05,2026-08-05,2026-08-05T08:58:54.488904+00:00
DGS3MO,2025-12-24,3.69,2026-08-05,2026-08-05,2026-08-05T08:58:54.488904+00:00
DGS3MO,2025-12-25,.,2026-08-05,2026-08-05,2026-08-05T08:58:54.488904+00:00
DGS3MO,2025-12-26,3.64,2026-08-05,2026-08-05,2026-08-05T08:58:54.488904+00:00
DGS3MO,2025-12-29,3.68,2026-08-05,2026-08-05,2026-08-05T08:58:54.488904+00:00
DGS3MO,2025-12-30,3.65,2026-08-05,2026-08-05,2026-08-05T08:58:54.488904+00:00
DGS3MO,2025-12-31,3.67,2026-08-05,2026-08-05,2026-08-05T08:58:54.488904+00:00
DGS3MO,2026-01-01,.,2026-08-05,2026-08-05,2026-08-05T08:58:54.488904+00:00
DGS3MO,2026-01-02,3.65,2026-08-05,2026-08-05,2026-08-05T08:58:54.488904+00:00
DGS3MO,2026-01-05,3.64,2026-08-05,2026-08-05,2026-08-05T08:58:54.488904+00:00
DGS3MO,2026-01-06,3.63,2026-08-05,2026-08-05,2026-08-05T08:58:54.488904+00:00
DGS3MO,2026-01-07,3.62,2026-08-05,2026-08-05,2026-08-05T08:58:54.488904+00:00
DGS3MO,2026-01-08,3.62,2026-08-05,2026-08-05,2026-08-05T08:58:54.488904+00:00
DGS3MO,2026-01-09,3.62,2026-08-05,2026-08-05,2026-08-05T08:58:54.488904+00:00
DGS3MO,2026-01-12,3.67,2026-08-05,2026-08-05,2026-08-05T08:58:54.488904+00:00
DGS3MO,2026-01-13,3.67,2026-08-05,2026-08-05,2026-08-05T08:58:54.488904+00:00
DGS3MO,2026-01-14,3.67,2026-08-05,2026-08-05,2026-08-05T08:58:54.488904+00:00
DGS3MO,2026-01-15,3.68,2026-08-05,2026-08-05,2026-08-05T08:58:54.488904+00:00
DGS3MO,2026-01-16,3.67,2026-08-05,2026-08-05,2026-08-05T08:58:54.488904+00:00
DGS3MO,2026-01-19,.,2026-08-05,2026-08-05,2026-08-05T08:58:54.488904+00:00
DGS3MO,2026-01-20,3.7,2026-08-05,2026-08-05,2026-08-05T08:58:54.488904+00:00
DGS3MO,2026-01-21,3.7,2026-08-05,2026-08-05,2026-08-05T08:58:54.488904+00:00
DGS3MO,2026-01-22,3.71,2026-08-05,2026-08-05,2026-08-05T08:58:54.488904+00:00
DGS3MO,2026-01-23,3.7,2026-08-05,2026-08-05,2026-08-05T08:58:54.488904+00:00
DGS3MO,2026-01-26,3.67,2026-08-05,2026-08-05,2026-08-05T08:58:54.488904+00:00
DGS3MO,2026-01-27,3.67,2026-08-05,2026-08-05,2026-08-05T08:58:54.488904+00:00
DGS3MO,2026-01-28,3.68,2026-08-05,2026-08-05,2026-08-05T08:58:54.488904+00:00
DGS3MO,2026-01-29,3.67,2026-08-05,2026-08-05,2026-08-05T08:58:54.488904+00:00
DGS3MO,2026-01-30,3.67,2026-08-05,2026-08-05,2026-08-05T08:58:54.488904+00:00
DGS3MO,2026-02-02,3.69,2026-08-05,2026-08-05,2026-08-05T08:58:54.488904+00:00
DGS3MO,2026-02-03,3.69,2026-08-05,2026-08-05,2026-08-05T08:58:54.488904+00:00
DGS3MO,2026-02-04,3.69,2026-08-05,2026-08-05,2026-08-05T08:58:54.488904+00:00
DGS3MO,2026-02-05,3.67,2026-08-05,2026-08-05,2026-08-05T08:58:54.488904+00:00
DGS3MO,2026-02-06,3.68,2026-08-05,2026-08-05,2026-08-05T08:58:54.488904+00:00
DGS3MO,2026-02-09,3.69,2026-08-05,2026-08-05,2026-08-05T08:58:54.488904+00:00
DGS3MO,2026-02-10,3.69,2026-08-05,2026-08-05,2026-08-05T08:58:54.488904+00:00
DGS3MO,2026-02-11,3.7,2026-08-05,2026-08-05,2026-08-05T08:58:54.488904+00:00
DGS3MO,2026-02-12,3.7,2026-08-05,2026-08-05,2026-08-05T08:58:54.488904+00:00
DGS3MO,2026-02-13,3.68,2026-08-05,2026-08-05,2026-08-05T08:58:54.488904+00:00
DGS3MO,2026-02-16,.,2026-08-05,2026-08-05,2026-08-05T08:58:54.488904+00:00
DGS3MO,2026-02-17,3.69,2026-08-05,2026-08-05,2026-08-05T08:58:54.488904+00:00
DGS3MO,2026-02-18,3.7,2026-08-05,2026-08-05,2026-08-05T08:58:54.488904+00:00
DGS3MO,2026-02-19,3.69,2026-08-05,2026-08-05,2026-08-05T08:58:54.488904+00:00
DGS3MO,2026-02-20,3.69,2026-08-05,2026-08-05,2026-08-05T08:58:54.488904+00:00
DGS3MO,2026-02-23,3.69,2026-08-05,2026-08-05,2026-08-05T08:58:54.488904+00:00
DGS3MO,2026-02-24,3.69,2026-08-05,2026-08-05,2026-08-05T08:58:54.488904+00:00
DGS3MO,2026-02-25,3.69,2026-08-05,2026-08-05,2026-08-05T08:58:54.488904+00:00
DGS3MO,2026-02-26,3.68,2026-08-05,2026-08-05,2026-08-05T08:58:54.488904+00:00
DGS3MO,2026-02-27,3.67,2026-08-05,2026-08-05,2026-08-05T08:58:54.488904+00:00
DGS3MO,2026-03-02,3.72,2026-08-05,2026-08-05,2026-08-05T08:58:54.488904+00:00
DGS3MO,2026-03-03,3.71,2026-08-05,2026-08-05,2026-08-05T08:58:54.488904+00:00
DGS3MO,2026-03-04,3.71,2026-08-05,2026-08-05,2026-08-05T08:58:54.488904+00:00
DGS3MO,2026-03-05,3.7,2026-08-05,2026-08-05,2026-08-05T08:58:54.488904+00:00
DGS3MO,2026-03-06,3.69,2026-08-05,2026-08-05,2026-08-05T08:58:54.488904+00:00
DGS3MO,2026-03-09,3.71,2026-08-05,2026-08-05,2026-08-05T08:58:54.488904+00:00
DGS3MO,2026-03-10,3.71,2026-08-05,2026-08-05,2026-08-05T08:58:54.488904+00:00
DGS3MO,2026-03-11,3.71,2026-08-05,2026-08-05,2026-08-05T08:58:54.488904+00:00
DGS3MO,2026-03-12,3.72,2026-08-05,2026-08-05,2026-08-05T08:58:54.488904+00:00
DGS3MO,2026-03-13,3.72,2026-08-05,2026-08-05,2026-08-05T08:58:54.488904+00:00
DGS3MO,2026-03-16,3.72,2026-08-05,2026-08-05,2026-08-05T08:58:54.488904+00:00
DGS3MO,2026-03-17,3.72,2026-08-05,2026-08-05,2026-08-05T08:58:54.488904+00:00
DGS3MO,2026-03-18,3.73,2026-08-05,2026-08-05,2026-08-05T08:58:54.488904+00:00
DGS3MO,2026-03-19,3.73,2026-08-05,2026-08-05,2026-08-05T08:58:54.488904+00:00
DGS3MO,2026-03-20,3.74,2026-08-05,2026-08-05,2026-08-05T08:58:54.488904+00:00
DGS3MO,2026-03-23,3.74,2026-08-05,2026-08-05,2026-08-05T08:58:54.488904+00:00
DGS3MO,2026-03-24,3.74,2026-08-05,2026-08-05,2026-08-05T08:58:54.488904+00:00
DGS3MO,2026-03-25,3.73,2026-08-05,2026-08-05,2026-08-05T08:58:54.488904+00:00
DGS3MO,2026-03-26,3.73,2026-08-05,2026-08-05,2026-08-05T08:58:54.488904+00:00
DGS3MO,2026-03-27,3.73,2026-08-05,2026-08-05,2026-08-05T08:58:54.488904+00:00
DGS3MO,2026-03-30,3.71,2026-08-05,2026-08-05,2026-08-05T08:58:54.488904+00:00
DGS3MO,2026-03-31,3.7,2026-08-05,2026-08-05,2026-08-05T08:58:54.488904+00:00
DGS3MO,2026-04-01,3.7,2026-08-05,2026-08-05,2026-08-05T08:58:54.488904+00:00
DGS3MO,2026-04-02,3.7,2026-08-05,2026-08-05,2026-08-05T08:58:54.488904+00:00
DGS3MO,2026-04-03,3.71,2026-08-05,2026-08-05,2026-08-05T08:58:54.488904+00:00
DGS3MO,2026-04-06,3.72,2026-08-05,2026-08-05,2026-08-05T08:58:54.488904+00:00
DGS3MO,2026-04-07,3.71,2026-08-05,2026-08-05,2026-08-05T08:58:54.488904+00:00
DGS3MO,2026-04-08,3.69,2026-08-05,2026-08-05,2026-08-05T08:58:54.488904+00:00
DGS3MO,2026-04-09,3.68,2026-08-05,2026-08-05,2026-08-05T08:58:54.488904+00:00
DGS3MO,2026-04-10,3.69,2026-08-05,2026-08-05,2026-08-05T08:58:54.488904+00:00
DGS3MO,2026-04-13,3.71,2026-08-05,2026-08-05,2026-08-05T08:58:54.488904+00:00
DGS3MO,2026-04-14,3.71,2026-08-05,2026-08-05,2026-08-05T08:58:54.488904+00:00
DGS3MO,2026-04-15,3.71,2026-08-05,2026-08-05,2026-08-05T08:58:54.488904+00:00
DGS3MO,2026-04-16,3.7,2026-08-05,2026-08-05,2026-08-05T08:58:54.488904+00:00
DGS3MO,2026-04-17,3.7,2026-08-05,2026-08-05,2026-08-05T08:58:54.488904+00:00
DGS3MO,2026-04-20,3.71,2026-08-05,2026-08-05,2026-08-05T08:58:54.488904+00:00
DGS3MO,2026-04-21,3.69,2026-08-05,2026-08-05,2026-08-05T08:58:54.488904+00:00
DGS3MO,2026-04-22,3.69,2026-08-05,2026-08-05,2026-08-05T08:58:54.488904+00:00
DGS3MO,2026-04-23,3.69,2026-08-05,2026-08-05,2026-08-05T08:58:54.488904+00:00
DGS3MO,2026-04-24,3.69,2026-08-05,2026-08-05,2026-08-05T08:58:54.488904+00:00
DGS3MO,2026-04-27,3.68,2026-08-05,2026-08-05,2026-08-05T08:58:54.488904+00:00
DGS3MO,2026-04-28,3.68,2026-08-05,2026-08-05,2026-08-05T08:58:54.488904+00:00
DGS3MO,2026-04-29,3.68,2026-08-05,2026-08-05,2026-08-05T08:58:54.488904+00:00
DGS3MO,2026-04-30,3.68,2026-08-05,2026-08-05,2026-08-05T08:58:54.488904+00:00
DGS3MO,2026-05-01,3.68,2026-08-05,2026-08-05,2026-08-05T08:58:54.488904+00:00
DGS3MO,2026-05-04,3.7,2026-08-05,2026-08-05,2026-08-05T08:58:54.488904+00:00
DGS3MO,2026-05-05,3.69,2026-08-05,2026-08-05,2026-08-05T08:58:54.488904+00:00
DGS3MO,2026-05-06,3.69,2026-08-05,2026-08-05,2026-08-05T08:58:54.488904+00:00
DGS3MO,2026-05-07,3.69,2026-08-05,2026-08-05,2026-08-05T08:58:54.488904+00:00
DGS3MO,2026-05-08,3.69,2026-08-05,2026-08-05,2026-08-05T08:58:54.488904+00:00
DGS3MO,2026-05-11,3.7,2026-08-05,2026-08-05,2026-08-05T08:58:54.488904+00:00
DGS3MO,2026-05-12,3.7,2026-08-05,2026-08-05,2026-08-05T08:58:54.488904+00:00
DGS3MO,2026-05-13,3.69,2026-08-05,2026-08-05,2026-08-05T08:58:54.488904+00:00
DGS3MO,2026-05-14,3.69,2026-08-05,2026-08-05,2026-08-05T08:58:54.488904+00:00
DGS3MO,2026-05-15,3.69,2026-08-05,2026-08-05,2026-08-05T08:58:54.488904+00:00
DGS3MO,2026-05-18,3.68,2026-08-05,2026-08-05,2026-08-05T08:58:54.488904+00:00
DGS3MO,2026-05-19,3.67,2026-08-05,2026-08-05,2026-08-05T08:58:54.488904+00:00
DGS3MO,2026-05-20,3.65,2026-08-05,2026-08-05,2026-08-05T08:58:54.488904+00:00
DGS3MO,2026-05-21,3.68,2026-08-05,2026-08-05,2026-08-05T08:58:54.488904+00:00
DGS3MO,2026-05-22,3.68,2026-08-05,2026-08-05,2026-08-05T08:58:54.488904+00:00
DGS3MO,2026-05-25,.,2026-08-05,2026-08-05,2026-08-05T08:58:54.488904+00:00
DGS3MO,2026-05-26,3.68,2026-08-05,2026-08-05,2026-08-05T08:58:54.488904+00:00
DGS3MO,2026-05-27,3.68,2026-08-05,2026-08-05,2026-08-05T08:58:54.488904+00:00
DGS3MO,2026-05-28,3.69,2026-08-05,2026-08-05,2026-08-05T08:58:54.488904+00:00
DGS3MO,2026-05-29,3.69,2026-08-05,2026-08-05,2026-08-05T08:58:54.488904+00:00
DGS3MO,2026-06-01,3.78,2026-08-05,2026-08-05,2026-08-05T08:58:54.488904+00:00
DGS3MO,2026-06-02,3.77,2026-08-05,2026-08-05,2026-08-05T08:58:54.488904+00:00
DGS3MO,2026-06-03,3.78,2026-08-05,2026-08-05,2026-08-05T08:58:54.488904+00:00
DGS3MO,2026-06-04,3.78,2026-08-05,2026-08-05,2026-08-05T08:58:54.488904+00:00
DGS3MO,2026-06-05,3.78,2026-08-05,2026-08-05,2026-08-05T08:58:54.488904+00:00
DGS3MO,2026-06-08,3.8,2026-08-05,2026-08-05,2026-08-05T08:58:54.488904+00:00
DGS3MO,2026-06-09,3.79,2026-08-05,2026-08-05,2026-08-05T08:58:54.488904+00:00
DGS3MO,2026-06-10,3.79,2026-08-05,2026-08-05,2026-08-05T08:58:54.488904+00:00
DGS3MO,2026-06-11,3.78,2026-08-05,2026-08-05,2026-08-05T08:58:54.488904+00:00
DGS3MO,2026-06-12,3.78,2026-08-05,2026-08-05,2026-08-05T08:58:54.488904+00:00
DGS3MO,2026-06-15,3.79,2026-08-05,2026-08-05,2026-08-05T08:58:54.488904+00:00
DGS3MO,2026-06-16,3.79,2026-08-05,2026-08-05,2026-08-05T08:58:54.488904+00:00
DGS3MO,2026-06-17,3.83,2026-08-05,2026-08-05,2026-08-05T08:58:54.488904+00:00
DGS3MO,2026-06-18,3.83,2026-08-05,2026-08-05,2026-08-05T08:58:54.488904+00:00
DGS3MO,2026-06-19,.,2026-08-05,2026-08-05,2026-08-05T08:58:54.488904+00:00
DGS3MO,2026-06-22,3.85,2026-08-05,2026-08-05,2026-08-05T08:58:54.488904+00:00
DGS3MO,2026-06-23,3.85,2026-08-05,2026-08-05,2026-08-05T08:58:54.488904+00:00
DGS3MO,2026-06-24,3.85,2026-08-05,2026-08-05,2026-08-05T08:58:54.488904+00:00
DGS3MO,2026-06-25,3.84,2026-08-05,2026-08-05,2026-08-05T08:58:54.488904+00:00
DGS3MO,2026-06-26,3.83,2026-08-05,2026-08-05,2026-08-05T08:58:54.488904+00:00
DGS3MO,2026-06-29,3.87,2026-08-05,2026-08-05,2026-08-05T08:58:54.488904+00:00
DGS3MO,2026-06-30,3.87,2026-08-05,2026-08-05,2026-08-05T08:58:54.488904+00:00
DGS3MO,2026-07-01,3.85,2026-08-05,2026-08-05,2026-08-05T08:58:54.488904+00:00
DGS3MO,2026-07-02,3.82,2026-08-05,2026-08-05,2026-08-05T08:58:54.488904+00:00
DGS3MO,2026-07-03,.,2026-08-05,2026-08-05,2026-08-05T08:58:54.488904+00:00
DGS3MO,2026-07-06,3.87,2026-08-05,2026-08-05,2026-08-05T08:58:54.488904+00:00
DGS3MO,2026-07-07,3.86,2026-08-05,2026-08-05,2026-08-05T08:58:54.488904+00:00
DGS3MO,2026-07-08,3.87,2026-08-05,2026-08-05,2026-08-05T08:58:54.488904+00:00
DGS3MO,2026-07-09,3.83,2026-08-05,2026-08-05,2026-08-05T08:58:54.488904+00:00
DGS3MO,2026-07-10,3.85,2026-08-05,2026-08-05,2026-08-05T08:58:54.488904+00:00
DGS3MO,2026-07-13,3.89,2026-08-05,2026-08-05,2026-08-05T08:58:54.488904+00:00
DGS3MO,2026-07-14,3.84,2026-08-05,2026-08-05,2026-08-05T08:58:54.488904+00:00
DGS3MO,2026-07-15,3.83,2026-08-05,2026-08-05,2026-08-05T08:58:54.488904+00:00
DGS3MO,2026-07-16,3.84,2026-08-05,2026-08-05,2026-08-05T08:58:54.488904+00:00
DGS3MO,2026-07-17,3.85,2026-08-05,2026-08-05,2026-08-05T08:58:54.488904+00:00
DGS3MO,2026-07-20,3.8600000000,2026-08-05,2026-08-05,2026-08-05T08:58:54.488904+00:00
DGS3MO,2026-07-21,3.8700000000,2026-08-05,2026-08-05,2026-08-05T08:58:54.488904+00:00
DGS3MO,2026-07-22,3.8900000000,2026-08-05,2026-08-05,2026-08-05T08:58:54.488904+00:00
DGS3MO,2026-07-23,3.9500000000,2026-08-05,2026-08-05,2026-08-05T08:58:54.488904+00:00
DGS3MO,2026-07-24,3.9600000000,2026-08-05,2026-08-05,2026-08-05T08:58:54.488904+00:00
DGS3MO,2026-07-27,3.9600000000,2026-08-05,2026-08-05,2026-08-05T08:58:54.488904+00:00
DGS3MO,2026-07-28,3.9000000000,2026-08-05,2026-08-05,2026-08-05T08:58:54.488904+00:00
DGS3MO,2026-07-29,3.8300000000,2026-08-05,2026-08-05,2026-08-05T08:58:54.488904+00:00
DGS3MO,2026-07-30,3.8200000000,2026-08-05,2026-08-05,2026-08-05T08:58:54.488904+00:00
DGS3MO,2026-07-31,3.8300000000,2026-08-05,2026-08-05,2026-08-05T08:58:54.488904+00:00
DGS3MO,2026-08-03,3.9100000000,2026-08-05,2026-08-05,2026-08-05T08:58:54.488904+00:00
DGS1,2022-08-05,3.29,2026-08-05,2026-08-05,2026-08-05T08:58:54.488904+00:00
DGS1,2022-08-08,3.30,2026-08-05,2026-08-05,2026-08-05T08:58:54.488904+00:00
DGS1,2022-08-09,3.33,2026-08-05,2026-08-05,2026-08-05T08:58:54.488904+00:00
DGS1,2022-08-10,3.26,2026-08-05,2026-08-05,2026-08-05T08:58:54.488904+00:00
DGS1,2022-08-11,3.25,2026-08-05,2026-08-05,2026-08-05T08:58:54.488904+00:00
DGS1,2022-08-12,3.26,2026-08-05,2026-08-05,2026-08-05T08:58:54.488904+00:00
DGS1,2022-08-15,3.23,2026-08-05,2026-08-05,2026-08-05T08:58:54.488904+00:00
DGS1,2022-08-16,3.26,2026-08-05,2026-08-05,2026-08-05T08:58:54.488904+00:00
DGS1,2022-08-17,3.27,2026-08-05,2026-08-05,2026-08-05T08:58:54.488904+00:00
DGS1,2022-08-18,3.24,2026-08-05,2026-08-05,2026-08-05T08:58:54.488904+00:00
DGS1,2022-08-19,3.26,2026-08-05,2026-08-05,2026-08-05T08:58:54.488904+00:00
DGS1,2022-08-22,3.32,2026-08-05,2026-08-05,2026-08-05T08:58:54.488904+00:00
DGS1,2022-08-23,3.29,2026-08-05,2026-08-05,2026-08-05T08:58:54.488904+00:00
DGS1,2022-08-24,3.35,2026-08-05,2026-08-05,2026-08-05T08:58:54.488904+00:00
DGS1,2022-08-25,3.33,2026-08-05,2026-08-05,2026-08-05T08:58:54.488904+00:00
DGS1,2022-08-26,3.36,2026-08-05,2026-08-05,2026-08-05T08:58:54.488904+00:00
DGS1,2022-08-29,3.43,2026-08-05,2026-08-05,2026-08-05T08:58:54.488904+00:00
DGS1,2022-08-30,3.48,2026-08-05,2026-08-05,2026-08-05T08:58:54.488904+00:00
DGS1,2022-08-31,3.50,2026-08-05,2026-08-05,2026-08-05T08:58:54.488904+00:00
DGS1,2022-09-01,3.51,2026-08-05,2026-08-05,2026-08-05T08:58:54.488904+00:00
DGS1,2022-09-02,3.47,2026-08-05,2026-08-05,2026-08-05T08:58:54.488904+00:00
DGS1,2022-09-05,.,2026-08-05,2026-08-05,2026-08-05T08:58:54.488904+00:00
DGS1,2022-09-06,3.61,2026-08-05,2026-08-05,2026-08-05T08:58:54.488904+00:00
DGS1,2022-09-07,3.60,2026-08-05,2026-08-05,2026-08-05T08:58:54.488904+00:00
DGS1,2022-09-08,3.60,2026-08-05,2026-08-05,2026-08-05T08:58:54.488904+00:00
DGS1,2022-09-09,3.67,2026-08-05,2026-08-05,2026-08-05T08:58:54.488904+00:00
DGS1,2022-09-12,3.70,2026-08-05,2026-08-05,2026-08-05T08:58:54.488904+00:00
DGS1,2022-09-13,3.92,2026-08-05,2026-08-05,2026-08-05T08:58:54.488904+00:00
DGS1,2022-09-14,3.95,2026-08-05,2026-08-05,2026-08-05T08:58:54.488904+00:00
DGS1,2022-09-15,4.00,2026-08-05,2026-08-05,2026-08-05T08:58:54.488904+00:00
DGS1,2022-09-16,3.96,2026-08-05,2026-08-05,2026-08-05T08:58:54.488904+00:00
DGS1,2022-09-19,4.05,2026-08-05,2026-08-05,2026-08-05T08:58:54.488904+00:00
DGS1,2022-09-20,4.03,2026-08-05,2026-08-05,2026-08-05T08:58:54.488904+00:00
DGS1,2022-09-21,4.08,2026-08-05,2026-08-05,2026-08-05T08:58:54.488904+00:00
DGS1,2022-09-22,4.08,2026-08-05,2026-08-05,2026-08-05T08:58:54.488904+00:00
DGS1,2022-09-23,4.15,2026-08-05,2026-08-05,2026-08-05T08:58:54.488904+00:00
DGS1,2022-09-26,4.17,2026-08-05,2026-08-05,2026-08-05T08:58:54.488904+00:00
DGS1,2022-09-27,4.16,2026-08-05,2026-08-05,2026-08-05T08:58:54.488904+00:00
DGS1,2022-09-28,3.99,2026-08-05,2026-08-05,2026-08-05T08:58:54.488904+00:00
DGS1,2022-09-29,3.98,2026-08-05,2026-08-05,2026-08-05T08:58:54.488904+00:00
DGS1,2022-09-30,4.05,2026-08-05,2026-08-05,2026-08-05T08:58:54.488904+00:00
DGS1,2022-10-03,4.01,2026-08-05,2026-08-05,2026-08-05T08:58:54.488904+00:00
DGS1,2022-10-04,4.15,2026-08-05,2026-08-05,2026-08-05T08:58:54.488904+00:00
DGS1,2022-10-05,4.14,2026-08-05,2026-08-05,2026-08-05T08:58:54.488904+00:00
DGS1,2022-10-06,4.19,2026-08-05,2026-08-05,2026-08-05T08:58:54.488904+00:00
DGS1,2022-10-07,4.24,2026-08-05,2026-08-05,2026-08-05T08:58:54.488904+00:00
DGS1,2022-10-10,.,2026-08-05,2026-08-05,2026-08-05T08:58:54.488904+00:00
DGS1,2022-10-11,4.28,2026-08-05,2026-08-05,2026-08-05T08:58:54.488904+00:00
DGS1,2022-10-12,4.28,2026-08-05,2026-08-05,2026-08-05T08:58:54.488904+00:00
DGS1,2022-10-13,4.46,2026-08-05,2026-08-05,2026-08-05T08:58:54.488904+00:00
DGS1,2022-10-14,4.50,2026-08-05,2026-08-05,2026-08-05T08:58:54.488904+00:00
DGS1,2022-10-17,4.50,2026-08-05,2026-08-05,2026-08-05T08:58:54.488904+00:00
DGS1,2022-10-18,4.50,2026-08-05,2026-08-05,2026-08-05T08:58:54.488904+00:00
DGS1,2022-10-19,4.60,2026-08-05,2026-08-05,2026-08-05T08:58:54.488904+00:00
DGS1,2022-10-20,4.66,2026-08-05,2026-08-05,2026-08-05T08:58:54.488904+00:00
DGS1,2022-10-21,4.58,2026-08-05,2026-08-05,2026-08-05T08:58:54.488904+00:00
DGS1,2022-10-24,4.61,2026-08-05,2026-08-05,2026-08-05T08:58:54.488904+00:00
DGS1,2022-10-25,4.60,2026-08-05,2026-08-05,2026-08-05T08:58:54.488904+00:00
DGS1,2022-10-26,4.54,2026-08-05,2026-08-05,2026-08-05T08:58:54.488904+00:00
DGS1,2022-10-27,4.50,2026-08-05,2026-08-05,2026-08-05T08:58:54.488904+00:00
DGS1,2022-10-28,4.55,2026-08-05,2026-08-05,2026-08-05T08:58:54.488904+00:00
DGS1,2022-10-31,4.66,2026-08-05,2026-08-05,2026-08-05T08:58:54.488904+00:00
DGS1,2022-11-01,4.75,2026-08-05,2026-08-05,2026-08-05T08:58:54.488904+00:00
DGS1,2022-11-02,4.76,2026-08-05,2026-08-05,2026-08-05T08:58:54.488904+00:00
DGS1,2022-11-03,4.78,2026-08-05,2026-08-05,2026-08-05T08:58:54.488904+00:00
DGS1,2022-11-04,4.76,2026-08-05,2026-08-05,2026-08-05T08:58:54.488904+00:00
DGS1,2022-11-07,4.80,2026-08-05,2026-08-05,2026-08-05T08:58:54.488904+00:00
DGS1,2022-11-08,4.77,2026-08-05,2026-08-05,2026-08-05T08:58:54.488904+00:00
DGS1,2022-11-09,4.75,2026-08-05,2026-08-05,2026-08-05T08:58:54.488904+00:00
DGS1,2022-11-10,4.59,2026-08-05,2026-08-05,2026-08-05T08:58:54.488904+00:00
DGS1,2022-11-11,.,2026-08-05,2026-08-05,2026-08-05T08:58:54.488904+00:00
DGS1,2022-11-14,4.63,2026-08-05,2026-08-05,2026-08-05T08:58:54.488904+00:00
DGS1,2022-11-15,4.60,2026-08-05,2026-08-05,2026-08-05T08:58:54.488904+00:00
DGS1,2022-11-16,4.62,2026-08-05,2026-08-05,2026-08-05T08:58:54.488904+00:00
DGS1,2022-11-17,4.68,2026-08-05,2026-08-05,2026-08-05T08:58:54.488904+00:00
DGS1,2022-11-18,4.74,2026-08-05,2026-08-05,2026-08-05T08:58:54.488904+00:00
DGS1,2022-11-21,4.75,2026-08-05,2026-08-05,2026-08-05T08:58:54.488904+00:00
DGS1,2022-11-22,4.79,2026-08-05,2026-08-05,2026-08-05T08:58:54.488904+00:00
DGS1,2022-11-23,4.75,2026-08-05,2026-08-05,2026-08-05T08:58:54.488904+00:00
DGS1,2022-11-24,.,2026-08-05,2026-08-05,2026-08-05T08:58:54.488904+00:00
DGS1,2022-11-25,4.76,2026-08-05,2026-08-05,2026-08-05T08:58:54.488904+00:00
DGS1,2022-11-28,4.76,2026-08-05,2026-08-05,2026-08-05T08:58:54.488904+00:00
DGS1,2022-11-29,4.78,2026-08-05,2026-08-05,2026-08-05T08:58:54.488904+00:00
DGS1,2022-11-30,4.74,2026-08-05,2026-08-05,2026-08-05T08:58:54.488904+00:00
DGS1,2022-12-01,4.66,2026-08-05,2026-08-05,2026-08-05T08:58:54.488904+00:00
DGS1,2022-12-02,4.69,2026-08-05,2026-08-05,2026-08-05T08:58:54.488904+00:00
DGS1,2022-12-05,4.77,2026-08-05,2026-08-05,2026-08-05T08:58:54.488904+00:00
DGS1,2022-12-06,4.73,2026-08-05,2026-08-05,2026-08-05T08:58:54.488904+00:00
DGS1,2022-12-07,4.67,2026-08-05,2026-08-05,2026-08-05T08:58:54.488904+00:00
DGS1,2022-12-08,4.71,2026-08-05,2026-08-05,2026-08-05T08:58:54.488904+00:00
DGS1,2022-12-09,4.72,2026-08-05,2026-08-05,2026-08-05T08:58:54.488904+00:00
DGS1,2022-12-12,4.75,2026-08-05,2026-08-05,2026-08-05T08:58:54.488904+00:00
DGS1,2022-12-13,4.64,2026-08-05,2026-08-05,2026-08-05T08:58:54.488904+00:00
DGS1,2022-12-14,4.64,2026-08-05,2026-08-05,2026-08-05T08:58:54.488904+00:00
DGS1,2022-12-15,4.65,2026-08-05,2026-08-05,2026-08-05T08:58:54.488904+00:00
DGS1,2022-12-16,4.61,2026-08-05,2026-08-05,2026-08-05T08:58:54.488904+00:00
DGS1,2022-12-19,4.64,2026-08-05,2026-08-05,2026-08-05T08:58:54.488904+00:00
DGS1,2022-12-20,4.64,2026-08-05,2026-08-05,2026-08-05T08:58:54.488904+00:00
DGS1,2022-12-21,4.60,2026-08-05,2026-08-05,2026-08-05T08:58:54.488904+00:00
DGS1,2022-12-22,4.64,2026-08-05,2026-08-05,2026-08-05T08:58:54.488904+00:00
DGS1,2022-12-23,4.66,2026-08-05,2026-08-05,2026-08-05T08:58:54.488904+00:00
DGS1,2022-12-26,.,2026-08-05,2026-08-05,2026-08-05T08:58:54.488904+00:00
DGS1,2022-12-27,4.75,2026-08-05,2026-08-05,2026-08-05T08:58:54.488904+00:00
DGS1,2022-12-28,4.71,2026-08-05,2026-08-05,2026-08-05T08:58:54.488904+00:00
DGS1,2022-12-29,4.71,2026-08-05,2026-08-05,2026-08-05T08:58:54.488904+00:00
DGS1,2022-12-30,4.73,2026-08-05,2026-08-05,2026-08-05T08:58:54.488904+00:00
DGS1,2023-01-02,.,2026-08-05,2026-08-05,2026-08-05T08:58:54.488904+00:00
DGS1,2023-01-03,4.72,2026-08-05,2026-08-05,2026-08-05T08:58:54.488904+00:00
DGS1,2023-01-04,4.71,2026-08-05,2026-08-05,2026-08-05T08:58:54.488904+00:00
DGS1,2023-01-05,4.78,2026-08-05,2026-08-05,2026-08-05T08:58:54.488904+00:00
DGS1,2023-01-06,4.71,2026-08-05,2026-08-05,2026-08-05T08:58:54.488904+00:00
DGS1,2023-01-09,4.69,2026-08-05,2026-08-05,2026-08-05T08:58:54.488904+00:00
DGS1,2023-01-10,4.74,2026-08-05,2026-08-05,2026-08-05T08:58:54.488904+00:00
DGS1,2023-01-11,4.73,2026-08-05,2026-08-05,2026-08-05T08:58:54.488904+00:00
DGS1,2023-01-12,4.66,2026-08-05,2026-08-05,2026-08-05T08:58:54.488904+00:00
DGS1,2023-01-13,4.69,2026-08-05,2026-08-05,2026-08-05T08:58:54.488904+00:00
DGS1,2023-01-16,.,2026-08-05,2026-08-05,2026-08-05T08:58:54.488904+00:00
DGS1,2023-01-17,4.67,2026-08-05,2026-08-05,2026-08-05T08:58:54.488904+00:00
DGS1,2023-01-18,4.63,2026-08-05,2026-08-05,2026-08-05T08:58:54.488904+00:00
DGS1,2023-01-19,4.65,2026-08-05,2026-08-05,2026-08-05T08:58:54.488904+00:00
DGS1,2023-01-20,4.68,2026-08-05,2026-08-05,2026-08-05T08:58:54.488904+00:00
DGS1,2023-01-23,4.70,2026-08-05,2026-08-05,2026-08-05T08:58:54.488904+00:00
DGS1,2023-01-24,4.70,2026-08-05,2026-08-05,2026-08-05T08:58:54.488904+00:00
DGS1,2023-01-25,4.67,2026-08-05,2026-08-05,2026-08-05T08:58:54.488904+00:00
DGS1,2023-01-26,4.68,2026-08-05,2026-08-05,2026-08-05T08:58:54.488904+00:00
DGS1,2023-01-27,4.68,2026-08-05,2026-08-05,2026-08-05T08:58:54.488904+00:00
DGS1,2023-01-30,4.71,2026-08-05,2026-08-05,2026-08-05T08:58:54.488904+00:00
DGS1,2023-01-31,4.68,2026-08-05,2026-08-05,2026-08-05T08:58:54.488904+00:00
DGS1,2023-02-01,4.66,2026-08-05,2026-08-05,2026-08-05T08:58:54.488904+00:00
DGS1,2023-02-02,4.64,2026-08-05,2026-08-05,2026-08-05T08:58:54.488904+00:00
DGS1,2023-02-03,4.79,2026-08-05,2026-08-05,2026-08-05T08:58:54.488904+00:00
DGS1,2023-02-06,4.85,2026-08-05,2026-08-05,2026-08-05T08:58:54.488904+00:00
DGS1,2023-02-07,4.88,2026-08-05,2026-08-05,2026-08-05T08:58:54.488904+00:00
DGS1,2023-02-08,4.87,2026-08-05,2026-08-05,2026-08-05T08:58:54.488904+00:00
DGS1,2023-02-09,4.88,2026-08-05,2026-08-05,2026-08-05T08:58:54.488904+00:00
DGS1,2023-02-10,4.89,2026-08-05,2026-08-05,2026-08-05T08:58:54.488904+00:00
DGS1,2023-02-13,4.91,2026-08-05,2026-08-05,2026-08-05T08:58:54.488904+00:00
DGS1,2023-02-14,4.99,2026-08-05,2026-08-05,2026-08-05T08:58:54.488904+00:00
DGS1,2023-02-15,4.96,2026-08-05,2026-08-05,2026-08-05T08:58:54.488904+00:00
DGS1,2023-02-16,4.99,2026-08-05,2026-08-05,2026-08-05T08:58:54.488904+00:00
DGS1,2023-02-17,5.00,2026-08-05,2026-08-05,2026-08-05T08:58:54.488904+00:00
DGS1,2023-02-20,.,2026-08-05,2026-08-05,2026-08-05T08:58:54.488904+00:00
DGS1,2023-02-21,5.07,2026-08-05,2026-08-05,2026-08-05T08:58:54.488904+00:00
DGS1,2023-02-22,5.07,2026-08-05,2026-08-05,2026-08-05T08:58:54.488904+00:00
DGS1,2023-02-23,5.03,2026-08-05,2026-08-05,2026-08-05T08:58:54.488904+00:00
DGS1,2023-02-24,5.05,2026-08-05,2026-08-05,2026-08-05T08:58:54.488904+00:00
DGS1,2023-02-27,5.03,2026-08-05,2026-08-05,2026-08-05T08:58:54.488904+00:00
DGS1,2023-02-28,5.02,2026-08-05,2026-08-05,2026-08-05T08:58:54.488904+00:00
DGS1,2023-03-01,5.06,2026-08-05,2026-08-05,2026-08-05T08:58:54.488904+00:00
DGS1,2023-03-02,5.04,2026-08-05,2026-08-05,2026-08-05T08:58:54.488904+00:00
DGS1,2023-03-03,5.03,2026-08-05,2026-08-05,2026-08-05T08:58:54.488904+00:00
DGS1,2023-03-06,5.05,2026-08-05,2026-08-05,2026-08-05T08:58:54.488904+00:00
DGS1,2023-03-07,5.22,2026-08-05,2026-08-05,2026-08-05T08:58:54.488904+00:00
DGS1,2023-03-08,5.25,2026-08-05,2026-08-05,2026-08-05T08:58:54.488904+00:00
DGS1,2023-03-09,5.18,2026-08-05,2026-08-05,2026-08-05T08:58:54.488904+00:00
DGS1,2023-03-10,4.90,2026-08-05,2026-08-05,2026-08-05T08:58:54.488904+00:00
DGS1,2023-03-13,4.30,2026-08-05,2026-08-05,2026-08-05T08:58:54.488904+00:00
DGS1,2023-03-14,4.45,2026-08-05,2026-08-05,2026-08-05T08:58:54.488904+00:00
DGS1,2023-03-15,4.19,2026-08-05,2026-08-05,2026-08-05T08:58:54.488904+00:00
DGS1,2023-03-16,4.49,2026-08-05,2026-08-05,2026-08-05T08:58:54.488904+00:00
DGS1,2023-03-17,4.26,2026-08-05,2026-08-05,2026-08-05T08:58:54.488904+00:00
DGS1,2023-03-20,4.34,2026-08-05,2026-08-05,2026-08-05T08:58:54.488904+00:00
DGS1,2023-03-21,4.68,2026-08-05,2026-08-05,2026-08-05T08:58:54.488904+00:00
DGS1,2023-03-22,4.56,2026-08-05,2026-08-05,2026-08-05T08:58:54.488904+00:00
DGS1,2023-03-23,4.38,2026-08-05,2026-08-05,2026-08-05T08:58:54.488904+00:00
DGS1,2023-03-24,4.32,2026-08-05,2026-08-05,2026-08-05T08:58:54.488904+00:00
DGS1,2023-03-27,4.51,2026-08-05,2026-08-05,2026-08-05T08:58:54.488904+00:00
DGS1,2023-03-28,4.55,2026-08-05,2026-08-05,2026-08-05T08:58:54.488904+00:00
DGS1,2023-03-29,4.59,2026-08-05,2026-08-05,2026-08-05T08:58:54.488904+00:00
DGS1,2023-03-30,4.63,2026-08-05,2026-08-05,2026-08-05T08:58:54.488904+00:00
DGS1,2023-03-31,4.64,2026-08-05,2026-08-05,2026-08-05T08:58:54.488904+00:00
DGS1,2023-04-03,4.60,2026-08-05,2026-08-05,2026-08-05T08:58:54.488904+00:00
DGS1,2023-04-04,4.50,2026-08-05,2026-08-05,2026-08-05T08:58:54.488904+00:00
DGS1,2023-04-05,4.43,2026-08-05,2026-08-05,2026-08-05T08:58:54.488904+00:00
DGS1,2023-04-06,4.51,2026-08-05,2026-08-05,2026-08-05T08:58:54.488904+00:00
DGS1,2023-04-07,4.61,2026-08-05,2026-08-05,2026-08-05T08:58:54.488904+00:00
DGS1,2023-04-10,4.65,2026-08-05,2026-08-05,2026-08-05T08:58:54.488904+00:00
DGS1,2023-04-11,4.67,2026-08-05,2026-08-05,2026-08-05T08:58:54.488904+00:00
DGS1,2023-04-12,4.64,2026-08-05,2026-08-05,2026-08-05T08:58:54.488904+00:00
DGS1,2023-04-13,4.66,2026-08-05,2026-08-05,2026-08-05T08:58:54.488904+00:00
DGS1,2023-04-14,4.77,2026-08-05,2026-08-05,2026-08-05T08:58:54.488904+00:00
DGS1,2023-04-17,4.80,2026-08-05,2026-08-05,2026-08-05T08:58:54.488904+00:00
DGS1,2023-04-18,4.81,2026-08-05,2026-08-05,2026-08-05T08:58:54.488904+00:00
DGS1,2023-04-19,4.84,2026-08-05,2026-08-05,2026-08-05T08:58:54.488904+00:00
DGS1,2023-04-20,4.77,2026-08-05,2026-08-05,2026-08-05T08:58:54.488904+00:00
DGS1,2023-04-21,4.78,2026-08-05,2026-08-05,2026-08-05T08:58:54.488904+00:00
DGS1,2023-04-24,4.76,2026-08-05,2026-08-05,2026-08-05T08:58:54.488904+00:00
DGS1,2023-04-25,4.60,2026-08-05,2026-08-05,2026-08-05T08:58:54.488904+00:00
DGS1,2023-04-26,4.64,2026-08-05,2026-08-05,2026-08-05T08:58:54.488904+00:00
DGS1,2023-04-27,4.78,2026-08-05,2026-08-05,2026-08-05T08:58:54.488904+00:00
DGS1,2023-04-28,4.80,2026-08-05,2026-08-05,2026-08-05T08:58:54.488904+00:00
DGS1,2023-05-01,4.86,2026-08-05,2026-08-05,2026-08-05T08:58:54.488904+00:00
DGS1,2023-05-02,4.74,2026-08-05,2026-08-05,2026-08-05T08:58:54.488904+00:00
DGS1,2023-05-03,4.70,2026-08-05,2026-08-05,2026-08-05T08:58:54.488904+00:00
DGS1,2023-05-04,4.59,2026-08-05,2026-08-05,2026-08-05T08:58:54.488904+00:00
DGS1,2023-05-05,4.73,2026-08-05,2026-08-05,2026-08-05T08:58:54.488904+00:00
DGS1,2023-05-08,4.79,2026-08-05,2026-08-05,2026-08-05T08:58:54.488904+00:00
DGS1,2023-05-09,4.81,2026-08-05,2026-08-05,2026-08-05T08:58:54.488904+00:00
DGS1,2023-05-10,4.70,2026-08-05,2026-08-05,2026-08-05T08:58:54.488904+00:00
DGS1,2023-05-11,4.70,2026-08-05,2026-08-05,2026-08-05T08:58:54.488904+00:00
DGS1,2023-05-12,4.75,2026-08-05,2026-08-05,2026-08-05T08:58:54.488904+00:00
DGS1,2023-05-15,4.73,2026-08-05,2026-08-05,2026-08-05T08:58:54.488904+00:00
DGS1,2023-05-16,4.88,2026-08-05,2026-08-05,2026-08-05T08:58:54.488904+00:00
DGS1,2023-05-17,4.92,2026-08-05,2026-08-05,2026-08-05T08:58:54.488904+00:00
DGS1,2023-05-18,5.02,2026-08-05,2026-08-05,2026-08-05T08:58:54.488904+00:00
DGS1,2023-05-19,5.02,2026-08-05,2026-08-05,2026-08-05T08:58:54.488904+00:00
DGS1,2023-05-22,5.07,2026-08-05,2026-08-05,2026-08-05T08:58:54.488904+00:00
DGS1,2023-05-23,5.06,2026-08-05,2026-08-05,2026-08-05T08:58:54.488904+00:00
DGS1,2023-05-24,5.12,2026-08-05,2026-08-05,2026-08-05T08:58:54.488904+00:00
DGS1,2023-05-25,5.24,2026-08-05,2026-08-05,2026-08-05T08:58:54.488904+00:00
DGS1,2023-05-26,5.25,2026-08-05,2026-08-05,2026-08-05T08:58:54.488904+00:00
DGS1,2023-05-29,.,2026-08-05,2026-08-05,2026-08-05T08:58:54.488904+00:00
DGS1,2023-05-30,5.22,2026-08-05,2026-08-05,2026-08-05T08:58:54.488904+00:00
DGS1,2023-05-31,5.18,2026-08-05,2026-08-05,2026-08-05T08:58:54.488904+00:00
DGS1,2023-06-01,5.11,2026-08-05,2026-08-05,2026-08-05T08:58:54.488904+00:00
DGS1,2023-06-02,5.22,2026-08-05,2026-08-05,2026-08-05T08:58:54.488904+00:00
DGS1,2023-06-05,5.17,2026-08-05,2026-08-05,2026-08-05T08:58:54.488904+00:00
DGS1,2023-06-06,5.20,2026-08-05,2026-08-05,2026-08-05T08:58:54.488904+00:00
DGS1,2023-06-07,5.16,2026-08-05,2026-08-05,2026-08-05T08:58:54.488904+00:00
DGS1,2023-06-08,5.12,2026-08-05,2026-08-05,2026-08-05T08:58:54.488904+00:00
DGS1,2023-06-09,5.17,2026-08-05,2026-08-05,2026-08-05T08:58:54.488904+00:00
DGS1,2023-06-12,5.18,2026-08-05,2026-08-05,2026-08-05T08:58:54.488904+00:00
DGS1,2023-06-13,5.26,2026-08-05,2026-08-05,2026-08-05T08:58:54.488904+00:00
DGS1,2023-06-14,5.27,2026-08-05,2026-08-05,2026-08-05T08:58:54.488904+00:00
DGS1,2023-06-15,5.21,2026-08-05,2026-08-05,2026-08-05T08:58:54.488904+00:00
DGS1,2023-06-16,5.24,2026-08-05,2026-08-05,2026-08-05T08:58:54.488904+00:00
DGS1,2023-06-19,.,2026-08-05,2026-08-05,2026-08-05T08:58:54.488904+00:00
DGS1,2023-06-20,5.24,2026-08-05,2026-08-05,2026-08-05T08:58:54.488904+00:00
DGS1,2023-06-21,5.25,2026-08-05,2026-08-05,2026-08-05T08:58:54.488904+00:00
DGS1,2023-06-22,5.29,2026-08-05,2026-08-05,2026-08-05T08:58:54.488904+00:00
DGS1,2023-06-23,5.25,2026-08-05,2026-08-05,2026-08-05T08:58:54.488904+00:00
DGS1,2023-06-26,5.27,2026-08-05,2026-08-05,2026-08-05T08:58:54.488904+00:00
DGS1,2023-06-27,5.33,2026-08-05,2026-08-05,2026-08-05T08:58:54.488904+00:00
DGS1,2023-06-28,5.32,2026-08-05,2026-08-05,2026-08-05T08:58:54.488904+00:00
DGS1,2023-06-29,5.41,2026-08-05,2026-08-05,2026-08-05T08:58:54.488904+00:00
DGS1,2023-06-30,5.40,2026-08-05,2026-08-05,2026-08-05T08:58:54.488904+00:00
DGS1,2023-07-03,5.43,2026-08-05,2026-08-05,2026-08-05T08:58:54.488904+00:00
DGS1,2023-07-04,.,2026-08-05,2026-08-05,2026-08-05T08:58:54.488904+00:00
DGS1,2023-07-05,5.40,2026-08-05,2026-08-05,2026-08-05T08:58:54.488904+00:00
DGS1,2023-07-06,5.44,2026-08-05,2026-08-05,2026-08-05T08:58:54.488904+00:00
DGS1,2023-07-07,5.41,2026-08-05,2026-08-05,2026-08-05T08:58:54.488904+00:00
DGS1,2023-07-10,5.38,2026-08-05,2026-08-05,2026-08-05T08:58:54.488904+00:00
DGS1,2023-07-11,5.44,2026-08-05,2026-08-05,2026-08-05T08:58:54.488904+00:00
DGS1,2023-07-12,5.35,2026-08-05,2026-08-05,2026-08-05T08:58:54.488904+00:00
DGS1,2023-07-13,5.27,2026-08-05,2026-08-05,2026-08-05T08:58:54.488904+00:00
DGS1,2023-07-14,5.34,2026-08-05,2026-08-05,2026-08-05T08:58:54.488904+00:00
DGS1,2023-07-17,5.33,2026-08-05,2026-08-05,2026-08-05T08:58:54.488904+00:00
DGS1,2023-07-18,5.32,2026-08-05,2026-08-05,2026-08-05T08:58:54.488904+00:00
DGS1,2023-07-19,5.32,2026-08-05,2026-08-05,2026-08-05T08:58:54.488904+00:00
DGS1,2023-07-20,5.35,2026-08-05,2026-08-05,2026-08-05T08:58:54.488904+00:00
DGS1,2023-07-21,5.35,2026-08-05,2026-08-05,2026-08-05T08:58:54.488904+00:00
DGS1,2023-07-24,5.38,2026-08-05,2026-08-05,2026-08-05T08:58:54.488904+00:00
DGS1,2023-07-25,5.38,2026-08-05,2026-08-05,2026-08-05T08:58:54.488904+00:00
DGS1,2023-07-26,5.37,2026-08-05,2026-08-05,2026-08-05T08:58:54.488904+00:00
DGS1,2023-07-27,5.40,2026-08-05,2026-08-05,2026-08-05T08:58:54.488904+00:00
DGS1,2023-07-28,5.37,2026-08-05,2026-08-05,2026-08-05T08:58:54.488904+00:00
DGS1,2023-07-31,5.37,2026-08-05,2026-08-05,2026-08-05T08:58:54.488904+00:00
DGS1,2023-08-01,5.38,2026-08-05,2026-08-05,2026-08-05T08:58:54.488904+00:00
DGS1,2023-08-02,5.36,2026-08-05,2026-08-05,2026-08-05T08:58:54.488904+00:00
DGS1,2023-08-03,5.37,2026-08-05,2026-08-05,2026-08-05T08:58:54.488904+00:00
DGS1,2023-08-04,5.33,2026-08-05,2026-08-05,2026-08-05T08:58:54.488904+00:00
DGS1,2023-08-07,5.30,2026-08-05,2026-08-05,2026-08-05T08:58:54.488904+00:00
DGS1,2023-08-08,5.35,2026-08-05,2026-08-05,2026-08-05T08:58:54.488904+00:00
DGS1,2023-08-09,5.35,2026-08-05,2026-08-05,2026-08-05T08:58:54.488904+00:00
DGS1,2023-08-10,5.33,2026-08-05,2026-08-05,2026-08-05T08:58:54.488904+00:00
DGS1,2023-08-11,5.36,2026-08-05,2026-08-05,2026-08-05T08:58:54.488904+00:00
DGS1,2023-08-14,5.37,2026-08-05,2026-08-05,2026-08-05T08:58:54.488904+00:00
DGS1,2023-08-15,5.36,2026-08-05,2026-08-05,2026-08-05T08:58:54.488904+00:00
DGS1,2023-08-16,5.37,2026-08-05,2026-08-05,2026-08-05T08:58:54.488904+00:00
DGS1,2023-08-17,5.36,2026-08-05,2026-08-05,2026-08-05T08:58:54.488904+00:00
DGS1,2023-08-18,5.35,2026-08-05,2026-08-05,2026-08-05T08:58:54.488904+00:00
DGS1,2023-08-21,5.37,2026-08-05,2026-08-05,2026-08-05T08:58:54.488904+00:00
DGS1,2023-08-22,5.39,2026-08-05,2026-08-05,2026-08-05T08:58:54.488904+00:00
DGS1,2023-08-23,5.35,2026-08-05,2026-08-05,2026-08-05T08:58:54.488904+00:00
DGS1,2023-08-24,5.39,2026-08-05,2026-08-05,2026-08-05T08:58:54.488904+00:00
DGS1,2023-08-25,5.44,2026-08-05,2026-08-05,2026-08-05T08:58:54.488904+00:00
DGS1,2023-08-28,5.44,2026-08-05,2026-08-05,2026-08-05T08:58:54.488904+00:00
DGS1,2023-08-29,5.37,2026-08-05,2026-08-05,2026-08-05T08:58:54.488904+00:00
DGS1,2023-08-30,5.39,2026-08-05,2026-08-05,2026-08-05T08:58:54.488904+00:00
DGS1,2023-08-31,5.37,2026-08-05,2026-08-05,2026-08-05T08:58:54.488904+00:00
DGS1,2023-09-01,5.36,2026-08-05,2026-08-05,2026-08-05T08:58:54.488904+00:00
DGS1,2023-09-04,.,2026-08-05,2026-08-05,2026-08-05T08:58:54.488904+00:00
DGS1,2023-09-05,5.42,2026-08-05,2026-08-05,2026-08-05T08:58:54.488904+00:00
DGS1,2023-09-06,5.44,2026-08-05,2026-08-05,2026-08-05T08:58:54.488904+00:00
DGS1,2023-09-07,5.40,2026-08-05,2026-08-05,2026-08-05T08:58:54.488904+00:00
DGS1,2023-09-08,5.42,2026-08-05,2026-08-05,2026-08-05T08:58:54.488904+00:00
DGS1,2023-09-11,5.40,2026-08-05,2026-08-05,2026-08-05T08:58:54.488904+00:00
DGS1,2023-09-12,5.42,2026-08-05,2026-08-05,2026-08-05T08:58:54.488904+00:00
DGS1,2023-09-13,5.42,2026-08-05,2026-08-05,2026-08-05T08:58:54.488904+00:00
DGS1,2023-09-14,5.42,2026-08-05,2026-08-05,2026-08-05T08:58:54.488904+00:00
DGS1,2023-09-15,5.43,2026-08-05,2026-08-05,2026-08-05T08:58:54.488904+00:00
DGS1,2023-09-18,5.44,2026-08-05,2026-08-05,2026-08-05T08:58:54.488904+00:00
DGS1,2023-09-19,5.45,2026-08-05,2026-08-05,2026-08-05T08:58:54.488904+00:00
DGS1,2023-09-20,5.47,2026-08-05,2026-08-05,2026-08-05T08:58:54.488904+00:00
DGS1,2023-09-21,5.46,2026-08-05,2026-08-05,2026-08-05T08:58:54.488904+00:00
DGS1,2023-09-22,5.46,2026-08-05,2026-08-05,2026-08-05T08:58:54.488904+00:00
DGS1,2023-09-25,5.45,2026-08-05,2026-08-05,2026-08-05T08:58:54.488904+00:00
DGS1,2023-09-26,5.45,2026-08-05,2026-08-05,2026-08-05T08:58:54.488904+00:00
DGS1,2023-09-27,5.49,2026-08-05,2026-08-05,2026-08-05T08:58:54.488904+00:00
DGS1,2023-09-28,5.46,2026-08-05,2026-08-05,2026-08-05T08:58:54.488904+00:00
DGS1,2023-09-29,5.46,2026-08-05,2026-08-05,2026-08-05T08:58:54.488904+00:00
DGS1,2023-10-02,5.49,2026-08-05,2026-08-05,2026-08-05T08:58:54.488904+00:00
DGS1,2023-10-03,5.49,2026-08-05,2026-08-05,2026-08-05T08:58:54.488904+00:00
DGS1,2023-10-04,5.42,2026-08-05,2026-08-05,2026-08-05T08:58:54.488904+00:00
DGS1,2023-10-05,5.39,2026-08-05,2026-08-05,2026-08-05T08:58:54.488904+00:00
DGS1,2023-10-06,5.43,2026-08-05,2026-08-05,2026-08-05T08:58:54.488904+00:00
DGS1,2023-10-09,.,2026-08-05,2026-08-05,2026-08-05T08:58:54.488904+00:00
DGS1,2023-10-10,5.37,2026-08-05,2026-08-05,2026-08-05T08:58:54.488904+00:00
DGS1,2023-10-11,5.38,2026-08-05,2026-08-05,2026-08-05T08:58:54.488904+00:00
DGS1,2023-10-12,5.43,2026-08-05,2026-08-05,2026-08-05T08:58:54.488904+00:00
DGS1,2023-10-13,5.41,2026-08-05,2026-08-05,2026-08-05T08:58:54.488904+00:00
DGS1,2023-10-16,5.42,2026-08-05,2026-08-05,2026-08-05T08:58:54.488904+00:00
DGS1,2023-10-17,5.48,2026-08-05,2026-08-05,2026-08-05T08:58:54.488904+00:00
DGS1,2023-10-18,5.47,2026-08-05,2026-08-05,2026-08-05T08:58:54.488904+00:00
DGS1,2023-10-19,5.44,2026-08-05,2026-08-05,2026-08-05T08:58:54.488904+00:00
DGS1,2023-10-20,5.41,2026-08-05,2026-08-05,2026-08-05T08:58:54.488904+00:00
DGS1,2023-10-23,5.42,2026-08-05,2026-08-05,2026-08-05T08:58:54.488904+00:00
DGS1,2023-10-24,5.41,2026-08-05,2026-08-05,2026-08-05T08:58:54.488904+00:00
DGS1,2023-10-25,5.43,2026-08-05,2026-08-05,2026-08-05T08:58:54.488904+00:00
DGS1,2023-10-26,5.39,2026-08-05,2026-08-05,2026-08-05T08:58:54.488904+00:00
DGS1,2023-10-27,5.39,2026-08-05,2026-08-05,2026-08-05T08:58:54.488904+00:00
DGS1,2023-10-30,5.41,2026-08-05,2026-08-05,2026-08-05T08:58:54.488904+00:00
DGS1,2023-10-31,5.44,2026-08-05,2026-08-05,2026-08-05T08:58:54.488904+00:00
DGS1,2023-11-01,5.37,2026-08-05,2026-08-05,2026-08-05T08:58:54.488904+00:00
DGS1,2023-11-02,5.38,2026-08-05,2026-08-05,2026-08-05T08:58:54.488904+00:00
DGS1,2023-11-03,5.29,2026-08-05,2026-08-05,2026-08-05T08:58:54.488904+00:00
DGS1,2023-11-06,5.33,2026-08-05,2026-08-05,2026-08-05T08:58:54.488904+00:00
DGS1,2023-11-07,5.33,2026-08-05,2026-08-05,2026-08-05T08:58:54.488904+00:00
DGS1,2023-11-08,5.34,2026-08-05,2026-08-05,2026-08-05T08:58:54.488904+00:00
DGS1,2023-11-09,5.39,2026-08-05,2026-08-05,2026-08-05T08:58:54.488904+00:00
DGS1,2023-11-10,5.38,2026-08-05,2026-08-05,2026-08-05T08:58:54.488904+00:00
DGS1,2023-11-13,5.37,2026-08-05,2026-08-05,2026-08-05T08:58:54.488904+00:00
DGS1,2023-11-14,5.24,2026-08-05,2026-08-05,2026-08-05T08:58:54.488904+00:00
DGS1,2023-11-15,5.27,2026-08-05,2026-08-05,2026-08-05T08:58:54.488904+00:00
DGS1,2023-11-16,5.23,2026-08-05,2026-08-05,2026-08-05T08:58:54.488904+00:00
DGS1,2023-11-17,5.24,2026-08-05,2026-08-05,2026-08-05T08:58:54.488904+00:00
DGS1,2023-11-20,5.25,2026-08-05,2026-08-05,2026-08-05T08:58:54.488904+00:00
DGS1,2023-11-21,5.24,2026-08-05,2026-08-05,2026-08-05T08:58:54.488904+00:00
DGS1,2023-11-22,5.26,2026-08-05,2026-08-05,2026-08-05T08:58:54.488904+00:00
DGS1,2023-11-23,.,2026-08-05,2026-08-05,2026-08-05T08:58:54.488904+00:00
DGS1,2023-11-24,5.27,2026-08-05,2026-08-05,2026-08-05T08:58:54.488904+00:00
DGS1,2023-11-27,5.24,2026-08-05,2026-08-05,2026-08-05T08:58:54.488904+00:00
DGS1,2023-11-28,5.21,2026-08-05,2026-08-05,2026-08-05T08:58:54.488904+00:00
DGS1,2023-11-29,5.12,2026-08-05,2026-08-05,2026-08-05T08:58:54.488904+00:00
DGS1,2023-11-30,5.16,2026-08-05,2026-08-05,2026-08-05T08:58:54.488904+00:00
DGS1,2023-12-01,5.05,2026-08-05,2026-08-05,2026-08-05T08:58:54.488904+00:00
DGS1,2023-12-04,5.10,2026-08-05,2026-08-05,2026-08-05T08:58:54.488904+00:00
DGS1,2023-12-05,5.06,2026-08-05,2026-08-05,2026-08-05T08:58:54.488904+00:00
DGS1,2023-12-06,5.07,2026-08-05,2026-08-05,2026-08-05T08:58:54.488904+00:00
DGS1,2023-12-07,5.05,2026-08-05,2026-08-05,2026-08-05T08:58:54.488904+00:00
DGS1,2023-12-08,5.13,2026-08-05,2026-08-05,2026-08-05T08:58:54.488904+00:00
DGS1,2023-12-11,5.14,2026-08-05,2026-08-05,2026-08-05T08:58:54.488904+00:00
DGS1,2023-12-12,5.14,2026-08-05,2026-08-05,2026-08-05T08:58:54.488904+00:00
DGS1,2023-12-13,4.94,2026-08-05,2026-08-05,2026-08-05T08:58:54.488904+00:00
DGS1,2023-12-14,4.90,2026-08-05,2026-08-05,2026-08-05T08:58:54.488904+00:00
DGS1,2023-12-15,4.95,2026-08-05,2026-08-05,2026-08-05T08:58:54.488904+00:00
DGS1,2023-12-18,4.95,2026-08-05,2026-08-05,2026-08-05T08:58:54.488904+00:00
DGS1,2023-12-19,4.93,2026-08-05,2026-08-05,2026-08-05T08:58:54.488904+00:00
DGS1,2023-12-20,4.88,2026-08-05,2026-08-05,2026-08-05T08:58:54.488904+00:00
DGS1,2023-12-21,4.84,2026-08-05,2026-08-05,2026-08-05T08:58:54.488904+00:00
DGS1,2023-12-22,4.82,2026-08-05,2026-08-05,2026-08-05T08:58:54.488904+00:00
DGS1,2023-12-25,.,2026-08-05,2026-08-05,2026-08-05T08:58:54.488904+00:00
DGS1,2023-12-26,4.83,2026-08-05,2026-08-05,2026-08-05T08:58:54.488904+00:00
DGS1,2023-12-27,4.79,2026-08-05,2026-08-05,2026-08-05T08:58:54.488904+00:00
DGS1,2023-12-28,4.82,2026-08-05,2026-08-05,2026-08-05T08:58:54.488904+00:00
DGS1,2023-12-29,4.79,2026-08-05,2026-08-05,2026-08-05T08:58:54.488904+00:00
DGS1,2024-01-01,.,2026-08-05,2026-08-05,2026-08-05T08:58:54.488904+00:00
DGS1,2024-01-02,4.80,2026-08-05,2026-08-05,2026-08-05T08:58:54.488904+00:00
DGS1,2024-01-03,4.81,2026-08-05,2026-08-05,2026-08-05T08:58:54.488904+00:00
DGS1,2024-01-04,4.85,2026-08-05,2026-08-05,2026-08-05T08:58:54.488904+00:00
DGS1,2024-01-05,4.84,2026-08-05,2026-08-05,2026-08-05T08:58:54.488904+00:00
DGS1,2024-01-08,4.82,2026-08-05,2026-08-05,2026-08-05T08:58:54.488904+00:00
DGS1,2024-01-09,4.82,2026-08-05,2026-08-05,2026-08-05T08:58:54.488904+00:00
DGS1,2024-01-10,4.82,2026-08-05,2026-08-05,2026-08-05T08:58:54.488904+00:00
DGS1,2024-01-11,4.75,2026-08-05,2026-08-05,2026-08-05T08:58:54.488904+00:00
DGS1,2024-01-12,4.65,2026-08-05,2026-08-05,2026-08-05T08:58:54.488904+00:00
DGS1,2024-01-15,.,2026-08-05,2026-08-05,2026-08-05T08:58:54.488904+00:00
DGS1,2024-01-16,4.70,2026-08-05,2026-08-05,2026-08-05T08:58:54.488904+00:00
DGS1,2024-01-17,4.80,2026-08-05,2026-08-05,2026-08-05T08:58:54.488904+00:00
DGS1,2024-01-18,4.80,2026-08-05,2026-08-05,2026-08-05T08:58:54.488904+00:00
DGS1,2024-01-19,4.84,2026-08-05,2026-08-05,2026-08-05T08:58:54.488904+00:00
DGS1,2024-01-22,4.83,2026-08-05,2026-08-05,2026-08-05T08:58:54.488904+00:00
DGS1,2024-01-23,4.81,2026-08-05,2026-08-05,2026-08-05T08:58:54.488904+00:00
DGS1,2024-01-24,4.83,2026-08-05,2026-08-05,2026-08-05T08:58:54.488904+00:00
DGS1,2024-01-25,4.76,2026-08-05,2026-08-05,2026-08-05T08:58:54.488904+00:00
DGS1,2024-01-26,4.78,2026-08-05,2026-08-05,2026-08-05T08:58:54.488904+00:00
DGS1,2024-01-29,4.76,2026-08-05,2026-08-05,2026-08-05T08:58:54.488904+00:00
DGS1,2024-01-30,4.80,2026-08-05,2026-08-05,2026-08-05T08:58:54.488904+00:00
DGS1,2024-01-31,4.73,2026-08-05,2026-08-05,2026-08-05T08:58:54.488904+00:00
DGS1,2024-02-01,4.68,2026-08-05,2026-08-05,2026-08-05T08:58:54.488904+00:00
DGS1,2024-02-02,4.81,2026-08-05,2026-08-05,2026-08-05T08:58:54.488904+00:00
DGS1,2024-02-05,4.87,2026-08-05,2026-08-05,2026-08-05T08:58:54.488904+00:00
DGS1,2024-02-06,4.82,2026-08-05,2026-08-05,2026-08-05T08:58:54.488904+00:00
DGS1,2024-02-07,4.83,2026-08-05,2026-08-05,2026-08-05T08:58:54.488904+00:00
DGS1,2024-02-08,4.83,2026-08-05,2026-08-05,2026-08-05T08:58:54.488904+00:00
DGS1,2024-02-09,4.86,2026-08-05,2026-08-05,2026-08-05T08:58:54.488904+00:00
DGS1,2024-02-12,4.87,2026-08-05,2026-08-05,2026-08-05T08:58:54.488904+00:00
DGS1,2024-02-13,4.99,2026-08-05,2026-08-05,2026-08-05T08:58:54.488904+00:00
DGS1,2024-02-14,4.94,2026-08-05,2026-08-05,2026-08-05T08:58:54.488904+00:00
DGS1,2024-02-15,4.93,2026-08-05,2026-08-05,2026-08-05T08:58:54.488904+00:00
DGS1,2024-02-16,4.98,2026-08-05,2026-08-05,2026-08-05T08:58:54.488904+00:00
DGS1,2024-02-19,.,2026-08-05,2026-08-05,2026-08-05T08:58:54.488904+00:00
DGS1,2024-02-20,4.97,2026-08-05,2026-08-05,2026-08-05T08:58:54.488904+00:00
DGS1,2024-02-21,4.98,2026-08-05,2026-08-05,2026-08-05T08:58:54.488904+00:00
DGS1,2024-02-22,5.02,2026-08-05,2026-08-05,2026-08-05T08:58:54.488904+00:00
DGS1,2024-02-23,5.0,2026-08-05,2026-08-05,2026-08-05T08:58:54.488904+00:00
DGS1,2024-02-26,5.03,2026-08-05,2026-08-05,2026-08-05T08:58:54.488904+00:00
DGS1,2024-02-27,5.03,2026-08-05,2026-08-05,2026-08-05T08:58:54.488904+00:00
DGS1,2024-02-28,5.0,2026-08-05,2026-08-05,2026-08-05T08:58:54.488904+00:00
DGS1,2024-02-29,5.01,2026-08-05,2026-08-05,2026-08-05T08:58:54.488904+00:00
DGS1,2024-03-01,4.94,2026-08-05,2026-08-05,2026-08-05T08:58:54.488904+00:00
DGS1,2024-03-04,4.98,2026-08-05,2026-08-05,2026-08-05T08:58:54.488904+00:00
DGS1,2024-03-05,4.94,2026-08-05,2026-08-05,2026-08-05T08:58:54.488904+00:00
DGS1,2024-03-06,4.95,2026-08-05,2026-08-05,2026-08-05T08:58:54.488904+00:00
DGS1,2024-03-07,4.93,2026-08-05,2026-08-05,2026-08-05T08:58:54.488904+00:00
DGS1,2024-03-08,4.92,2026-08-05,2026-08-05,2026-08-05T08:58:54.488904+00:00
DGS1,2024-03-11,4.95,2026-08-05,2026-08-05,2026-08-05T08:58:54.488904+00:00
DGS1,2024-03-12,5.0,2026-08-05,2026-08-05,2026-08-05T08:58:54.488904+00:00
DGS1,2024-03-13,5.01,2026-08-05,2026-08-05,2026-08-05T08:58:54.488904+00:00
DGS1,2024-03-14,5.04,2026-08-05,2026-08-05,2026-08-05T08:58:54.488904+00:00
DGS1,2024-03-15,5.05,2026-08-05,2026-08-05,2026-08-05T08:58:54.488904+00:00
DGS1,2024-03-18,5.06,2026-08-05,2026-08-05,2026-08-05T08:58:54.488904+00:00
DGS1,2024-03-19,5.06,2026-08-05,2026-08-05,2026-08-05T08:58:54.488904+00:00
DGS1,2024-03-20,5.01,2026-08-05,2026-08-05,2026-08-05T08:58:54.488904+00:00
DGS1,2024-03-21,5.01,2026-08-05,2026-08-05,2026-08-05T08:58:54.488904+00:00
DGS1,2024-03-22,4.98,2026-08-05,2026-08-05,2026-08-05T08:58:54.488904+00:00
DGS1,2024-03-25,5.0,2026-08-05,2026-08-05,2026-08-05T08:58:54.488904+00:00
DGS1,2024-03-26,5.0,2026-08-05,2026-08-05,2026-08-05T08:58:54.488904+00:00
DGS1,2024-03-27,4.99,2026-08-05,2026-08-05,2026-08-05T08:58:54.488904+00:00
DGS1,2024-03-28,5.03,2026-08-05,2026-08-05,2026-08-05T08:58:54.488904+00:00
DGS1,2024-03-29,.,2026-08-05,2026-08-05,2026-08-05T08:58:54.488904+00:00
DGS1,2024-04-01,5.06,2026-08-05,2026-08-05,2026-08-05T08:58:54.488904+00:00
DGS1,2024-04-02,5.05,2026-08-05,2026-08-05,2026-08-05T08:58:54.488904+00:00
DGS1,2024-04-03,5.03,2026-08-05,2026-08-05,2026-08-05T08:58:54.488904+00:00
DGS1,2024-04-04,5.0,2026-08-05,2026-08-05,2026-08-05T08:58:54.488904+00:00
DGS1,2024-04-05,5.05,2026-08-05,2026-08-05,2026-08-05T08:58:54.488904+00:00
DGS1,2024-04-08,5.07,2026-08-05,2026-08-05,2026-08-05T08:58:54.488904+00:00
DGS1,2024-04-09,5.03,2026-08-05,2026-08-05,2026-08-05T08:58:54.488904+00:00
DGS1,2024-04-10,5.19,2026-08-05,2026-08-05,2026-08-05T08:58:54.488904+00:00
DGS1,2024-04-11,5.17,2026-08-05,2026-08-05,2026-08-05T08:58:54.488904+00:00
DGS1,2024-04-12,5.13,2026-08-05,2026-08-05,2026-08-05T08:58:54.488904+00:00
DGS1,2024-04-15,5.16,2026-08-05,2026-08-05,2026-08-05T08:58:54.488904+00:00
DGS1,2024-04-16,5.18,2026-08-05,2026-08-05,2026-08-05T08:58:54.488904+00:00
DGS1,2024-04-17,5.16,2026-08-05,2026-08-05,2026-08-05T08:58:54.488904+00:00
DGS1,2024-04-18,5.18,2026-08-05,2026-08-05,2026-08-05T08:58:54.488904+00:00
DGS1,2024-04-19,5.17,2026-08-05,2026-08-05,2026-08-05T08:58:54.488904+00:00
DGS1,2024-04-22,5.16,2026-08-05,2026-08-05,2026-08-05T08:58:54.488904+00:00
DGS1,2024-04-23,5.14,2026-08-05,2026-08-05,2026-08-05T08:58:54.488904+00:00
DGS1,2024-04-24,5.17,2026-08-05,2026-08-05,2026-08-05T08:58:54.488904+00:00
DGS1,2024-04-25,5.21,2026-08-05,2026-08-05,2026-08-05T08:58:54.488904+00:00
DGS1,2024-04-26,5.21,2026-08-05,2026-08-05,2026-08-05T08:58:54.488904+00:00
DGS1,2024-04-29,5.2,2026-08-05,2026-08-05,2026-08-05T08:58:54.488904+00:00
DGS1,2024-04-30,5.25,2026-08-05,2026-08-05,2026-08-05T08:58:54.488904+00:00
DGS1,2024-05-01,5.21,2026-08-05,2026-08-05,2026-08-05T08:58:54.488904+00:00
DGS1,2024-05-02,5.16,2026-08-05,2026-08-05,2026-08-05T08:58:54.488904+00:00
DGS1,2024-05-03,5.12,2026-08-05,2026-08-05,2026-08-05T08:58:54.488904+00:00
DGS1,2024-05-06,5.12,2026-08-05,2026-08-05,2026-08-05T08:58:54.488904+00:00
DGS1,2024-05-07,5.13,2026-08-05,2026-08-05,2026-08-05T08:58:54.488904+00:00
DGS1,2024-05-08,5.13,2026-08-05,2026-08-05,2026-08-05T08:58:54.488904+00:00
DGS1,2024-05-09,5.12,2026-08-05,2026-08-05,2026-08-05T08:58:54.488904+00:00
DGS1,2024-05-10,5.17,2026-08-05,2026-08-05,2026-08-05T08:58:54.488904+00:00
DGS1,2024-05-13,5.16,2026-08-05,2026-08-05,2026-08-05T08:58:54.488904+00:00
DGS1,2024-05-14,5.16,2026-08-05,2026-08-05,2026-08-05T08:58:54.488904+00:00
DGS1,2024-05-15,5.1,2026-08-05,2026-08-05,2026-08-05T08:58:54.488904+00:00
DGS1,2024-05-16,5.13,2026-08-05,2026-08-05,2026-08-05T08:58:54.488904+00:00
DGS1,2024-05-17,5.14,2026-08-05,2026-08-05,2026-08-05T08:58:54.488904+00:00
DGS1,2024-05-20,5.15,2026-08-05,2026-08-05,2026-08-05T08:58:54.488904+00:00
DGS1,2024-05-21,5.14,2026-08-05,2026-08-05,2026-08-05T08:58:54.488904+00:00
DGS1,2024-05-22,5.16,2026-08-05,2026-08-05,2026-08-05T08:58:54.488904+00:00
DGS1,2024-05-23,5.2,2026-08-05,2026-08-05,2026-08-05T08:58:54.488904+00:00
DGS1,2024-05-24,5.21,2026-08-05,2026-08-05,2026-08-05T08:58:54.488904+00:00
DGS1,2024-05-27,.,2026-08-05,2026-08-05,2026-08-05T08:58:54.488904+00:00
DGS1,2024-05-28,5.21,2026-08-05,2026-08-05,2026-08-05T08:58:54.488904+00:00
DGS1,2024-05-29,5.22,2026-08-05,2026-08-05,2026-08-05T08:58:54.488904+00:00
DGS1,2024-05-30,5.19,2026-08-05,2026-08-05,2026-08-05T08:58:54.488904+00:00
DGS1,2024-05-31,5.18,2026-08-05,2026-08-05,2026-08-05T08:58:54.488904+00:00
DGS1,2024-06-03,5.14,2026-08-05,2026-08-05,2026-08-05T08:58:54.488904+00:00
DGS1,2024-06-04,5.11,2026-08-05,2026-08-05,2026-08-05T08:58:54.488904+00:00
DGS1,2024-06-05,5.08,2026-08-05,2026-08-05,2026-08-05T08:58:54.488904+00:00
DGS1,2024-06-06,5.08,2026-08-05,2026-08-05,2026-08-05T08:58:54.488904+00:00
DGS1,2024-06-07,5.17,2026-08-05,2026-08-05,2026-08-05T08:58:54.488904+00:00
DGS1,2024-06-10,5.16,2026-08-05,2026-08-05,2026-08-05T08:58:54.488904+00:00
DGS1,2024-06-11,5.17,2026-08-05,2026-08-05,2026-08-05T08:58:54.488904+00:00
DGS1,2024-06-12,5.13,2026-08-05,2026-08-05,2026-08-05T08:58:54.488904+00:00
DGS1,2024-06-13,5.07,2026-08-05,2026-08-05,2026-08-05T08:58:54.488904+00:00
DGS1,2024-06-14,5.07,2026-08-05,2026-08-05,2026-08-05T08:58:54.488904+00:00
DGS1,2024-06-17,5.11,2026-08-05,2026-08-05,2026-08-05T08:58:54.488904+00:00
DGS1,2024-06-18,5.09,2026-08-05,2026-08-05,2026-08-05T08:58:54.488904+00:00
DGS1,2024-06-19,.,2026-08-05,2026-08-05,2026-08-05T08:58:54.488904+00:00
DGS1,2024-06-20,5.1,2026-08-05,2026-08-05,2026-08-05T08:58:54.488904+00:00
DGS1,2024-06-21,5.1,2026-08-05,2026-08-05,2026-08-05T08:58:54.488904+00:00
DGS1,2024-06-24,5.1,2026-08-05,2026-08-05,2026-08-05T08:58:54.488904+00:00
DGS1,2024-06-25,5.1,2026-08-05,2026-08-05,2026-08-05T08:58:54.488904+00:00
DGS1,2024-06-26,5.13,2026-08-05,2026-08-05,2026-08-05T08:58:54.488904+00:00
DGS1,2024-06-27,5.1,2026-08-05,2026-08-05,2026-08-05T08:58:54.488904+00:00
DGS1,2024-06-28,5.09,2026-08-05,2026-08-05,2026-08-05T08:58:54.488904+00:00
DGS1,2024-07-01,5.1,2026-08-05,2026-08-05,2026-08-05T08:58:54.488904+00:00
DGS1,2024-07-02,5.07,2026-08-05,2026-08-05,2026-08-05T08:58:54.488904+00:00
DGS1,2024-07-03,5.04,2026-08-05,2026-08-05,2026-08-05T08:58:54.488904+00:00
DGS1,2024-07-04,.,2026-08-05,2026-08-05,2026-08-05T08:58:54.488904+00:00
DGS1,2024-07-05,4.98,2026-08-05,2026-08-05,2026-08-05T08:58:54.488904+00:00
DGS1,2024-07-08,4.99,2026-08-05,2026-08-05,2026-08-05T08:58:54.488904+00:00
DGS1,2024-07-09,5.02,2026-08-05,2026-08-05,2026-08-05T08:58:54.488904+00:00
DGS1,2024-07-10,5.01,2026-08-05,2026-08-05,2026-08-05T08:58:54.488904+00:00
DGS1,2024-07-11,4.91,2026-08-05,2026-08-05,2026-08-05T08:58:54.488904+00:00
DGS1,2024-07-12,4.87,2026-08-05,2026-08-05,2026-08-05T08:58:54.488904+00:00
DGS1,2024-07-15,4.85,2026-08-05,2026-08-05,2026-08-05T08:58:54.488904+00:00
DGS1,2024-07-16,4.85,2026-08-05,2026-08-05,2026-08-05T08:58:54.488904+00:00
DGS1,2024-07-17,4.85,2026-08-05,2026-08-05,2026-08-05T08:58:54.488904+00:00
DGS1,2024-07-18,4.86,2026-08-05,2026-08-05,2026-08-05T08:58:54.488904+00:00
DGS1,2024-07-19,4.87,2026-08-05,2026-08-05,2026-08-05T08:58:54.488904+00:00
DGS1,2024-07-22,4.88,2026-08-05,2026-08-05,2026-08-05T08:58:54.488904+00:00
DGS1,2024-07-23,4.85,2026-08-05,2026-08-05,2026-08-05T08:58:54.488904+00:00
DGS1,2024-07-24,4.82,2026-08-05,2026-08-05,2026-08-05T08:58:54.488904+00:00
DGS1,2024-07-25,4.83,2026-08-05,2026-08-05,2026-08-05T08:58:54.488904+00:00
DGS1,2024-07-26,4.79,2026-08-05,2026-08-05,2026-08-05T08:58:54.488904+00:00
DGS1,2024-07-29,4.79,2026-08-05,2026-08-05,2026-08-05T08:58:54.488904+00:00
DGS1,2024-07-30,4.78,2026-08-05,2026-08-05,2026-08-05T08:58:54.488904+00:00
DGS1,2024-07-31,4.73,2026-08-05,2026-08-05,2026-08-05T08:58:54.488904+00:00
DGS1,2024-08-01,4.62,2026-08-05,2026-08-05,2026-08-05T08:58:54.488904+00:00
DGS1,2024-08-02,4.33,2026-08-05,2026-08-05,2026-08-05T08:58:54.488904+00:00
DGS1,2024-08-05,4.34,2026-08-05,2026-08-05,2026-08-05T08:58:54.488904+00:00
DGS1,2024-08-06,4.46,2026-08-05,2026-08-05,2026-08-05T08:58:54.488904+00:00
DGS1,2024-08-07,4.45,2026-08-05,2026-08-05,2026-08-05T08:58:54.488904+00:00
DGS1,2024-08-08,4.48,2026-08-05,2026-08-05,2026-08-05T08:58:54.488904+00:00
DGS1,2024-08-09,4.5,2026-08-05,2026-08-05,2026-08-05T08:58:54.488904+00:00
DGS1,2024-08-12,4.47,2026-08-05,2026-08-05,2026-08-05T08:58:54.488904+00:00
DGS1,2024-08-13,4.4,2026-08-05,2026-08-05,2026-08-05T08:58:54.488904+00:00
DGS1,2024-08-14,4.42,2026-08-05,2026-08-05,2026-08-05T08:58:54.488904+00:00
DGS1,2024-08-15,4.52,2026-08-05,2026-08-05,2026-08-05T08:58:54.488904+00:00
DGS1,2024-08-16,4.49,2026-08-05,2026-08-05,2026-08-05T08:58:54.488904+00:00
DGS1,2024-08-19,4.48,2026-08-05,2026-08-05,2026-08-05T08:58:54.488904+00:00
DGS1,2024-08-20,4.43,2026-08-05,2026-08-05,2026-08-05T08:58:54.488904+00:00
DGS1,2024-08-21,4.36,2026-08-05,2026-08-05,2026-08-05T08:58:54.488904+00:00
DGS1,2024-08-22,4.43,2026-08-05,2026-08-05,2026-08-05T08:58:54.488904+00:00
DGS1,2024-08-23,4.36,2026-08-05,2026-08-05,2026-08-05T08:58:54.488904+00:00
DGS1,2024-08-26,4.38,2026-08-05,2026-08-05,2026-08-05T08:58:54.488904+00:00
DGS1,2024-08-27,4.34,2026-08-05,2026-08-05,2026-08-05T08:58:54.488904+00:00
DGS1,2024-08-28,4.36,2026-08-05,2026-08-05,2026-08-05T08:58:54.488904+00:00
DGS1,2024-08-29,4.38,2026-08-05,2026-08-05,2026-08-05T08:58:54.488904+00:00
DGS1,2024-08-30,4.38,2026-08-05,2026-08-05,2026-08-05T08:58:54.488904+00:00
DGS1,2024-09-02,.,2026-08-05,2026-08-05,2026-08-05T08:58:54.488904+00:00
DGS1,2024-09-03,4.35,2026-08-05,2026-08-05,2026-08-05T08:58:54.488904+00:00
DGS1,2024-09-04,4.23,2026-08-05,2026-08-05,2026-08-05T08:58:54.488904+00:00
DGS1,2024-09-05,4.21,2026-08-05,2026-08-05,2026-08-05T08:58:54.488904+00:00
DGS1,2024-09-06,4.1,2026-08-05,2026-08-05,2026-08-05T08:58:54.488904+00:00
DGS1,2024-09-09,4.12,2026-08-05,2026-08-05,2026-08-05T08:58:54.488904+00:00
DGS1,2024-09-10,4.07,2026-08-05,2026-08-05,2026-08-05T08:58:54.488904+00:00
DGS1,2024-09-11,4.12,2026-08-05,2026-08-05,2026-08-05T08:58:54.488904+00:00
DGS1,2024-09-12,4.09,2026-08-05,2026-08-05,2026-08-05T08:58:54.488904+00:00
DGS1,2024-09-13,4.0,2026-08-05,2026-08-05,2026-08-05T08:58:54.488904+00:00
DGS1,2024-09-16,3.96,2026-08-05,2026-08-05,2026-08-05T08:58:54.488904+00:00
DGS1,2024-09-17,3.99,2026-08-05,2026-08-05,2026-08-05T08:58:54.488904+00:00
DGS1,2024-09-18,3.95,2026-08-05,2026-08-05,2026-08-05T08:58:54.488904+00:00
DGS1,2024-09-19,3.93,2026-08-05,2026-08-05,2026-08-05T08:58:54.488904+00:00
DGS1,2024-09-20,3.92,2026-08-05,2026-08-05,2026-08-05T08:58:54.488904+00:00
DGS1,2024-09-23,3.91,2026-08-05,2026-08-05,2026-08-05T08:58:54.488904+00:00
DGS1,2024-09-24,3.88,2026-08-05,2026-08-05,2026-08-05T08:58:54.488904+00:00
DGS1,2024-09-25,3.89,2026-08-05,2026-08-05,2026-08-05T08:58:54.488904+00:00
DGS1,2024-09-26,3.96,2026-08-05,2026-08-05,2026-08-05T08:58:54.488904+00:00
DGS1,2024-09-27,3.9,2026-08-05,2026-08-05,2026-08-05T08:58:54.488904+00:00
DGS1,2024-09-30,3.98,2026-08-05,2026-08-05,2026-08-05T08:58:54.488904+00:00
DGS1,2024-10-01,3.96,2026-08-05,2026-08-05,2026-08-05T08:58:54.488904+00:00
DGS1,2024-10-02,3.97,2026-08-05,2026-08-05,2026-08-05T08:58:54.488904+00:00
DGS1,2024-10-03,4.02,2026-08-05,2026-08-05,2026-08-05T08:58:54.488904+00:00
DGS1,2024-10-04,4.2,2026-08-05,2026-08-05,2026-08-05T08:58:54.488904+00:00
DGS1,2024-10-07,4.24,2026-08-05,2026-08-05,2026-08-05T08:58:54.488904+00:00
DGS1,2024-10-08,4.21,2026-08-05,2026-08-05,2026-08-05T08:58:54.488904+00:00
DGS1,2024-10-09,4.24,2026-08-05,2026-08-05,2026-08-05T08:58:54.488904+00:00
DGS1,2024-10-10,4.22,2026-08-05,2026-08-05,2026-08-05T08:58:54.488904+00:00
DGS1,2024-10-11,4.18,2026-08-05,2026-08-05,2026-08-05T08:58:54.488904+00:00
DGS1,2024-10-14,.,2026-08-05,2026-08-05,2026-08-05T08:58:54.488904+00:00
DGS1,2024-10-15,4.18,2026-08-05,2026-08-05,2026-08-05T08:58:54.488904+00:00
DGS1,2024-10-16,4.17,2026-08-05,2026-08-05,2026-08-05T08:58:54.488904+00:00
DGS1,2024-10-17,4.21,2026-08-05,2026-08-05,2026-08-05T08:58:54.488904+00:00
DGS1,2024-10-18,4.19,2026-08-05,2026-08-05,2026-08-05T08:58:54.488904+00:00
DGS1,2024-10-21,4.24,2026-08-05,2026-08-05,2026-08-05T08:58:54.488904+00:00
DGS1,2024-10-22,4.24,2026-08-05,2026-08-05,2026-08-05T08:58:54.488904+00:00
DGS1,2024-10-23,4.27,2026-08-05,2026-08-05,2026-08-05T08:58:54.488904+00:00
DGS1,2024-10-24,4.25,2026-08-05,2026-08-05,2026-08-05T08:58:54.488904+00:00
DGS1,2024-10-25,4.29,2026-08-05,2026-08-05,2026-08-05T08:58:54.488904+00:00
DGS1,2024-10-28,4.28,2026-08-05,2026-08-05,2026-08-05T08:58:54.488904+00:00
DGS1,2024-10-29,4.29,2026-08-05,2026-08-05,2026-08-05T08:58:54.488904+00:00
DGS1,2024-10-30,4.28,2026-08-05,2026-08-05,2026-08-05T08:58:54.488904+00:00
DGS1,2024-10-31,4.27,2026-08-05,2026-08-05,2026-08-05T08:58:54.488904+00:00
DGS1,2024-11-01,4.28,2026-08-05,2026-08-05,2026-08-05T08:58:54.488904+00:00
DGS1,2024-11-04,4.25,2026-08-05,2026-08-05,2026-08-05T08:58:54.488904+00:00
DGS1,2024-11-05,4.27,2026-08-05,2026-08-05,2026-08-05T08:58:54.488904+00:00
DGS1,2024-11-06,4.31,2026-08-05,2026-08-05,2026-08-05T08:58:54.488904+00:00
DGS1,2024-11-07,4.28,2026-08-05,2026-08-05,2026-08-05T08:58:54.488904+00:00
DGS1,2024-11-08,4.32,2026-08-05,2026-08-05,2026-08-05T08:58:54.488904+00:00
DGS1,2024-11-11,.,2026-08-05,2026-08-05,2026-08-05T08:58:54.488904+00:00
DGS1,2024-11-12,4.38,2026-08-05,2026-08-05,2026-08-05T08:58:54.488904+00:00
DGS1,2024-11-13,4.31,2026-08-05,2026-08-05,2026-08-05T08:58:54.488904+00:00
DGS1,2024-11-14,4.36,2026-08-05,2026-08-05,2026-08-05T08:58:54.488904+00:00
DGS1,2024-11-15,4.34,2026-08-05,2026-08-05,2026-08-05T08:58:54.488904+00:00
DGS1,2024-11-18,4.33,2026-08-05,2026-08-05,2026-08-05T08:58:54.488904+00:00
DGS1,2024-11-19,4.34,2026-08-05,2026-08-05,2026-08-05T08:58:54.488904+00:00
DGS1,2024-11-20,4.37,2026-08-05,2026-08-05,2026-08-05T08:58:54.488904+00:00
DGS1,2024-11-21,4.39,2026-08-05,2026-08-05,2026-08-05T08:58:54.488904+00:00
DGS1,2024-11-22,4.42,2026-08-05,2026-08-05,2026-08-05T08:58:54.488904+00:00
DGS1,2024-11-25,4.37,2026-08-05,2026-08-05,2026-08-05T08:58:54.488904+00:00
DGS1,2024-11-26,4.37,2026-08-05,2026-08-05,2026-08-05T08:58:54.488904+00:00
DGS1,2024-11-27,4.34,2026-08-05,2026-08-05,2026-08-05T08:58:54.488904+00:00
DGS1,2024-11-28,.,2026-08-05,2026-08-05,2026-08-05T08:58:54.488904+00:00
DGS1,2024-11-29,4.3,2026-08-05,2026-08-05,2026-08-05T08:58:54.488904+00:00
DGS1,2024-12-02,4.3,2026-08-05,2026-08-05,2026-08-05T08:58:54.488904+00:00
DGS1,2024-12-03,4.27,2026-08-05,2026-08-05,2026-08-05T08:58:54.488904+00:00
DGS1,2024-12-04,4.23,2026-08-05,2026-08-05,2026-08-05T08:58:54.488904+00:00
DGS1,2024-12-05,4.23,2026-08-05,2026-08-05,2026-08-05T08:58:54.488904+00:00
DGS1,2024-12-06,4.19,2026-08-05,2026-08-05,2026-08-05T08:58:54.488904+00:00
DGS1,2024-12-09,4.2,2026-08-05,2026-08-05,2026-08-05T08:58:54.488904+00:00
DGS1,2024-12-10,4.22,2026-08-05,2026-08-05,2026-08-05T08:58:54.488904+00:00
DGS1,2024-12-11,4.21,2026-08-05,2026-08-05,2026-08-05T08:58:54.488904+00:00
DGS1,2024-12-12,4.22,2026-08-05,2026-08-05,2026-08-05T08:58:54.488904+00:00
DGS1,2024-12-13,4.24,2026-08-05,2026-08-05,2026-08-05T08:58:54.488904+00:00
DGS1,2024-12-16,4.24,2026-08-05,2026-08-05,2026-08-05T08:58:54.488904+00:00
DGS1,2024-12-17,4.25,2026-08-05,2026-08-05,2026-08-05T08:58:54.488904+00:00
DGS1,2024-12-18,4.3,2026-08-05,2026-08-05,2026-08-05T08:58:54.488904+00:00
DGS1,2024-12-19,4.28,2026-08-05,2026-08-05,2026-08-05T08:58:54.488904+00:00
DGS1,2024-12-20,4.27,2026-08-05,2026-08-05,2026-08-05T08:58:54.488904+00:00
DGS1,2024-12-23,4.26,2026-08-05,2026-08-05,2026-08-05T08:58:54.488904+00:00
DGS1,2024-12-24,4.24,2026-08-05,2026-08-05,2026-08-05T08:58:54.488904+00:00
DGS1,2024-12-25,.,2026-08-05,2026-08-05,2026-08-05T08:58:54.488904+00:00
DGS1,2024-12-26,4.23,2026-08-05,2026-08-05,2026-08-05T08:58:54.488904+00:00
DGS1,2024-12-27,4.2,2026-08-05,2026-08-05,2026-08-05T08:58:54.488904+00:00
DGS1,2024-12-30,4.17,2026-08-05,2026-08-05,2026-08-05T08:58:54.488904+00:00
DGS1,2024-12-31,4.16,2026-08-05,2026-08-05,2026-08-05T08:58:54.488904+00:00
DGS1,2025-01-01,.,2026-08-05,2026-08-05,2026-08-05T08:58:54.488904+00:00
DGS1,2025-01-02,4.17,2026-08-05,2026-08-05,2026-08-05T08:58:54.488904+00:00
DGS1,2025-01-03,4.18,2026-08-05,2026-08-05,2026-08-05T08:58:54.488904+00:00
DGS1,2025-01-06,4.17,2026-08-05,2026-08-05,2026-08-05T08:58:54.488904+00:00
DGS1,2025-01-07,4.19,2026-08-05,2026-08-05,2026-08-05T08:58:54.488904+00:00
DGS1,2025-01-08,4.19,2026-08-05,2026-08-05,2026-08-05T08:58:54.488904+00:00
DGS1,2025-01-09,4.16,2026-08-05,2026-08-05,2026-08-05T08:58:54.488904+00:00
DGS1,2025-01-10,4.25,2026-08-05,2026-08-05,2026-08-05T08:58:54.488904+00:00
DGS1,2025-01-13,4.24,2026-08-05,2026-08-05,2026-08-05T08:58:54.488904+00:00
DGS1,2025-01-14,4.22,2026-08-05,2026-08-05,2026-08-05T08:58:54.488904+00:00
DGS1,2025-01-15,4.19,2026-08-05,2026-08-05,2026-08-05T08:58:54.488904+00:00
DGS1,2025-01-16,4.18,2026-08-05,2026-08-05,2026-08-05T08:58:54.488904+00:00
DGS1,2025-01-17,4.21,2026-08-05,2026-08-05,2026-08-05T08:58:54.488904+00:00
DGS1,2025-01-20,.,2026-08-05,2026-08-05,2026-08-05T08:58:54.488904+00:00
DGS1,2025-01-21,4.21,2026-08-05,2026-08-05,2026-08-05T08:58:54.488904+00:00
DGS1,2025-01-22,4.2,2026-08-05,2026-08-05,2026-08-05T08:58:54.488904+00:00
DGS1,2025-01-23,4.18,2026-08-05,2026-08-05,2026-08-05T08:58:54.488904+00:00
DGS1,2025-01-24,4.17,2026-08-05,2026-08-05,2026-08-05T08:58:54.488904+00:00
DGS1,2025-01-27,4.13,2026-08-05,2026-08-05,2026-08-05T08:58:54.488904+00:00
DGS1,2025-01-28,4.14,2026-08-05,2026-08-05,2026-08-05T08:58:54.488904+00:00
DGS1,2025-01-29,4.17,2026-08-05,2026-08-05,2026-08-05T08:58:54.488904+00:00
DGS1,2025-01-30,4.16,2026-08-05,2026-08-05,2026-08-05T08:58:54.488904+00:00
DGS1,2025-01-31,4.17,2026-08-05,2026-08-05,2026-08-05T08:58:54.488904+00:00
DGS1,2025-02-03,4.2,2026-08-05,2026-08-05,2026-08-05T08:58:54.488904+00:00
DGS1,2025-02-04,4.18,2026-08-05,2026-08-05,2026-08-05T08:58:54.488904+00:00
DGS1,2025-02-05,4.17,2026-08-05,2026-08-05,2026-08-05T08:58:54.488904+00:00
DGS1,2025-02-06,4.19,2026-08-05,2026-08-05,2026-08-05T08:58:54.488904+00:00
DGS1,2025-02-07,4.25,2026-08-05,2026-08-05,2026-08-05T08:58:54.488904+00:00
DGS1,2025-02-10,4.24,2026-08-05,2026-08-05,2026-08-05T08:58:54.488904+00:00
DGS1,2025-02-11,4.25,2026-08-05,2026-08-05,2026-08-05T08:58:54.488904+00:00
DGS1,2025-02-12,4.3,2026-08-05,2026-08-05,2026-08-05T08:58:54.488904+00:00
DGS1,2025-02-13,4.27,2026-08-05,2026-08-05,2026-08-05T08:58:54.488904+00:00
DGS1,2025-02-14,4.23,2026-08-05,2026-08-05,2026-08-05T08:58:54.488904+00:00
DGS1,2025-02-17,.,2026-08-05,2026-08-05,2026-08-05T08:58:54.488904+00:00
DGS1,2025-02-18,4.24,2026-08-05,2026-08-05,2026-08-05T08:58:54.488904+00:00
DGS1,2025-02-19,4.22,2026-08-05,2026-08-05,2026-08-05T08:58:54.488904+00:00
DGS1,2025-02-20,4.2,2026-08-05,2026-08-05,2026-08-05T08:58:54.488904+00:00
DGS1,2025-02-21,4.15,2026-08-05,2026-08-05,2026-08-05T08:58:54.488904+00:00
DGS1,2025-02-24,4.15,2026-08-05,2026-08-05,2026-08-05T08:58:54.488904+00:00
DGS1,2025-02-25,4.12,2026-08-05,2026-08-05,2026-08-05T08:58:54.488904+00:00
DGS1,2025-02-26,4.12,2026-08-05,2026-08-05,2026-08-05T08:58:54.488904+00:00
DGS1,2025-02-27,4.13,2026-08-05,2026-08-05,2026-08-05T08:58:54.488904+00:00
DGS1,2025-02-28,4.08,2026-08-05,2026-08-05,2026-08-05T08:58:54.488904+00:00
DGS1,2025-03-03,4.06,2026-08-05,2026-08-05,2026-08-05T08:58:54.488904+00:00
DGS1,2025-03-04,4.04,2026-08-05,2026-08-05,2026-08-05T08:58:54.488904+00:00
DGS1,2025-03-05,4.06,2026-08-05,2026-08-05,2026-08-05T08:58:54.488904+00:00
DGS1,2025-03-06,4.02,2026-08-05,2026-08-05,2026-08-05T08:58:54.488904+00:00
DGS1,2025-03-07,4.05,2026-08-05,2026-08-05,2026-08-05T08:58:54.488904+00:00
DGS1,2025-03-10,3.98,2026-08-05,2026-08-05,2026-08-05T08:58:54.488904+00:00
DGS1,2025-03-11,4.03,2026-08-05,2026-08-05,2026-08-05T08:58:54.488904+00:00
DGS1,2025-03-12,4.07,2026-08-05,2026-08-05,2026-08-05T08:58:54.488904+00:00
DGS1,2025-03-13,4.03,2026-08-05,2026-08-05,2026-08-05T08:58:54.488904+00:00
DGS1,2025-03-14,4.09,2026-08-05,2026-08-05,2026-08-05T08:58:54.488904+00:00
DGS1,2025-03-17,4.11,2026-08-05,2026-08-05,2026-08-05T08:58:54.488904+00:00
DGS1,2025-03-18,4.13,2026-08-05,2026-08-05,2026-08-05T08:58:54.488904+00:00
DGS1,2025-03-19,4.1,2026-08-05,2026-08-05,2026-08-05T08:58:54.488904+00:00
DGS1,2025-03-20,4.06,2026-08-05,2026-08-05,2026-08-05T08:58:54.488904+00:00
DGS1,2025-03-21,4.04,2026-08-05,2026-08-05,2026-08-05T08:58:54.488904+00:00
DGS1,2025-03-24,4.11,2026-08-05,2026-08-05,2026-08-05T08:58:54.488904+00:00
DGS1,2025-03-25,4.09,2026-08-05,2026-08-05,2026-08-05T08:58:54.488904+00:00
DGS1,2025-03-26,4.1,2026-08-05,2026-08-05,2026-08-05T08:58:54.488904+00:00
DGS1,2025-03-27,4.1,2026-08-05,2026-08-05,2026-08-05T08:58:54.488904+00:00
DGS1,2025-03-28,4.04,2026-08-05,2026-08-05,2026-08-05T08:58:54.488904+00:00
DGS1,2025-03-31,4.03,2026-08-05,2026-08-05,2026-08-05T08:58:54.488904+00:00
DGS1,2025-04-01,4.01,2026-08-05,2026-08-05,2026-08-05T08:58:54.488904+00:00
DGS1,2025-04-02,4.04,2026-08-05,2026-08-05,2026-08-05T08:58:54.488904+00:00
DGS1,2025-04-03,3.92,2026-08-05,2026-08-05,2026-08-05T08:58:54.488904+00:00
DGS1,2025-04-04,3.86,2026-08-05,2026-08-05,2026-08-05T08:58:54.488904+00:00
DGS1,2025-04-07,3.86,2026-08-05,2026-08-05,2026-08-05T08:58:54.488904+00:00
DGS1,2025-04-08,3.83,2026-08-05,2026-08-05,2026-08-05T08:58:54.488904+00:00
DGS1,2025-04-09,4.03,2026-08-05,2026-08-05,2026-08-05T08:58:54.488904+00:00
DGS1,2025-04-10,3.97,2026-08-05,2026-08-05,2026-08-05T08:58:54.488904+00:00
DGS1,2025-04-11,4.04,2026-08-05,2026-08-05,2026-08-05T08:58:54.488904+00:00
DGS1,2025-04-14,3.99,2026-08-05,2026-08-05,2026-08-05T08:58:54.488904+00:00
DGS1,2025-04-15,3.99,2026-08-05,2026-08-05,2026-08-05T08:58:54.488904+00:00
DGS1,2025-04-16,3.96,2026-08-05,2026-08-05,2026-08-05T08:58:54.488904+00:00
DGS1,2025-04-17,3.99,2026-08-05,2026-08-05,2026-08-05T08:58:54.488904+00:00
DGS1,2025-04-18,.,2026-08-05,2026-08-05,2026-08-05T08:58:54.488904+00:00
DGS1,2025-04-21,3.95,2026-08-05,2026-08-05,2026-08-05T08:58:54.488904+00:00
DGS1,2025-04-22,3.98,2026-08-05,2026-08-05,2026-08-05T08:58:54.488904+00:00
DGS1,2025-04-23,4.01,2026-08-05,2026-08-05,2026-08-05T08:58:54.488904+00:00
DGS1,2025-04-24,3.97,2026-08-05,2026-08-05,2026-08-05T08:58:54.488904+00:00
DGS1,2025-04-25,3.95,2026-08-05,2026-08-05,2026-08-05T08:58:54.488904+00:00
DGS1,2025-04-28,3.92,2026-08-05,2026-08-05,2026-08-05T08:58:54.488904+00:00
DGS1,2025-04-29,3.89,2026-08-05,2026-08-05,2026-08-05T08:58:54.488904+00:00
DGS1,2025-04-30,3.85,2026-08-05,2026-08-05,2026-08-05T08:58:54.488904+00:00
DGS1,2025-05-01,3.92,2026-08-05,2026-08-05,2026-08-05T08:58:54.488904+00:00
DGS1,2025-05-02,4.0,2026-08-05,2026-08-05,2026-08-05T08:58:54.488904+00:00
DGS1,2025-05-05,4.02,2026-08-05,2026-08-05,2026-08-05T08:58:54.488904+00:00
DGS1,2025-05-06,3.98,2026-08-05,2026-08-05,2026-08-05T08:58:54.488904+00:00
DGS1,2025-05-07,4.0,2026-08-05,2026-08-05,2026-08-05T08:58:54.488904+00:00
DGS1,2025-05-08,4.05,2026-08-05,2026-08-05,2026-08-05T08:58:54.488904+00:00
DGS1,2025-05-09,4.05,2026-08-05,2026-08-05,2026-08-05T08:58:54.488904+00:00
DGS1,2025-05-12,4.11,2026-08-05,2026-08-05,2026-08-05T08:58:54.488904+00:00
DGS1,2025-05-13,4.11,2026-08-05,2026-08-05,2026-08-05T08:58:54.488904+00:00
DGS1,2025-05-14,4.14,2026-08-05,2026-08-05,2026-08-05T08:58:54.488904+00:00
DGS1,2025-05-15,4.1,2026-08-05,2026-08-05,2026-08-05T08:58:54.488904+00:00
DGS1,2025-05-16,4.13,2026-08-05,2026-08-05,2026-08-05T08:58:54.488904+00:00
DGS1,2025-05-19,4.12,2026-08-05,2026-08-05,2026-08-05T08:58:54.488904+00:00
DGS1,2025-05-20,4.12,2026-08-05,2026-08-05,2026-08-05T08:58:54.488904+00:00
DGS1,2025-05-21,4.13,2026-08-05,2026-08-05,2026-08-05T08:58:54.488904+00:00
DGS1,2025-05-22,4.13,2026-08-05,2026-08-05,2026-08-05T08:58:54.488904+00:00
DGS1,2025-05-23,4.15,2026-08-05,2026-08-05,2026-08-05T08:58:54.488904+00:00
DGS1,2025-05-26,.,2026-08-05,2026-08-05,2026-08-05T08:58:54.488904+00:00
DGS1,2025-05-27,4.14,2026-08-05,2026-08-05,2026-08-05T08:58:54.488904+00:00
DGS1,2025-05-28,4.16,2026-08-05,2026-08-05,2026-08-05T08:58:54.488904+00:00
DGS1,2025-05-29,4.13,2026-08-05,2026-08-05,2026-08-05T08:58:54.488904+00:00
DGS1,2025-05-30,4.11,2026-08-05,2026-08-05,2026-08-05T08:58:54.488904+00:00
DGS1,2025-06-02,4.12,2026-08-05,2026-08-05,2026-08-05T08:58:54.488904+00:00
DGS1,2025-06-03,4.12,2026-08-05,2026-08-05,2026-08-05T08:58:54.488904+00:00
DGS1,2025-06-04,4.06,2026-08-05,2026-08-05,2026-08-05T08:58:54.488904+00:00
DGS1,2025-06-05,4.08,2026-08-05,2026-08-05,2026-08-05T08:58:54.488904+00:00
DGS1,2025-06-06,4.14,2026-08-05,2026-08-05,2026-08-05T08:58:54.488904+00:00
DGS1,2025-06-09,4.13,2026-08-05,2026-08-05,2026-08-05T08:58:54.488904+00:00
DGS1,2025-06-10,4.12,2026-08-05,2026-08-05,2026-08-05T08:58:54.488904+00:00
DGS1,2025-06-11,4.08,2026-08-05,2026-08-05,2026-08-05T08:58:54.488904+00:00
DGS1,2025-06-12,4.06,2026-08-05,2026-08-05,2026-08-05T08:58:54.488904+00:00
DGS1,2025-06-13,4.09,2026-08-05,2026-08-05,2026-08-05T08:58:54.488904+00:00
DGS1,2025-06-16,4.1,2026-08-05,2026-08-05,2026-08-05T08:58:54.488904+00:00
DGS1,2025-06-17,4.1,2026-08-05,2026-08-05,2026-08-05T08:58:54.488904+00:00
DGS1,2025-06-18,4.1,2026-08-05,2026-08-05,2026-08-05T08:58:54.488904+00:00
DGS1,2025-06-19,.,2026-08-05,2026-08-05,2026-08-05T08:58:54.488904+00:00
DGS1,2025-06-20,4.07,2026-08-05,2026-08-05,2026-08-05T08:58:54.488904+00:00
DGS1,2025-06-23,4.0,2026-08-05,2026-08-05,2026-08-05T08:58:54.488904+00:00
DGS1,2025-06-24,3.99,2026-08-05,2026-08-05,2026-08-05T08:58:54.488904+00:00
DGS1,2025-06-25,3.99,2026-08-05,2026-08-05,2026-08-05T08:58:54.488904+00:00
DGS1,2025-06-26,3.96,2026-08-05,2026-08-05,2026-08-05T08:58:54.488904+00:00
DGS1,2025-06-27,3.97,2026-08-05,2026-08-05,2026-08-05T08:58:54.488904+00:00
DGS1,2025-06-30,3.96,2026-08-05,2026-08-05,2026-08-05T08:58:54.488904+00:00
DGS1,2025-07-01,3.98,2026-08-05,2026-08-05,2026-08-05T08:58:54.488904+00:00
DGS1,2025-07-02,3.99,2026-08-05,2026-08-05,2026-08-05T08:58:54.488904+00:00
DGS1,2025-07-03,4.07,2026-08-05,2026-08-05,2026-08-05T08:58:54.488904+00:00
DGS1,2025-07-04,.,2026-08-05,2026-08-05,2026-08-05T08:58:54.488904+00:00
DGS1,2025-07-07,4.08,2026-08-05,2026-08-05,2026-08-05T08:58:54.488904+00:00
DGS1,2025-07-08,4.11,2026-08-05,2026-08-05,2026-08-05T08:58:54.488904+00:00
DGS1,2025-07-09,4.07,2026-08-05,2026-08-05,2026-08-05T08:58:54.488904+00:00
DGS1,2025-07-10,4.07,2026-08-05,2026-08-05,2026-08-05T08:58:54.488904+00:00
DGS1,2025-07-11,4.09,2026-08-05,2026-08-05,2026-08-05T08:58:54.488904+00:00
DGS1,2025-07-14,4.08,2026-08-05,2026-08-05,2026-08-05T08:58:54.488904+00:00
DGS1,2025-07-15,4.12,2026-08-05,2026-08-05,2026-08-05T08:58:54.488904+00:00
DGS1,2025-07-16,4.08,2026-08-05,2026-08-05,2026-08-05T08:58:54.488904+00:00
DGS1,2025-07-17,4.1,2026-08-05,2026-08-05,2026-08-05T08:58:54.488904+00:00
DGS1,2025-07-18,4.08,2026-08-05,2026-08-05,2026-08-05T08:58:54.488904+00:00
DGS1,2025-07-21,4.06,2026-08-05,2026-08-05,2026-08-05T08:58:54.488904+00:00
DGS1,2025-07-22,4.05,2026-08-05,2026-08-05,2026-08-05T08:58:54.488904+00:00
DGS1,2025-07-23,4.08,2026-08-05,2026-08-05,2026-08-05T08:58:54.488904+00:00
DGS1,2025-07-24,4.1,2026-08-05,2026-08-05,2026-08-05T08:58:54.488904+00:00
DGS1,2025-07-25,4.09,2026-08-05,2026-08-05,2026-08-05T08:58:54.488904+00:00
DGS1,2025-07-28,4.09,2026-08-05,2026-08-05,2026-08-05T08:58:54.488904+00:00
DGS1,2025-07-29,4.07,2026-08-05,2026-08-05,2026-08-05T08:58:54.488904+00:00
DGS1,2025-07-30,4.12,2026-08-05,2026-08-05,2026-08-05T08:58:54.488904+00:00
DGS1,2025-07-31,4.1,2026-08-05,2026-08-05,2026-08-05T08:58:54.488904+00:00
DGS1,2025-08-01,3.87,2026-08-05,2026-08-05,2026-08-05T08:58:54.488904+00:00
DGS1,2025-08-04,3.82,2026-08-05,2026-08-05,2026-08-05T08:58:54.488904+00:00
DGS1,2025-08-05,3.92,2026-08-05,2026-08-05,2026-08-05T08:58:54.488904+00:00
DGS1,2025-08-06,3.9,2026-08-05,2026-08-05,2026-08-05T08:58:54.488904+00:00
DGS1,2025-08-07,3.92,2026-08-05,2026-08-05,2026-08-05T08:58:54.488904+00:00
DGS1,2025-08-08,3.93,2026-08-05,2026-08-05,2026-08-05T08:58:54.488904+00:00
DGS1,2025-08-11,3.93,2026-08-05,2026-08-05,2026-08-05T08:58:54.488904+00:00
DGS1,2025-08-12,3.9,2026-08-05,2026-08-05,2026-08-05T08:58:54.488904+00:00
DGS1,2025-08-13,3.86,2026-08-05,2026-08-05,2026-08-05T08:58:54.488904+00:00
DGS1,2025-08-14,3.91,2026-08-05,2026-08-05,2026-08-05T08:58:54.488904+00:00
DGS1,2025-08-15,3.93,2026-08-05,2026-08-05,2026-08-05T08:58:54.488904+00:00
DGS1,2025-08-18,3.93,2026-08-05,2026-08-05,2026-08-05T08:58:54.488904+00:00
DGS1,2025-08-19,3.91,2026-08-05,2026-08-05,2026-08-05T08:58:54.488904+00:00
DGS1,2025-08-20,3.9,2026-08-05,2026-08-05,2026-08-05T08:58:54.488904+00:00
DGS1,2025-08-21,3.95,2026-08-05,2026-08-05,2026-08-05T08:58:54.488904+00:00
DGS1,2025-08-22,3.87,2026-08-05,2026-08-05,2026-08-05T08:58:54.488904+00:00
DGS1,2025-08-25,3.88,2026-08-05,2026-08-05,2026-08-05T08:58:54.488904+00:00
DGS1,2025-08-26,3.85,2026-08-05,2026-08-05,2026-08-05T08:58:54.488904+00:00
DGS1,2025-08-27,3.83,2026-08-05,2026-08-05,2026-08-05T08:58:54.488904+00:00
DGS1,2025-08-28,3.85,2026-08-05,2026-08-05,2026-08-05T08:58:54.488904+00:00
DGS1,2025-08-29,3.83,2026-08-05,2026-08-05,2026-08-05T08:58:54.488904+00:00
DGS1,2025-09-01,.,2026-08-05,2026-08-05,2026-08-05T08:58:54.488904+00:00
DGS1,2025-09-02,3.82,2026-08-05,2026-08-05,2026-08-05T08:58:54.488904+00:00
DGS1,2025-09-03,3.77,2026-08-05,2026-08-05,2026-08-05T08:58:54.488904+00:00
DGS1,2025-09-04,3.76,2026-08-05,2026-08-05,2026-08-05T08:58:54.488904+00:00
DGS1,2025-09-05,3.65,2026-08-05,2026-08-05,2026-08-05T08:58:54.488904+00:00
DGS1,2025-09-08,3.64,2026-08-05,2026-08-05,2026-08-05T08:58:54.488904+00:00
DGS1,2025-09-09,3.68,2026-08-05,2026-08-05,2026-08-05T08:58:54.488904+00:00
DGS1,2025-09-10,3.66,2026-08-05,2026-08-05,2026-08-05T08:58:54.488904+00:00
DGS1,2025-09-11,3.63,2026-08-05,2026-08-05,2026-08-05T08:58:54.488904+00:00
DGS1,2025-09-12,3.66,2026-08-05,2026-08-05,2026-08-05T08:58:54.488904+00:00
DGS1,2025-09-15,3.64,2026-08-05,2026-08-05,2026-08-05T08:58:54.488904+00:00
DGS1,2025-09-16,3.62,2026-08-05,2026-08-05,2026-08-05T08:58:54.488904+00:00
DGS1,2025-09-17,3.6,2026-08-05,2026-08-05,2026-08-05T08:58:54.488904+00:00
DGS1,2025-09-18,3.61,2026-08-05,2026-08-05,2026-08-05T08:58:54.488904+00:00
DGS1,2025-09-19,3.6,2026-08-05,2026-08-05,2026-08-05T08:58:54.488904+00:00
DGS1,2025-09-22,3.61,2026-08-05,2026-08-05,2026-08-05T08:58:54.488904+00:00
DGS1,2025-09-23,3.61,2026-08-05,2026-08-05,2026-08-05T08:58:54.488904+00:00
DGS1,2025-09-24,3.63,2026-08-05,2026-08-05,2026-08-05T08:58:54.488904+00:00
DGS1,2025-09-25,3.68,2026-08-05,2026-08-05,2026-08-05T08:58:54.488904+00:00
DGS1,2025-09-26,3.67,2026-08-05,2026-08-05,2026-08-05T08:58:54.488904+00:00
DGS1,2025-09-29,3.65,2026-08-05,2026-08-05,2026-08-05T08:58:54.488904+00:00
DGS1,2025-09-30,3.68,2026-08-05,2026-08-05,2026-08-05T08:58:54.488904+00:00
DGS1,2025-10-01,3.62,2026-08-05,2026-08-05,2026-08-05T08:58:54.488904+00:00
DGS1,2025-10-02,3.62,2026-08-05,2026-08-05,2026-08-05T08:58:54.488904+00:00
DGS1,2025-10-03,3.64,2026-08-05,2026-08-05,2026-08-05T08:58:54.488904+00:00
DGS1,2025-10-06,3.66,2026-08-05,2026-08-05,2026-08-05T08:58:54.488904+00:00
DGS1,2025-10-07,3.65,2026-08-05,2026-08-05,2026-08-05T08:58:54.488904+00:00
DGS1,2025-10-08,3.66,2026-08-05,2026-08-05,2026-08-05T08:58:54.488904+00:00
DGS1,2025-10-09,3.66,2026-08-05,2026-08-05,2026-08-05T08:58:54.488904+00:00
DGS1,2025-10-10,3.6,2026-08-05,2026-08-05,2026-08-05T08:58:54.488904+00:00
DGS1,2025-10-13,.,2026-08-05,2026-08-05,2026-08-05T08:58:54.488904+00:00
DGS1,2025-10-14,3.58,2026-08-05,2026-08-05,2026-08-05T08:58:54.488904+00:00
DGS1,2025-10-15,3.61,2026-08-05,2026-08-05,2026-08-05T08:58:54.488904+00:00
DGS1,2025-10-16,3.54,2026-08-05,2026-08-05,2026-08-05T08:58:54.488904+00:00
DGS1,2025-10-17,3.56,2026-08-05,2026-08-05,2026-08-05T08:58:54.488904+00:00
DGS1,2025-10-20,3.55,2026-08-05,2026-08-05,2026-08-05T08:58:54.488904+00:00
DGS1,2025-10-21,3.56,2026-08-05,2026-08-05,2026-08-05T08:58:54.488904+00:00
DGS1,2025-10-22,3.55,2026-08-05,2026-08-05,2026-08-05T08:58:54.488904+00:00
DGS1,2025-10-23,3.59,2026-08-05,2026-08-05,2026-08-05T08:58:54.488904+00:00
DGS1,2025-10-24,3.58,2026-08-05,2026-08-05,2026-08-05T08:58:54.488904+00:00
DGS1,2025-10-27,3.59,2026-08-05,2026-08-05,2026-08-05T08:58:54.488904+00:00
DGS1,2025-10-28,3.59,2026-08-05,2026-08-05,2026-08-05T08:58:54.488904+00:00
DGS1,2025-10-29,3.7,2026-08-05,2026-08-05,2026-08-05T08:58:54.488904+00:00
DGS1,2025-10-30,3.7,2026-08-05,2026-08-05,2026-08-05T08:58:54.488904+00:00
DGS1,2025-10-31,3.7,2026-08-05,2026-08-05,2026-08-05T08:58:54.488904+00:00
DGS1,2025-11-03,3.7,2026-08-05,2026-08-05,2026-08-05T08:58:54.488904+00:00
DGS1,2025-11-04,3.67,2026-08-05,2026-08-05,2026-08-05T08:58:54.488904+00:00
DGS1,2025-11-05,3.71,2026-08-05,2026-08-05,2026-08-05T08:58:54.488904+00:00
DGS1,2025-11-06,3.65,2026-08-05,2026-08-05,2026-08-05T08:58:54.488904+00:00
DGS1,2025-11-07,3.63,2026-08-05,2026-08-05,2026-08-05T08:58:54.488904+00:00
DGS1,2025-11-10,3.66,2026-08-05,2026-08-05,2026-08-05T08:58:54.488904+00:00
DGS1,2025-11-11,.,2026-08-05,2026-08-05,2026-08-05T08:58:54.488904+00:00
DGS1,2025-11-12,3.65,2026-08-05,2026-08-05,2026-08-05T08:58:54.488904+00:00
DGS1,2025-11-13,3.68,2026-08-05,2026-08-05,2026-08-05T08:58:54.488904+00:00
DGS1,2025-11-14,3.7,2026-08-05,2026-08-05,2026-08-05T08:58:54.488904+00:00
DGS1,2025-11-17,3.69,2026-08-05,2026-08-05,2026-08-05T08:58:54.488904+00:00
DGS1,2025-11-18,3.67,2026-08-05,2026-08-05,2026-08-05T08:58:54.488904+00:00
DGS1,2025-11-19,3.68,2026-08-05,2026-08-05,2026-08-05T08:58:54.488904+00:00
DGS1,2025-11-20,3.65,2026-08-05,2026-08-05,2026-08-05T08:58:54.488904+00:00
DGS1,2025-11-21,3.62,2026-08-05,2026-08-05,2026-08-05T08:58:54.488904+00:00
DGS1,2025-11-24,3.61,2026-08-05,2026-08-05,2026-08-05T08:58:54.488904+00:00
DGS1,2025-11-25,3.6,2026-08-05,2026-08-05,2026-08-05T08:58:54.488904+00:00
DGS1,2025-11-26,3.61,2026-08-05,2026-08-05,2026-08-05T08:58:54.488904+00:00
DGS1,2025-11-27,.,2026-08-05,2026-08-05,2026-08-05T08:58:54.488904+00:00
DGS1,2025-11-28,3.61,2026-08-05,2026-08-05,2026-08-05T08:58:54.488904+00:00
DGS1,2025-12-01,3.62,2026-08-05,2026-08-05,2026-08-05T08:58:54.488904+00:00
DGS1,2025-12-02,3.59,2026-08-05,2026-08-05,2026-08-05T08:58:54.488904+00:00
DGS1,2025-12-03,3.57,2026-08-05,2026-08-05,2026-08-05T08:58:54.488904+00:00
DGS1,2025-12-04,3.6,2026-08-05,2026-08-05,2026-08-05T08:58:54.488904+00:00
DGS1,2025-12-05,3.61,2026-08-05,2026-08-05,2026-08-05T08:58:54.488904+00:00
DGS1,2025-12-08,3.61,2026-08-05,2026-08-05,2026-08-05T08:58:54.488904+00:00
DGS1,2025-12-09,3.63,2026-08-05,2026-08-05,2026-08-05T08:58:54.488904+00:00
DGS1,2025-12-10,3.58,2026-08-05,2026-08-05,2026-08-05T08:58:54.488904+00:00
DGS1,2025-12-11,3.56,2026-08-05,2026-08-05,2026-08-05T08:58:54.488904+00:00
DGS1,2025-12-12,3.54,2026-08-05,2026-08-05,2026-08-05T08:58:54.488904+00:00
DGS1,2025-12-15,3.52,2026-08-05,2026-08-05,2026-08-05T08:58:54.488904+00:00
DGS1,2025-12-16,3.51,2026-08-05,2026-08-05,2026-08-05T08:58:54.488904+00:00
DGS1,2025-12-17,3.51,2026-08-05,2026-08-05,2026-08-05T08:58:54.488904+00:00
DGS1,2025-12-18,3.49,2026-08-05,2026-08-05,2026-08-05T08:58:54.488904+00:00
DGS1,2025-12-19,3.51,2026-08-05,2026-08-05,2026-08-05T08:58:54.488904+00:00
DGS1,2025-12-22,3.53,2026-08-05,2026-08-05,2026-08-05T08:58:54.488904+00:00
DGS1,2025-12-23,3.52,2026-08-05,2026-08-05,2026-08-05T08:58:54.488904+00:00
DGS1,2025-12-24,3.5,2026-08-05,2026-08-05,2026-08-05T08:58:54.488904+00:00
DGS1,2025-12-25,.,2026-08-05,2026-08-05,2026-08-05T08:58:54.488904+00:00
DGS1,2025-12-26,3.49,2026-08-05,2026-08-05,2026-08-05T08:58:54.488904+00:00
DGS1,2025-12-29,3.48,2026-08-05,2026-08-05,2026-08-05T08:58:54.488904+00:00
DGS1,2025-12-30,3.47,2026-08-05,2026-08-05,2026-08-05T08:58:54.488904+00:00
DGS1,2025-12-31,3.48,2026-08-05,2026-08-05,2026-08-05T08:58:54.488904+00:00
DGS1,2026-01-01,.,2026-08-05,2026-08-05,2026-08-05T08:58:54.488904+00:00
DGS1,2026-01-02,3.47,2026-08-05,2026-08-05,2026-08-05T08:58:54.488904+00:00
DGS1,2026-01-05,3.47,2026-08-05,2026-08-05,2026-08-05T08:58:54.488904+00:00
DGS1,2026-01-06,3.48,2026-08-05,2026-08-05,2026-08-05T08:58:54.488904+00:00
DGS1,2026-01-07,3.48,2026-08-05,2026-08-05,2026-08-05T08:58:54.488904+00:00
DGS1,2026-01-08,3.48,2026-08-05,2026-08-05,2026-08-05T08:58:54.488904+00:00
DGS1,2026-01-09,3.52,2026-08-05,2026-08-05,2026-08-05T08:58:54.488904+00:00
DGS1,2026-01-12,3.53,2026-08-05,2026-08-05,2026-08-05T08:58:54.488904+00:00
DGS1,2026-01-13,3.51,2026-08-05,2026-08-05,2026-08-05T08:58:54.488904+00:00
DGS1,2026-01-14,3.5,2026-08-05,2026-08-05,2026-08-05T08:58:54.488904+00:00
DGS1,2026-01-15,3.54,2026-08-05,2026-08-05,2026-08-05T08:58:54.488904+00:00
DGS1,2026-01-16,3.55,2026-08-05,2026-08-05,2026-08-05T08:58:54.488904+00:00
DGS1,2026-01-19,.,2026-08-05,2026-08-05,2026-08-05T08:58:54.488904+00:00
DGS1,2026-01-20,3.53,2026-08-05,2026-08-05,2026-08-05T08:58:54.488904+00:00
DGS1,2026-01-21,3.53,2026-08-05,2026-08-05,2026-08-05T08:58:54.488904+00:00
DGS1,2026-01-22,3.53,2026-08-05,2026-08-05,2026-08-05T08:58:54.488904+00:00
DGS1,2026-01-23,3.53,2026-08-05,2026-08-05,2026-08-05T08:58:54.488904+00:00
DGS1,2026-01-26,3.52,2026-08-05,2026-08-05,2026-08-05T08:58:54.488904+00:00
DGS1,2026-01-27,3.5,2026-08-05,2026-08-05,2026-08-05T08:58:54.488904+00:00
DGS1,2026-01-28,3.52,2026-08-05,2026-08-05,2026-08-05T08:58:54.488904+00:00
DGS1,2026-01-29,3.5,2026-08-05,2026-08-05,2026-08-05T08:58:54.488904+00:00
DGS1,2026-01-30,3.48,2026-08-05,2026-08-05,2026-08-05T08:58:54.488904+00:00
DGS1,2026-02-02,3.49,2026-08-05,2026-08-05,2026-08-05T08:58:54.488904+00:00
DGS1,2026-02-03,3.49,2026-08-05,2026-08-05,2026-08-05T08:58:54.488904+00:00
DGS1,2026-02-04,3.49,2026-08-05,2026-08-05,2026-08-05T08:58:54.488904+00:00
DGS1,2026-02-05,3.44,2026-08-05,2026-08-05,2026-08-05T08:58:54.488904+00:00
DGS1,2026-02-06,3.45,2026-08-05,2026-08-05,2026-08-05T08:58:54.488904+00:00
DGS1,2026-02-09,3.43,2026-08-05,2026-08-05,2026-08-05T08:58:54.488904+00:00
DGS1,2026-02-10,3.4,2026-08-05,2026-08-05,2026-08-05T08:58:54.488904+00:00
DGS1,2026-02-11,3.47,2026-08-05,2026-08-05,2026-08-05T08:58:54.488904+00:00
DGS1,2026-02-12,3.45,2026-08-05,2026-08-05,2026-08-05T08:58:54.488904+00:00
DGS1,2026-02-13,3.42,2026-08-05,2026-08-05,2026-08-05T08:58:54.488904+00:00
DGS1,2026-02-16,.,2026-08-05,2026-08-05,2026-08-05T08:58:54.488904+00:00
DGS1,2026-02-17,3.48,2026-08-05,2026-08-05,2026-08-05T08:58:54.488904+00:00
DGS1,2026-02-18,3.49,2026-08-05,2026-08-05,2026-08-05T08:58:54.488904+00:00
DGS1,2026-02-19,3.5,2026-08-05,2026-08-05,2026-08-05T08:58:54.488904+00:00
DGS1,2026-02-20,3.51,2026-08-05,2026-08-05,2026-08-05T08:58:54.488904+00:00
DGS1,2026-02-23,3.5,2026-08-05,2026-08-05,2026-08-05T08:58:54.488904+00:00
DGS1,2026-02-24,3.52,2026-08-05,2026-08-05,2026-08-05T08:58:54.488904+00:00
DGS1,2026-02-25,3.53,2026-08-05,2026-08-05,2026-08-05T08:58:54.488904+00:00
DGS1,2026-02-26,3.52,2026-08-05,2026-08-05,2026-08-05T08:58:54.488904+00:00
DGS1,2026-02-27,3.48,2026-08-05,2026-08-05,2026-08-05T08:58:54.488904+00:00
DGS1,2026-03-02,3.54,2026-08-05,2026-08-05,2026-08-05T08:58:54.488904+00:00
DGS1,2026-03-03,3.55,2026-08-05,2026-08-05,2026-08-05T08:58:54.488904+00:00
DGS1,2026-03-04,3.58,2026-08-05,2026-08-05,2026-08-05T08:58:54.488904+00:00
DGS1,2026-03-05,3.59,2026-08-05,2026-08-05,2026-08-05T08:58:54.488904+00:00
DGS1,2026-03-06,3.55,2026-08-05,2026-08-05,2026-08-05T08:58:54.488904+00:00
DGS1,2026-03-09,3.56,2026-08-05,2026-08-05,2026-08-05T08:58:54.488904+00:00
DGS1,2026-03-10,3.56,2026-08-05,2026-08-05,2026-08-05T08:58:54.488904+00:00
DGS1,2026-03-11,3.6,2026-08-05,2026-08-05,2026-08-05T08:58:54.488904+00:00
DGS1,2026-03-12,3.66,2026-08-05,2026-08-05,2026-08-05T08:58:54.488904+00:00
DGS1,2026-03-13,3.66,2026-08-05,2026-08-05,2026-08-05T08:58:54.488904+00:00
DGS1,2026-03-16,3.64,2026-08-05,2026-08-05,2026-08-05T08:58:54.488904+00:00
DGS1,2026-03-17,3.63,2026-08-05,2026-08-05,2026-08-05T08:58:54.488904+00:00
DGS1,2026-03-18,3.68,2026-08-05,2026-08-05,2026-08-05T08:58:54.488904+00:00
DGS1,2026-03-19,3.73,2026-08-05,2026-08-05,2026-08-05T08:58:54.488904+00:00
DGS1,2026-03-20,3.8,2026-08-05,2026-08-05,2026-08-05T08:58:54.488904+00:00
DGS1,2026-03-23,3.76,2026-08-05,2026-08-05,2026-08-05T08:58:54.488904+00:00
DGS1,2026-03-24,3.81,2026-08-05,2026-08-05,2026-08-05T08:58:54.488904+00:00
DGS1,2026-03-25,3.77,2026-08-05,2026-08-05,2026-08-05T08:58:54.488904+00:00
DGS1,2026-03-26,3.83,2026-08-05,2026-08-05,2026-08-05T08:58:54.488904+00:00
DGS1,2026-03-27,3.77,2026-08-05,2026-08-05,2026-08-05T08:58:54.488904+00:00
DGS1,2026-03-30,3.71,2026-08-05,2026-08-05,2026-08-05T08:58:54.488904+00:00
DGS1,2026-03-31,3.68,2026-08-05,2026-08-05,2026-08-05T08:58:54.488904+00:00
DGS1,2026-04-01,3.68,2026-08-05,2026-08-05,2026-08-05T08:58:54.488904+00:00
DGS1,2026-04-02,3.68,2026-08-05,2026-08-05,2026-08-05T08:58:54.488904+00:00
DGS1,2026-04-03,3.72,2026-08-05,2026-08-05,2026-08-05T08:58:54.488904+00:00
DGS1,2026-04-06,3.72,2026-08-05,2026-08-05,2026-08-05T08:58:54.488904+00:00
DGS1,2026-04-07,3.68,2026-08-05,2026-08-05,2026-08-05T08:58:54.488904+00:00
DGS1,2026-04-08,3.69,2026-08-05,2026-08-05,2026-08-05T08:58:54.488904+00:00
DGS1,2026-04-09,3.68,2026-08-05,2026-08-05,2026-08-05T08:58:54.488904+00:00
DGS1,2026-04-10,3.7,2026-08-05,2026-08-05,2026-08-05T08:58:54.488904+00:00
DGS1,2026-04-13,3.7,2026-08-05,2026-08-05,2026-08-05T08:58:54.488904+00:00
DGS1,2026-04-14,3.71,2026-08-05,2026-08-05,2026-08-05T08:58:54.488904+00:00
DGS1,2026-04-15,3.7,2026-08-05,2026-08-05,2026-08-05T08:58:54.488904+00:00
DGS1,2026-04-16,3.69,2026-08-05,2026-08-05,2026-08-05T08:58:54.488904+00:00
DGS1,2026-04-17,3.64,2026-08-05,2026-08-05,2026-08-05T08:58:54.488904+00:00
DGS1,2026-04-20,3.65,2026-08-05,2026-08-05,2026-08-05T08:58:54.488904+00:00
DGS1,2026-04-21,3.69,2026-08-05,2026-08-05,2026-08-05T08:58:54.488904+00:00
DGS1,2026-04-22,3.69,2026-08-05,2026-08-05,2026-08-05T08:58:54.488904+00:00
DGS1,2026-04-23,3.7,2026-08-05,2026-08-05,2026-08-05T08:58:54.488904+00:00
DGS1,2026-04-24,3.67,2026-08-05,2026-08-05,2026-08-05T08:58:54.488904+00:00
DGS1,2026-04-27,3.69,2026-08-05,2026-08-05,2026-08-05T08:58:54.488904+00:00
DGS1,2026-04-28,3.71,2026-08-05,2026-08-05,2026-08-05T08:58:54.488904+00:00
DGS1,2026-04-29,3.75,2026-08-05,2026-08-05,2026-08-05T08:58:54.488904+00:00
DGS1,2026-04-30,3.72,2026-08-05,2026-08-05,2026-08-05T08:58:54.488904+00:00
DGS1,2026-05-01,3.73,2026-08-05,2026-08-05,2026-08-05T08:58:54.488904+00:00
DGS1,2026-05-04,3.78,2026-08-05,2026-08-05,2026-08-05T08:58:54.488904+00:00
DGS1,2026-05-05,3.77,2026-08-05,2026-08-05,2026-08-05T08:58:54.488904+00:00
DGS1,2026-05-06,3.73,2026-08-05,2026-08-05,2026-08-05T08:58:54.488904+00:00
DGS1,2026-05-07,3.76,2026-08-05,2026-08-05,2026-08-05T08:58:54.488904+00:00
DGS1,2026-05-08,3.75,2026-08-05,2026-08-05,2026-08-05T08:58:54.488904+00:00
DGS1,2026-05-11,3.79,2026-08-05,2026-08-05,2026-08-05T08:58:54.488904+00:00
DGS1,2026-05-12,3.8,2026-08-05,2026-08-05,2026-08-05T08:58:54.488904+00:00
DGS1,2026-05-13,3.79,2026-08-05,2026-08-05,2026-08-05T08:58:54.488904+00:00
DGS1,2026-05-14,3.79,2026-08-05,2026-08-05,2026-08-05T08:58:54.488904+00:00
DGS1,2026-05-15,3.82,2026-08-05,2026-08-05,2026-08-05T08:58:54.488904+00:00
DGS1,2026-05-18,3.81,2026-08-05,2026-08-05,2026-08-05T08:58:54.488904+00:00
DGS1,2026-05-19,3.83,2026-08-05,2026-08-05,2026-08-05T08:58:54.488904+00:00
DGS1,2026-05-20,3.79,2026-08-05,2026-08-05,2026-08-05T08:58:54.488904+00:00
DGS1,2026-05-21,3.83,2026-08-05,2026-08-05,2026-08-05T08:58:54.488904+00:00
DGS1,2026-05-22,3.86,2026-08-05,2026-08-05,2026-08-05T08:58:54.488904+00:00
DGS1,2026-05-25,.,2026-08-05,2026-08-05,2026-08-05T08:58:54.488904+00:00
DGS1,2026-05-26,3.82,2026-08-05,2026-08-05,2026-08-05T08:58:54.488904+00:00
DGS1,2026-05-27,3.8,2026-08-05,2026-08-05,2026-08-05T08:58:54.488904+00:00
DGS1,2026-05-28,3.8,2026-08-05,2026-08-05,2026-08-05T08:58:54.488904+00:00
DGS1,2026-05-29,3.79,2026-08-05,2026-08-05,2026-08-05T08:58:54.488904+00:00
DGS1,2026-06-01,3.83,2026-08-05,2026-08-05,2026-08-05T08:58:54.488904+00:00
DGS1,2026-06-02,3.82,2026-08-05,2026-08-05,2026-08-05T08:58:54.488904+00:00
DGS1,2026-06-03,3.84,2026-08-05,2026-08-05,2026-08-05T08:58:54.488904+00:00
DGS1,2026-06-04,3.82,2026-08-05,2026-08-05,2026-08-05T08:58:54.488904+00:00
DGS1,2026-06-05,3.88,2026-08-05,2026-08-05,2026-08-05T08:58:54.488904+00:00
DGS1,2026-06-08,3.85,2026-08-05,2026-08-05,2026-08-05T08:58:54.488904+00:00
DGS1,2026-06-09,3.9,2026-08-05,2026-08-05,2026-08-05T08:58:54.488904+00:00
DGS1,2026-06-10,3.9,2026-08-05,2026-08-05,2026-08-05T08:58:54.488904+00:00
DGS1,2026-06-11,3.85,2026-08-05,2026-08-05,2026-08-05T08:58:54.488904+00:00
DGS1,2026-06-12,3.86,2026-08-05,2026-08-05,2026-08-05T08:58:54.488904+00:00
DGS1,2026-06-15,3.84,2026-08-05,2026-08-05,2026-08-05T08:58:54.488904+00:00
DGS1,2026-06-16,3.84,2026-08-05,2026-08-05,2026-08-05T08:58:54.488904+00:00
DGS1,2026-06-17,3.98,2026-08-05,2026-08-05,2026-08-05T08:58:54.488904+00:00
DGS1,2026-06-18,4.0,2026-08-05,2026-08-05,2026-08-05T08:58:54.488904+00:00
DGS1,2026-06-19,.,2026-08-05,2026-08-05,2026-08-05T08:58:54.488904+00:00
DGS1,2026-06-22,4.04,2026-08-05,2026-08-05,2026-08-05T08:58:54.488904+00:00
DGS1,2026-06-23,4.01,2026-08-05,2026-08-05,2026-08-05T08:58:54.488904+00:00
DGS1,2026-06-24,3.99,2026-08-05,2026-08-05,2026-08-05T08:58:54.488904+00:00
DGS1,2026-06-25,3.96,2026-08-05,2026-08-05,2026-08-05T08:58:54.488904+00:00
DGS1,2026-06-26,3.94,2026-08-05,2026-08-05,2026-08-05T08:58:54.488904+00:00
DGS1,2026-06-29,3.97,2026-08-05,2026-08-05,2026-08-05T08:58:54.488904+00:00
DGS1,2026-06-30,3.98,2026-08-05,2026-08-05,2026-08-05T08:58:54.488904+00:00
DGS1,2026-07-01,4.0,2026-08-05,2026-08-05,2026-08-05T08:58:54.488904+00:00
DGS1,2026-07-02,3.96,2026-08-05,2026-08-05,2026-08-05T08:58:54.488904+00:00
DGS1,2026-07-03,.,2026-08-05,2026-08-05,2026-08-05T08:58:54.488904+00:00
DGS1,2026-07-06,3.95,2026-08-05,2026-08-05,2026-08-05T08:58:54.488904+00:00
DGS1,2026-07-07,4.06,2026-08-05,2026-08-05,2026-08-05T08:58:54.488904+00:00
DGS1,2026-07-08,4.06,2026-08-05,2026-08-05,2026-08-05T08:58:54.488904+00:00
DGS1,2026-07-09,4.02,2026-08-05,2026-08-05,2026-08-05T08:58:54.488904+00:00
DGS1,2026-07-10,4.06,2026-08-05,2026-08-05,2026-08-05T08:58:54.488904+00:00
DGS1,2026-07-13,4.12,2026-08-05,2026-08-05,2026-08-05T08:58:54.488904+00:00
DGS1,2026-07-14,4.02,2026-08-05,2026-08-05,2026-08-05T08:58:54.488904+00:00
DGS1,2026-07-15,3.97,2026-08-05,2026-08-05,2026-08-05T08:58:54.488904+00:00
DGS1,2026-07-16,3.99,2026-08-05,2026-08-05,2026-08-05T08:58:54.488904+00:00
DGS1,2026-07-17,4.01,2026-08-05,2026-08-05,2026-08-05T08:58:54.488904+00:00
DGS1,2026-07-20,4.0300000000,2026-08-05,2026-08-05,2026-08-05T08:58:54.488904+00:00
DGS1,2026-07-21,4.0800000000,2026-08-05,2026-08-05,2026-08-05T08:58:54.488904+00:00
DGS1,2026-07-22,4.1100000000,2026-08-05,2026-08-05,2026-08-05T08:58:54.488904+00:00
DGS1,2026-07-23,4.1500000000,2026-08-05,2026-08-05,2026-08-05T08:58:54.488904+00:00
DGS1,2026-07-24,4.1400000000,2026-08-05,2026-08-05,2026-08-05T08:58:54.488904+00:00
DGS1,2026-07-27,4.1400000000,2026-08-05,2026-08-05,2026-08-05T08:58:54.488904+00:00
DGS1,2026-07-28,4.0900000000,2026-08-05,2026-08-05,2026-08-05T08:58:54.488904+00:00
DGS1,2026-07-29,4.0400000000,2026-08-05,2026-08-05,2026-08-05T08:58:54.488904+00:00
DGS1,2026-07-30,4.0400000000,2026-08-05,2026-08-05,2026-08-05T08:58:54.488904+00:00
DGS1,2026-07-31,4.0800000000,2026-08-05,2026-08-05,2026-08-05T08:58:54.488904+00:00
DGS1,2026-08-03,4.0700000000,2026-08-05,2026-08-05,2026-08-05T08:58:54.488904+00:00
DGS2,2022-08-05,3.24,2026-08-05,2026-08-05,2026-08-05T08:58:54.488904+00:00
DGS2,2022-08-08,3.21,2026-08-05,2026-08-05,2026-08-05T08:58:54.488904+00:00
DGS2,2022-08-09,3.28,2026-08-05,2026-08-05,2026-08-05T08:58:54.488904+00:00
DGS2,2022-08-10,3.23,2026-08-05,2026-08-05,2026-08-05T08:58:54.488904+00:00
DGS2,2022-08-11,3.23,2026-08-05,2026-08-05,2026-08-05T08:58:54.488904+00:00
DGS2,2022-08-12,3.25,2026-08-05,2026-08-05,2026-08-05T08:58:54.488904+00:00
DGS2,2022-08-15,3.20,2026-08-05,2026-08-05,2026-08-05T08:58:54.488904+00:00
DGS2,2022-08-16,3.25,2026-08-05,2026-08-05,2026-08-05T08:58:54.488904+00:00
DGS2,2022-08-17,3.28,2026-08-05,2026-08-05,2026-08-05T08:58:54.488904+00:00
DGS2,2022-08-18,3.22,2026-08-05,2026-08-05,2026-08-05T08:58:54.488904+00:00
DGS2,2022-08-19,3.25,2026-08-05,2026-08-05,2026-08-05T08:58:54.488904+00:00
DGS2,2022-08-22,3.32,2026-08-05,2026-08-05,2026-08-05T08:58:54.488904+00:00
DGS2,2022-08-23,3.29,2026-08-05,2026-08-05,2026-08-05T08:58:54.488904+00:00
DGS2,2022-08-24,3.36,2026-08-05,2026-08-05,2026-08-05T08:58:54.488904+00:00
DGS2,2022-08-25,3.35,2026-08-05,2026-08-05,2026-08-05T08:58:54.488904+00:00
DGS2,2022-08-26,3.37,2026-08-05,2026-08-05,2026-08-05T08:58:54.488904+00:00
DGS2,2022-08-29,3.42,2026-08-05,2026-08-05,2026-08-05T08:58:54.488904+00:00
DGS2,2022-08-30,3.46,2026-08-05,2026-08-05,2026-08-05T08:58:54.488904+00:00
DGS2,2022-08-31,3.45,2026-08-05,2026-08-05,2026-08-05T08:58:54.488904+00:00
DGS2,2022-09-01,3.51,2026-08-05,2026-08-05,2026-08-05T08:58:54.488904+00:00
DGS2,2022-09-02,3.40,2026-08-05,2026-08-05,2026-08-05T08:58:54.488904+00:00
DGS2,2022-09-05,.,2026-08-05,2026-08-05,2026-08-05T08:58:54.488904+00:00
DGS2,2022-09-06,3.50,2026-08-05,2026-08-05,2026-08-05T08:58:54.488904+00:00
DGS2,2022-09-07,3.45,2026-08-05,2026-08-05,2026-08-05T08:58:54.488904+00:00
DGS2,2022-09-08,3.48,2026-08-05,2026-08-05,2026-08-05T08:58:54.488904+00:00
DGS2,2022-09-09,3.56,2026-08-05,2026-08-05,2026-08-05T08:58:54.488904+00:00
DGS2,2022-09-12,3.58,2026-08-05,2026-08-05,2026-08-05T08:58:54.488904+00:00
DGS2,2022-09-13,3.75,2026-08-05,2026-08-05,2026-08-05T08:58:54.488904+00:00
DGS2,2022-09-14,3.78,2026-08-05,2026-08-05,2026-08-05T08:58:54.488904+00:00
DGS2,2022-09-15,3.87,2026-08-05,2026-08-05,2026-08-05T08:58:54.488904+00:00
DGS2,2022-09-16,3.85,2026-08-05,2026-08-05,2026-08-05T08:58:54.488904+00:00
DGS2,2022-09-19,3.95,2026-08-05,2026-08-05,2026-08-05T08:58:54.488904+00:00
DGS2,2022-09-20,3.96,2026-08-05,2026-08-05,2026-08-05T08:58:54.488904+00:00
DGS2,2022-09-21,4.02,2026-08-05,2026-08-05,2026-08-05T08:58:54.488904+00:00
DGS2,2022-09-22,4.11,2026-08-05,2026-08-05,2026-08-05T08:58:54.488904+00:00
DGS2,2022-09-23,4.20,2026-08-05,2026-08-05,2026-08-05T08:58:54.488904+00:00
DGS2,2022-09-26,4.27,2026-08-05,2026-08-05,2026-08-05T08:58:54.488904+00:00
DGS2,2022-09-27,4.30,2026-08-05,2026-08-05,2026-08-05T08:58:54.488904+00:00
DGS2,2022-09-28,4.07,2026-08-05,2026-08-05,2026-08-05T08:58:54.488904+00:00
DGS2,2022-09-29,4.16,2026-08-05,2026-08-05,2026-08-05T08:58:54.488904+00:00
DGS2,2022-09-30,4.22,2026-08-05,2026-08-05,2026-08-05T08:58:54.488904+00:00
DGS2,2022-10-03,4.12,2026-08-05,2026-08-05,2026-08-05T08:58:54.488904+00:00
DGS2,2022-10-04,4.10,2026-08-05,2026-08-05,2026-08-05T08:58:54.488904+00:00
DGS2,2022-10-05,4.15,2026-08-05,2026-08-05,2026-08-05T08:58:54.488904+00:00
DGS2,2022-10-06,4.23,2026-08-05,2026-08-05,2026-08-05T08:58:54.488904+00:00
DGS2,2022-10-07,4.30,2026-08-05,2026-08-05,2026-08-05T08:58:54.488904+00:00
DGS2,2022-10-10,.,2026-08-05,2026-08-05,2026-08-05T08:58:54.488904+00:00
DGS2,2022-10-11,4.30,2026-08-05,2026-08-05,2026-08-05T08:58:54.488904+00:00
DGS2,2022-10-12,4.28,2026-08-05,2026-08-05,2026-08-05T08:58:54.488904+00:00
DGS2,2022-10-13,4.47,2026-08-05,2026-08-05,2026-08-05T08:58:54.488904+00:00
DGS2,2022-10-14,4.48,2026-08-05,2026-08-05,2026-08-05T08:58:54.488904+00:00
DGS2,2022-10-17,4.45,2026-08-05,2026-08-05,2026-08-05T08:58:54.488904+00:00
DGS2,2022-10-18,4.43,2026-08-05,2026-08-05,2026-08-05T08:58:54.488904+00:00
DGS2,2022-10-19,4.55,2026-08-05,2026-08-05,2026-08-05T08:58:54.488904+00:00
DGS2,2022-10-20,4.62,2026-08-05,2026-08-05,2026-08-05T08:58:54.488904+00:00
DGS2,2022-10-21,4.49,2026-08-05,2026-08-05,2026-08-05T08:58:54.488904+00:00
DGS2,2022-10-24,4.50,2026-08-05,2026-08-05,2026-08-05T08:58:54.488904+00:00
DGS2,2022-10-25,4.42,2026-08-05,2026-08-05,2026-08-05T08:58:54.488904+00:00
DGS2,2022-10-26,4.39,2026-08-05,2026-08-05,2026-08-05T08:58:54.488904+00:00
DGS2,2022-10-27,4.30,2026-08-05,2026-08-05,2026-08-05T08:58:54.488904+00:00
DGS2,2022-10-28,4.41,2026-08-05,2026-08-05,2026-08-05T08:58:54.488904+00:00
DGS2,2022-10-31,4.51,2026-08-05,2026-08-05,2026-08-05T08:58:54.488904+00:00
DGS2,2022-11-01,4.54,2026-08-05,2026-08-05,2026-08-05T08:58:54.488904+00:00
DGS2,2022-11-02,4.61,2026-08-05,2026-08-05,2026-08-05T08:58:54.488904+00:00
DGS2,2022-11-03,4.71,2026-08-05,2026-08-05,2026-08-05T08:58:54.488904+00:00
DGS2,2022-11-04,4.66,2026-08-05,2026-08-05,2026-08-05T08:58:54.488904+00:00
DGS2,2022-11-07,4.72,2026-08-05,2026-08-05,2026-08-05T08:58:54.488904+00:00
DGS2,2022-11-08,4.67,2026-08-05,2026-08-05,2026-08-05T08:58:54.488904+00:00
DGS2,2022-11-09,4.61,2026-08-05,2026-08-05,2026-08-05T08:58:54.488904+00:00
DGS2,2022-11-10,4.34,2026-08-05,2026-08-05,2026-08-05T08:58:54.488904+00:00
DGS2,2022-11-11,.,2026-08-05,2026-08-05,2026-08-05T08:58:54.488904+00:00
DGS2,2022-11-14,4.40,2026-08-05,2026-08-05,2026-08-05T08:58:54.488904+00:00
DGS2,2022-11-15,4.37,2026-08-05,2026-08-05,2026-08-05T08:58:54.488904+00:00
DGS2,2022-11-16,4.35,2026-08-05,2026-08-05,2026-08-05T08:58:54.488904+00:00
DGS2,2022-11-17,4.43,2026-08-05,2026-08-05,2026-08-05T08:58:54.488904+00:00
DGS2,2022-11-18,4.51,2026-08-05,2026-08-05,2026-08-05T08:58:54.488904+00:00
DGS2,2022-11-21,4.48,2026-08-05,2026-08-05,2026-08-05T08:58:54.488904+00:00
DGS2,2022-11-22,4.47,2026-08-05,2026-08-05,2026-08-05T08:58:54.488904+00:00
DGS2,2022-11-23,4.46,2026-08-05,2026-08-05,2026-08-05T08:58:54.488904+00:00
DGS2,2022-11-24,.,2026-08-05,2026-08-05,2026-08-05T08:58:54.488904+00:00
DGS2,2022-11-25,4.42,2026-08-05,2026-08-05,2026-08-05T08:58:54.488904+00:00
DGS2,2022-11-28,4.46,2026-08-05,2026-08-05,2026-08-05T08:58:54.488904+00:00
DGS2,2022-11-29,4.48,2026-08-05,2026-08-05,2026-08-05T08:58:54.488904+00:00
DGS2,2022-11-30,4.38,2026-08-05,2026-08-05,2026-08-05T08:58:54.488904+00:00
DGS2,2022-12-01,4.25,2026-08-05,2026-08-05,2026-08-05T08:58:54.488904+00:00
DGS2,2022-12-02,4.28,2026-08-05,2026-08-05,2026-08-05T08:58:54.488904+00:00
DGS2,2022-12-05,4.41,2026-08-05,2026-08-05,2026-08-05T08:58:54.488904+00:00
DGS2,2022-12-06,4.34,2026-08-05,2026-08-05,2026-08-05T08:58:54.488904+00:00
DGS2,2022-12-07,4.26,2026-08-05,2026-08-05,2026-08-05T08:58:54.488904+00:00
DGS2,2022-12-08,4.31,2026-08-05,2026-08-05,2026-08-05T08:58:54.488904+00:00
DGS2,2022-12-09,4.33,2026-08-05,2026-08-05,2026-08-05T08:58:54.488904+00:00
DGS2,2022-12-12,4.39,2026-08-05,2026-08-05,2026-08-05T08:58:54.488904+00:00
DGS2,2022-12-13,4.22,2026-08-05,2026-08-05,2026-08-05T08:58:54.488904+00:00
DGS2,2022-12-14,4.23,2026-08-05,2026-08-05,2026-08-05T08:58:54.488904+00:00
DGS2,2022-12-15,4.23,2026-08-05,2026-08-05,2026-08-05T08:58:54.488904+00:00
DGS2,2022-12-16,4.17,2026-08-05,2026-08-05,2026-08-05T08:58:54.488904+00:00
DGS2,2022-12-19,4.25,2026-08-05,2026-08-05,2026-08-05T08:58:54.488904+00:00
DGS2,2022-12-20,4.25,2026-08-05,2026-08-05,2026-08-05T08:58:54.488904+00:00
DGS2,2022-12-21,4.21,2026-08-05,2026-08-05,2026-08-05T08:58:54.488904+00:00
DGS2,2022-12-22,4.24,2026-08-05,2026-08-05,2026-08-05T08:58:54.488904+00:00
DGS2,2022-12-23,4.31,2026-08-05,2026-08-05,2026-08-05T08:58:54.488904+00:00
DGS2,2022-12-26,.,2026-08-05,2026-08-05,2026-08-05T08:58:54.488904+00:00
DGS2,2022-12-27,4.32,2026-08-05,2026-08-05,2026-08-05T08:58:54.488904+00:00
DGS2,2022-12-28,4.31,2026-08-05,2026-08-05,2026-08-05T08:58:54.488904+00:00
DGS2,2022-12-29,4.34,2026-08-05,2026-08-05,2026-08-05T08:58:54.488904+00:00
DGS2,2022-12-30,4.41,2026-08-05,2026-08-05,2026-08-05T08:58:54.488904+00:00
DGS2,2023-01-02,.,2026-08-05,2026-08-05,2026-08-05T08:58:54.488904+00:00
DGS2,2023-01-03,4.40,2026-08-05,2026-08-05,2026-08-05T08:58:54.488904+00:00
DGS2,2023-01-04,4.36,2026-08-05,2026-08-05,2026-08-05T08:58:54.488904+00:00
DGS2,2023-01-05,4.45,2026-08-05,2026-08-05,2026-08-05T08:58:54.488904+00:00
DGS2,2023-01-06,4.24,2026-08-05,2026-08-05,2026-08-05T08:58:54.488904+00:00
DGS2,2023-01-09,4.19,2026-08-05,2026-08-05,2026-08-05T08:58:54.488904+00:00
DGS2,2023-01-10,4.24,2026-08-05,2026-08-05,2026-08-05T08:58:54.488904+00:00
DGS2,2023-01-11,4.20,2026-08-05,2026-08-05,2026-08-05T08:58:54.488904+00:00
DGS2,2023-01-12,4.12,2026-08-05,2026-08-05,2026-08-05T08:58:54.488904+00:00
DGS2,2023-01-13,4.22,2026-08-05,2026-08-05,2026-08-05T08:58:54.488904+00:00
DGS2,2023-01-16,.,2026-08-05,2026-08-05,2026-08-05T08:58:54.488904+00:00
DGS2,2023-01-17,4.18,2026-08-05,2026-08-05,2026-08-05T08:58:54.488904+00:00
DGS2,2023-01-18,4.06,2026-08-05,2026-08-05,2026-08-05T08:58:54.488904+00:00
DGS2,2023-01-19,4.09,2026-08-05,2026-08-05,2026-08-05T08:58:54.488904+00:00
DGS2,2023-01-20,4.14,2026-08-05,2026-08-05,2026-08-05T08:58:54.488904+00:00
DGS2,2023-01-23,4.21,2026-08-05,2026-08-05,2026-08-05T08:58:54.488904+00:00
DGS2,2023-01-24,4.12,2026-08-05,2026-08-05,2026-08-05T08:58:54.488904+00:00
DGS2,2023-01-25,4.11,2026-08-05,2026-08-05,2026-08-05T08:58:54.488904+00:00
DGS2,2023-01-26,4.17,2026-08-05,2026-08-05,2026-08-05T08:58:54.488904+00:00
DGS2,2023-01-27,4.19,2026-08-05,2026-08-05,2026-08-05T08:58:54.488904+00:00
DGS2,2023-01-30,4.25,2026-08-05,2026-08-05,2026-08-05T08:58:54.488904+00:00
DGS2,2023-01-31,4.21,2026-08-05,2026-08-05,2026-08-05T08:58:54.488904+00:00
DGS2,2023-02-01,4.09,2026-08-05,2026-08-05,2026-08-05T08:58:54.488904+00:00
DGS2,2023-02-02,4.09,2026-08-05,2026-08-05,2026-08-05T08:58:54.488904+00:00
DGS2,2023-02-03,4.30,2026-08-05,2026-08-05,2026-08-05T08:58:54.488904+00:00
DGS2,2023-02-06,4.44,2026-08-05,2026-08-05,2026-08-05T08:58:54.488904+00:00
DGS2,2023-02-07,4.47,2026-08-05,2026-08-05,2026-08-05T08:58:54.488904+00:00
DGS2,2023-02-08,4.45,2026-08-05,2026-08-05,2026-08-05T08:58:54.488904+00:00
DGS2,2023-02-09,4.48,2026-08-05,2026-08-05,2026-08-05T08:58:54.488904+00:00
DGS2,2023-02-10,4.50,2026-08-05,2026-08-05,2026-08-05T08:58:54.488904+00:00
DGS2,2023-02-13,4.52,2026-08-05,2026-08-05,2026-08-05T08:58:54.488904+00:00
DGS2,2023-02-14,4.60,2026-08-05,2026-08-05,2026-08-05T08:58:54.488904+00:00
DGS2,2023-02-15,4.62,2026-08-05,2026-08-05,2026-08-05T08:58:54.488904+00:00
DGS2,2023-02-16,4.62,2026-08-05,2026-08-05,2026-08-05T08:58:54.488904+00:00
DGS2,2023-02-17,4.60,2026-08-05,2026-08-05,2026-08-05T08:58:54.488904+00:00
DGS2,2023-02-20,.,2026-08-05,2026-08-05,2026-08-05T08:58:54.488904+00:00
DGS2,2023-02-21,4.67,2026-08-05,2026-08-05,2026-08-05T08:58:54.488904+00:00
DGS2,2023-02-22,4.66,2026-08-05,2026-08-05,2026-08-05T08:58:54.488904+00:00
DGS2,2023-02-23,4.66,2026-08-05,2026-08-05,2026-08-05T08:58:54.488904+00:00
DGS2,2023-02-24,4.78,2026-08-05,2026-08-05,2026-08-05T08:58:54.488904+00:00
DGS2,2023-02-27,4.78,2026-08-05,2026-08-05,2026-08-05T08:58:54.488904+00:00
DGS2,2023-02-28,4.81,2026-08-05,2026-08-05,2026-08-05T08:58:54.488904+00:00
DGS2,2023-03-01,4.89,2026-08-05,2026-08-05,2026-08-05T08:58:54.488904+00:00
DGS2,2023-03-02,4.89,2026-08-05,2026-08-05,2026-08-05T08:58:54.488904+00:00
DGS2,2023-03-03,4.86,2026-08-05,2026-08-05,2026-08-05T08:58:54.488904+00:00
DGS2,2023-03-06,4.89,2026-08-05,2026-08-05,2026-08-05T08:58:54.488904+00:00
DGS2,2023-03-07,5.00,2026-08-05,2026-08-05,2026-08-05T08:58:54.488904+00:00
DGS2,2023-03-08,5.05,2026-08-05,2026-08-05,2026-08-05T08:58:54.488904+00:00
DGS2,2023-03-09,4.90,2026-08-05,2026-08-05,2026-08-05T08:58:54.488904+00:00
DGS2,2023-03-10,4.60,2026-08-05,2026-08-05,2026-08-05T08:58:54.488904+00:00
DGS2,2023-03-13,4.03,2026-08-05,2026-08-05,2026-08-05T08:58:54.488904+00:00
DGS2,2023-03-14,4.20,2026-08-05,2026-08-05,2026-08-05T08:58:54.488904+00:00
DGS2,2023-03-15,3.93,2026-08-05,2026-08-05,2026-08-05T08:58:54.488904+00:00
DGS2,2023-03-16,4.14,2026-08-05,2026-08-05,2026-08-05T08:58:54.488904+00:00
DGS2,2023-03-17,3.81,2026-08-05,2026-08-05,2026-08-05T08:58:54.488904+00:00
DGS2,2023-03-20,3.92,2026-08-05,2026-08-05,2026-08-05T08:58:54.488904+00:00
DGS2,2023-03-21,4.17,2026-08-05,2026-08-05,2026-08-05T08:58:54.488904+00:00
DGS2,2023-03-22,3.96,2026-08-05,2026-08-05,2026-08-05T08:58:54.488904+00:00
DGS2,2023-03-23,3.76,2026-08-05,2026-08-05,2026-08-05T08:58:54.488904+00:00
DGS2,2023-03-24,3.76,2026-08-05,2026-08-05,2026-08-05T08:58:54.488904+00:00
DGS2,2023-03-27,3.94,2026-08-05,2026-08-05,2026-08-05T08:58:54.488904+00:00
DGS2,2023-03-28,4.02,2026-08-05,2026-08-05,2026-08-05T08:58:54.488904+00:00
DGS2,2023-03-29,4.08,2026-08-05,2026-08-05,2026-08-05T08:58:54.488904+00:00
DGS2,2023-03-30,4.10,2026-08-05,2026-08-05,2026-08-05T08:58:54.488904+00:00
DGS2,2023-03-31,4.06,2026-08-05,2026-08-05,2026-08-05T08:58:54.488904+00:00
DGS2,2023-04-03,3.97,2026-08-05,2026-08-05,2026-08-05T08:58:54.488904+00:00
DGS2,2023-04-04,3.84,2026-08-05,2026-08-05,2026-08-05T08:58:54.488904+00:00
DGS2,2023-04-05,3.79,2026-08-05,2026-08-05,2026-08-05T08:58:54.488904+00:00
DGS2,2023-04-06,3.82,2026-08-05,2026-08-05,2026-08-05T08:58:54.488904+00:00
DGS2,2023-04-07,3.97,2026-08-05,2026-08-05,2026-08-05T08:58:54.488904+00:00
DGS2,2023-04-10,4.00,2026-08-05,2026-08-05,2026-08-05T08:58:54.488904+00:00
DGS2,2023-04-11,4.03,2026-08-05,2026-08-05,2026-08-05T08:58:54.488904+00:00
DGS2,2023-04-12,3.95,2026-08-05,2026-08-05,2026-08-05T08:58:54.488904+00:00
DGS2,2023-04-13,3.96,2026-08-05,2026-08-05,2026-08-05T08:58:54.488904+00:00
DGS2,2023-04-14,4.08,2026-08-05,2026-08-05,2026-08-05T08:58:54.488904+00:00
DGS2,2023-04-17,4.18,2026-08-05,2026-08-05,2026-08-05T08:58:54.488904+00:00
DGS2,2023-04-18,4.19,2026-08-05,2026-08-05,2026-08-05T08:58:54.488904+00:00
DGS2,2023-04-19,4.24,2026-08-05,2026-08-05,2026-08-05T08:58:54.488904+00:00
DGS2,2023-04-20,4.14,2026-08-05,2026-08-05,2026-08-05T08:58:54.488904+00:00
DGS2,2023-04-21,4.17,2026-08-05,2026-08-05,2026-08-05T08:58:54.488904+00:00
DGS2,2023-04-24,4.12,2026-08-05,2026-08-05,2026-08-05T08:58:54.488904+00:00
DGS2,2023-04-25,3.86,2026-08-05,2026-08-05,2026-08-05T08:58:54.488904+00:00
DGS2,2023-04-26,3.90,2026-08-05,2026-08-05,2026-08-05T08:58:54.488904+00:00
DGS2,2023-04-27,4.07,2026-08-05,2026-08-05,2026-08-05T08:58:54.488904+00:00
DGS2,2023-04-28,4.04,2026-08-05,2026-08-05,2026-08-05T08:58:54.488904+00:00
DGS2,2023-05-01,4.14,2026-08-05,2026-08-05,2026-08-05T08:58:54.488904+00:00
DGS2,2023-05-02,3.97,2026-08-05,2026-08-05,2026-08-05T08:58:54.488904+00:00
DGS2,2023-05-03,3.89,2026-08-05,2026-08-05,2026-08-05T08:58:54.488904+00:00
DGS2,2023-05-04,3.75,2026-08-05,2026-08-05,2026-08-05T08:58:54.488904+00:00
DGS2,2023-05-05,3.92,2026-08-05,2026-08-05,2026-08-05T08:58:54.488904+00:00
DGS2,2023-05-08,4.00,2026-08-05,2026-08-05,2026-08-05T08:58:54.488904+00:00
DGS2,2023-05-09,4.01,2026-08-05,2026-08-05,2026-08-05T08:58:54.488904+00:00
DGS2,2023-05-10,3.90,2026-08-05,2026-08-05,2026-08-05T08:58:54.488904+00:00
DGS2,2023-05-11,3.89,2026-08-05,2026-08-05,2026-08-05T08:58:54.488904+00:00
DGS2,2023-05-12,3.98,2026-08-05,2026-08-05,2026-08-05T08:58:54.488904+00:00
DGS2,2023-05-15,3.99,2026-08-05,2026-08-05,2026-08-05T08:58:54.488904+00:00
DGS2,2023-05-16,4.06,2026-08-05,2026-08-05,2026-08-05T08:58:54.488904+00:00
DGS2,2023-05-17,4.12,2026-08-05,2026-08-05,2026-08-05T08:58:54.488904+00:00
DGS2,2023-05-18,4.24,2026-08-05,2026-08-05,2026-08-05T08:58:54.488904+00:00
DGS2,2023-05-19,4.28,2026-08-05,2026-08-05,2026-08-05T08:58:54.488904+00:00
DGS2,2023-05-22,4.29,2026-08-05,2026-08-05,2026-08-05T08:58:54.488904+00:00
DGS2,2023-05-23,4.26,2026-08-05,2026-08-05,2026-08-05T08:58:54.488904+00:00
DGS2,2023-05-24,4.31,2026-08-05,2026-08-05,2026-08-05T08:58:54.488904+00:00
DGS2,2023-05-25,4.50,2026-08-05,2026-08-05,2026-08-05T08:58:54.488904+00:00
DGS2,2023-05-26,4.54,2026-08-05,2026-08-05,2026-08-05T08:58:54.488904+00:00
DGS2,2023-05-29,.,2026-08-05,2026-08-05,2026-08-05T08:58:54.488904+00:00
DGS2,2023-05-30,4.46,2026-08-05,2026-08-05,2026-08-05T08:58:54.488904+00:00
DGS2,2023-05-31,4.40,2026-08-05,2026-08-05,2026-08-05T08:58:54.488904+00:00
DGS2,2023-06-01,4.33,2026-08-05,2026-08-05,2026-08-05T08:58:54.488904+00:00
DGS2,2023-06-02,4.50,2026-08-05,2026-08-05,2026-08-05T08:58:54.488904+00:00
DGS2,2023-06-05,4.46,2026-08-05,2026-08-05,2026-08-05T08:58:54.488904+00:00
DGS2,2023-06-06,4.51,2026-08-05,2026-08-05,2026-08-05T08:58:54.488904+00:00
DGS2,2023-06-07,4.56,2026-08-05,2026-08-05,2026-08-05T08:58:54.488904+00:00
DGS2,2023-06-08,4.52,2026-08-05,2026-08-05,2026-08-05T08:58:54.488904+00:00
DGS2,2023-06-09,4.59,2026-08-05,2026-08-05,2026-08-05T08:58:54.488904+00:00
DGS2,2023-06-12,4.55,2026-08-05,2026-08-05,2026-08-05T08:58:54.488904+00:00
DGS2,2023-06-13,4.67,2026-08-05,2026-08-05,2026-08-05T08:58:54.488904+00:00
DGS2,2023-06-14,4.74,2026-08-05,2026-08-05,2026-08-05T08:58:54.488904+00:00
DGS2,2023-06-15,4.62,2026-08-05,2026-08-05,2026-08-05T08:58:54.488904+00:00
DGS2,2023-06-16,4.70,2026-08-05,2026-08-05,2026-08-05T08:58:54.488904+00:00
DGS2,2023-06-19,.,2026-08-05,2026-08-05,2026-08-05T08:58:54.488904+00:00
DGS2,2023-06-20,4.68,2026-08-05,2026-08-05,2026-08-05T08:58:54.488904+00:00
DGS2,2023-06-21,4.68,2026-08-05,2026-08-05,2026-08-05T08:58:54.488904+00:00
DGS2,2023-06-22,4.77,2026-08-05,2026-08-05,2026-08-05T08:58:54.488904+00:00
DGS2,2023-06-23,4.71,2026-08-05,2026-08-05,2026-08-05T08:58:54.488904+00:00
DGS2,2023-06-26,4.65,2026-08-05,2026-08-05,2026-08-05T08:58:54.488904+00:00
DGS2,2023-06-27,4.74,2026-08-05,2026-08-05,2026-08-05T08:58:54.488904+00:00
DGS2,2023-06-28,4.71,2026-08-05,2026-08-05,2026-08-05T08:58:54.488904+00:00
DGS2,2023-06-29,4.87,2026-08-05,2026-08-05,2026-08-05T08:58:54.488904+00:00
DGS2,2023-06-30,4.87,2026-08-05,2026-08-05,2026-08-05T08:58:54.488904+00:00
DGS2,2023-07-03,4.94,2026-08-05,2026-08-05,2026-08-05T08:58:54.488904+00:00
DGS2,2023-07-04,.,2026-08-05,2026-08-05,2026-08-05T08:58:54.488904+00:00
DGS2,2023-07-05,4.94,2026-08-05,2026-08-05,2026-08-05T08:58:54.488904+00:00
DGS2,2023-07-06,4.99,2026-08-05,2026-08-05,2026-08-05T08:58:54.488904+00:00
DGS2,2023-07-07,4.94,2026-08-05,2026-08-05,2026-08-05T08:58:54.488904+00:00
DGS2,2023-07-10,4.85,2026-08-05,2026-08-05,2026-08-05T08:58:54.488904+00:00
DGS2,2023-07-11,4.88,2026-08-05,2026-08-05,2026-08-05T08:58:54.488904+00:00
DGS2,2023-07-12,4.72,2026-08-05,2026-08-05,2026-08-05T08:58:54.488904+00:00
DGS2,2023-07-13,4.59,2026-08-05,2026-08-05,2026-08-05T08:58:54.488904+00:00
DGS2,2023-07-14,4.74,2026-08-05,2026-08-05,2026-08-05T08:58:54.488904+00:00
DGS2,2023-07-17,4.74,2026-08-05,2026-08-05,2026-08-05T08:58:54.488904+00:00
DGS2,2023-07-18,4.74,2026-08-05,2026-08-05,2026-08-05T08:58:54.488904+00:00
DGS2,2023-07-19,4.74,2026-08-05,2026-08-05,2026-08-05T08:58:54.488904+00:00
DGS2,2023-07-20,4.80,2026-08-05,2026-08-05,2026-08-05T08:58:54.488904+00:00
DGS2,2023-07-21,4.82,2026-08-05,2026-08-05,2026-08-05T08:58:54.488904+00:00
DGS2,2023-07-24,4.81,2026-08-05,2026-08-05,2026-08-05T08:58:54.488904+00:00
DGS2,2023-07-25,4.85,2026-08-05,2026-08-05,2026-08-05T08:58:54.488904+00:00
DGS2,2023-07-26,4.82,2026-08-05,2026-08-05,2026-08-05T08:58:54.488904+00:00
DGS2,2023-07-27,4.91,2026-08-05,2026-08-05,2026-08-05T08:58:54.488904+00:00
DGS2,2023-07-28,4.87,2026-08-05,2026-08-05,2026-08-05T08:58:54.488904+00:00
DGS2,2023-07-31,4.88,2026-08-05,2026-08-05,2026-08-05T08:58:54.488904+00:00
DGS2,2023-08-01,4.92,2026-08-05,2026-08-05,2026-08-05T08:58:54.488904+00:00
DGS2,2023-08-02,4.88,2026-08-05,2026-08-05,2026-08-05T08:58:54.488904+00:00
DGS2,2023-08-03,4.90,2026-08-05,2026-08-05,2026-08-05T08:58:54.488904+00:00
DGS2,2023-08-04,4.78,2026-08-05,2026-08-05,2026-08-05T08:58:54.488904+00:00
DGS2,2023-08-07,4.76,2026-08-05,2026-08-05,2026-08-05T08:58:54.488904+00:00
DGS2,2023-08-08,4.74,2026-08-05,2026-08-05,2026-08-05T08:58:54.488904+00:00
DGS2,2023-08-09,4.79,2026-08-05,2026-08-05,2026-08-05T08:58:54.488904+00:00
DGS2,2023-08-10,4.82,2026-08-05,2026-08-05,2026-08-05T08:58:54.488904+00:00
DGS2,2023-08-11,4.89,2026-08-05,2026-08-05,2026-08-05T08:58:54.488904+00:00
DGS2,2023-08-14,4.96,2026-08-05,2026-08-05,2026-08-05T08:58:54.488904+00:00
DGS2,2023-08-15,4.92,2026-08-05,2026-08-05,2026-08-05T08:58:54.488904+00:00
DGS2,2023-08-16,4.97,2026-08-05,2026-08-05,2026-08-05T08:58:54.488904+00:00
DGS2,2023-08-17,4.94,2026-08-05,2026-08-05,2026-08-05T08:58:54.488904+00:00
DGS2,2023-08-18,4.92,2026-08-05,2026-08-05,2026-08-05T08:58:54.488904+00:00
DGS2,2023-08-21,4.97,2026-08-05,2026-08-05,2026-08-05T08:58:54.488904+00:00
DGS2,2023-08-22,5.02,2026-08-05,2026-08-05,2026-08-05T08:58:54.488904+00:00
DGS2,2023-08-23,4.95,2026-08-05,2026-08-05,2026-08-05T08:58:54.488904+00:00
DGS2,2023-08-24,4.98,2026-08-05,2026-08-05,2026-08-05T08:58:54.488904+00:00
DGS2,2023-08-25,5.03,2026-08-05,2026-08-05,2026-08-05T08:58:54.488904+00:00
DGS2,2023-08-28,4.98,2026-08-05,2026-08-05,2026-08-05T08:58:54.488904+00:00
DGS2,2023-08-29,4.87,2026-08-05,2026-08-05,2026-08-05T08:58:54.488904+00:00
DGS2,2023-08-30,4.90,2026-08-05,2026-08-05,2026-08-05T08:58:54.488904+00:00
DGS2,2023-08-31,4.85,2026-08-05,2026-08-05,2026-08-05T08:58:54.488904+00:00
DGS2,2023-09-01,4.87,2026-08-05,2026-08-05,2026-08-05T08:58:54.488904+00:00
DGS2,2023-09-04,.,2026-08-05,2026-08-05,2026-08-05T08:58:54.488904+00:00
DGS2,2023-09-05,4.94,2026-08-05,2026-08-05,2026-08-05T08:58:54.488904+00:00
DGS2,2023-09-06,5.01,2026-08-05,2026-08-05,2026-08-05T08:58:54.488904+00:00
DGS2,2023-09-07,4.94,2026-08-05,2026-08-05,2026-08-05T08:58:54.488904+00:00
DGS2,2023-09-08,4.98,2026-08-05,2026-08-05,2026-08-05T08:58:54.488904+00:00
DGS2,2023-09-11,4.97,2026-08-05,2026-08-05,2026-08-05T08:58:54.488904+00:00
DGS2,2023-09-12,4.98,2026-08-05,2026-08-05,2026-08-05T08:58:54.488904+00:00
DGS2,2023-09-13,4.96,2026-08-05,2026-08-05,2026-08-05T08:58:54.488904+00:00
DGS2,2023-09-14,5.00,2026-08-05,2026-08-05,2026-08-05T08:58:54.488904+00:00
DGS2,2023-09-15,5.02,2026-08-05,2026-08-05,2026-08-05T08:58:54.488904+00:00
DGS2,2023-09-18,5.05,2026-08-05,2026-08-05,2026-08-05T08:58:54.488904+00:00
DGS2,2023-09-19,5.08,2026-08-05,2026-08-05,2026-08-05T08:58:54.488904+00:00
DGS2,2023-09-20,5.12,2026-08-05,2026-08-05,2026-08-05T08:58:54.488904+00:00
DGS2,2023-09-21,5.12,2026-08-05,2026-08-05,2026-08-05T08:58:54.488904+00:00
DGS2,2023-09-22,5.10,2026-08-05,2026-08-05,2026-08-05T08:58:54.488904+00:00
DGS2,2023-09-25,5.09,2026-08-05,2026-08-05,2026-08-05T08:58:54.488904+00:00
DGS2,2023-09-26,5.04,2026-08-05,2026-08-05,2026-08-05T08:58:54.488904+00:00
DGS2,2023-09-27,5.10,2026-08-05,2026-08-05,2026-08-05T08:58:54.488904+00:00
DGS2,2023-09-28,5.04,2026-08-05,2026-08-05,2026-08-05T08:58:54.488904+00:00
DGS2,2023-09-29,5.03,2026-08-05,2026-08-05,2026-08-05T08:58:54.488904+00:00
DGS2,2023-10-02,5.12,2026-08-05,2026-08-05,2026-08-05T08:58:54.488904+00:00
DGS2,2023-10-03,5.15,2026-08-05,2026-08-05,2026-08-05T08:58:54.488904+00:00
DGS2,2023-10-04,5.05,2026-08-05,2026-08-05,2026-08-05T08:58:54.488904+00:00
DGS2,2023-10-05,5.03,2026-08-05,2026-08-05,2026-08-05T08:58:54.488904+00:00
DGS2,2023-10-06,5.08,2026-08-05,2026-08-05,2026-08-05T08:58:54.488904+00:00
DGS2,2023-10-09,.,2026-08-05,2026-08-05,2026-08-05T08:58:54.488904+00:00
DGS2,2023-10-10,4.96,2026-08-05,2026-08-05,2026-08-05T08:58:54.488904+00:00
DGS2,2023-10-11,4.99,2026-08-05,2026-08-05,2026-08-05T08:58:54.488904+00:00
DGS2,2023-10-12,5.06,2026-08-05,2026-08-05,2026-08-05T08:58:54.488904+00:00
DGS2,2023-10-13,5.04,2026-08-05,2026-08-05,2026-08-05T08:58:54.488904+00:00
DGS2,2023-10-16,5.09,2026-08-05,2026-08-05,2026-08-05T08:58:54.488904+00:00
DGS2,2023-10-17,5.19,2026-08-05,2026-08-05,2026-08-05T08:58:54.488904+00:00
DGS2,2023-10-18,5.19,2026-08-05,2026-08-05,2026-08-05T08:58:54.488904+00:00
DGS2,2023-10-19,5.14,2026-08-05,2026-08-05,2026-08-05T08:58:54.488904+00:00
DGS2,2023-10-20,5.07,2026-08-05,2026-08-05,2026-08-05T08:58:54.488904+00:00
DGS2,2023-10-23,5.05,2026-08-05,2026-08-05,2026-08-05T08:58:54.488904+00:00
DGS2,2023-10-24,5.02,2026-08-05,2026-08-05,2026-08-05T08:58:54.488904+00:00
DGS2,2023-10-25,5.08,2026-08-05,2026-08-05,2026-08-05T08:58:54.488904+00:00
DGS2,2023-10-26,5.02,2026-08-05,2026-08-05,2026-08-05T08:58:54.488904+00:00
DGS2,2023-10-27,4.99,2026-08-05,2026-08-05,2026-08-05T08:58:54.488904+00:00
DGS2,2023-10-30,5.03,2026-08-05,2026-08-05,2026-08-05T08:58:54.488904+00:00
DGS2,2023-10-31,5.07,2026-08-05,2026-08-05,2026-08-05T08:58:54.488904+00:00
DGS2,2023-11-01,4.95,2026-08-05,2026-08-05,2026-08-05T08:58:54.488904+00:00
DGS2,2023-11-02,4.98,2026-08-05,2026-08-05,2026-08-05T08:58:54.488904+00:00
DGS2,2023-11-03,4.83,2026-08-05,2026-08-05,2026-08-05T08:58:54.488904+00:00
DGS2,2023-11-06,4.93,2026-08-05,2026-08-05,2026-08-05T08:58:54.488904+00:00
DGS2,2023-11-07,4.91,2026-08-05,2026-08-05,2026-08-05T08:58:54.488904+00:00
DGS2,2023-11-08,4.93,2026-08-05,2026-08-05,2026-08-05T08:58:54.488904+00:00
DGS2,2023-11-09,5.03,2026-08-05,2026-08-05,2026-08-05T08:58:54.488904+00:00
DGS2,2023-11-10,5.04,2026-08-05,2026-08-05,2026-08-05T08:58:54.488904+00:00
DGS2,2023-11-13,5.02,2026-08-05,2026-08-05,2026-08-05T08:58:54.488904+00:00
DGS2,2023-11-14,4.80,2026-08-05,2026-08-05,2026-08-05T08:58:54.488904+00:00
DGS2,2023-11-15,4.90,2026-08-05,2026-08-05,2026-08-05T08:58:54.488904+00:00
DGS2,2023-11-16,4.83,2026-08-05,2026-08-05,2026-08-05T08:58:54.488904+00:00
DGS2,2023-11-17,4.88,2026-08-05,2026-08-05,2026-08-05T08:58:54.488904+00:00
DGS2,2023-11-20,4.89,2026-08-05,2026-08-05,2026-08-05T08:58:54.488904+00:00
DGS2,2023-11-21,4.86,2026-08-05,2026-08-05,2026-08-05T08:58:54.488904+00:00
DGS2,2023-11-22,4.89,2026-08-05,2026-08-05,2026-08-05T08:58:54.488904+00:00
DGS2,2023-11-23,.,2026-08-05,2026-08-05,2026-08-05T08:58:54.488904+00:00
DGS2,2023-11-24,4.92,2026-08-05,2026-08-05,2026-08-05T08:58:54.488904+00:00
DGS2,2023-11-27,4.84,2026-08-05,2026-08-05,2026-08-05T08:58:54.488904+00:00
DGS2,2023-11-28,4.73,2026-08-05,2026-08-05,2026-08-05T08:58:54.488904+00:00
DGS2,2023-11-29,4.64,2026-08-05,2026-08-05,2026-08-05T08:58:54.488904+00:00
DGS2,2023-11-30,4.73,2026-08-05,2026-08-05,2026-08-05T08:58:54.488904+00:00
DGS2,2023-12-01,4.56,2026-08-05,2026-08-05,2026-08-05T08:58:54.488904+00:00
DGS2,2023-12-04,4.64,2026-08-05,2026-08-05,2026-08-05T08:58:54.488904+00:00
DGS2,2023-12-05,4.57,2026-08-05,2026-08-05,2026-08-05T08:58:54.488904+00:00
DGS2,2023-12-06,4.60,2026-08-05,2026-08-05,2026-08-05T08:58:54.488904+00:00
DGS2,2023-12-07,4.58,2026-08-05,2026-08-05,2026-08-05T08:58:54.488904+00:00
DGS2,2023-12-08,4.71,2026-08-05,2026-08-05,2026-08-05T08:58:54.488904+00:00
DGS2,2023-12-11,4.71,2026-08-05,2026-08-05,2026-08-05T08:58:54.488904+00:00
DGS2,2023-12-12,4.73,2026-08-05,2026-08-05,2026-08-05T08:58:54.488904+00:00
DGS2,2023-12-13,4.46,2026-08-05,2026-08-05,2026-08-05T08:58:54.488904+00:00
DGS2,2023-12-14,4.37,2026-08-05,2026-08-05,2026-08-05T08:58:54.488904+00:00
DGS2,2023-12-15,4.44,2026-08-05,2026-08-05,2026-08-05T08:58:54.488904+00:00
DGS2,2023-12-18,4.43,2026-08-05,2026-08-05,2026-08-05T08:58:54.488904+00:00
DGS2,2023-12-19,4.41,2026-08-05,2026-08-05,2026-08-05T08:58:54.488904+00:00
DGS2,2023-12-20,4.34,2026-08-05,2026-08-05,2026-08-05T08:58:54.488904+00:00
DGS2,2023-12-21,4.33,2026-08-05,2026-08-05,2026-08-05T08:58:54.488904+00:00
DGS2,2023-12-22,4.31,2026-08-05,2026-08-05,2026-08-05T08:58:54.488904+00:00
DGS2,2023-12-25,.,2026-08-05,2026-08-05,2026-08-05T08:58:54.488904+00:00
DGS2,2023-12-26,4.26,2026-08-05,2026-08-05,2026-08-05T08:58:54.488904+00:00
DGS2,2023-12-27,4.20,2026-08-05,2026-08-05,2026-08-05T08:58:54.488904+00:00
DGS2,2023-12-28,4.26,2026-08-05,2026-08-05,2026-08-05T08:58:54.488904+00:00
DGS2,2023-12-29,4.23,2026-08-05,2026-08-05,2026-08-05T08:58:54.488904+00:00
DGS2,2024-01-01,.,2026-08-05,2026-08-05,2026-08-05T08:58:54.488904+00:00
DGS2,2024-01-02,4.33,2026-08-05,2026-08-05,2026-08-05T08:58:54.488904+00:00
DGS2,2024-01-03,4.33,2026-08-05,2026-08-05,2026-08-05T08:58:54.488904+00:00
DGS2,2024-01-04,4.38,2026-08-05,2026-08-05,2026-08-05T08:58:54.488904+00:00
DGS2,2024-01-05,4.40,2026-08-05,2026-08-05,2026-08-05T08:58:54.488904+00:00
DGS2,2024-01-08,4.36,2026-08-05,2026-08-05,2026-08-05T08:58:54.488904+00:00
DGS2,2024-01-09,4.36,2026-08-05,2026-08-05,2026-08-05T08:58:54.488904+00:00
DGS2,2024-01-10,4.37,2026-08-05,2026-08-05,2026-08-05T08:58:54.488904+00:00
DGS2,2024-01-11,4.26,2026-08-05,2026-08-05,2026-08-05T08:58:54.488904+00:00
DGS2,2024-01-12,4.14,2026-08-05,2026-08-05,2026-08-05T08:58:54.488904+00:00
DGS2,2024-01-15,.,2026-08-05,2026-08-05,2026-08-05T08:58:54.488904+00:00
DGS2,2024-01-16,4.22,2026-08-05,2026-08-05,2026-08-05T08:58:54.488904+00:00
DGS2,2024-01-17,4.34,2026-08-05,2026-08-05,2026-08-05T08:58:54.488904+00:00
DGS2,2024-01-18,4.34,2026-08-05,2026-08-05,2026-08-05T08:58:54.488904+00:00
DGS2,2024-01-19,4.39,2026-08-05,2026-08-05,2026-08-05T08:58:54.488904+00:00
DGS2,2024-01-22,4.37,2026-08-05,2026-08-05,2026-08-05T08:58:54.488904+00:00
DGS2,2024-01-23,4.31,2026-08-05,2026-08-05,2026-08-05T08:58:54.488904+00:00
DGS2,2024-01-24,4.34,2026-08-05,2026-08-05,2026-08-05T08:58:54.488904+00:00
DGS2,2024-01-25,4.28,2026-08-05,2026-08-05,2026-08-05T08:58:54.488904+00:00
DGS2,2024-01-26,4.34,2026-08-05,2026-08-05,2026-08-05T08:58:54.488904+00:00
DGS2,2024-01-29,4.29,2026-08-05,2026-08-05,2026-08-05T08:58:54.488904+00:00
DGS2,2024-01-30,4.36,2026-08-05,2026-08-05,2026-08-05T08:58:54.488904+00:00
DGS2,2024-01-31,4.27,2026-08-05,2026-08-05,2026-08-05T08:58:54.488904+00:00
DGS2,2024-02-01,4.20,2026-08-05,2026-08-05,2026-08-05T08:58:54.488904+00:00
DGS2,2024-02-02,4.36,2026-08-05,2026-08-05,2026-08-05T08:58:54.488904+00:00
DGS2,2024-02-05,4.46,2026-08-05,2026-08-05,2026-08-05T08:58:54.488904+00:00
DGS2,2024-02-06,4.39,2026-08-05,2026-08-05,2026-08-05T08:58:54.488904+00:00
DGS2,2024-02-07,4.41,2026-08-05,2026-08-05,2026-08-05T08:58:54.488904+00:00
DGS2,2024-02-08,4.46,2026-08-05,2026-08-05,2026-08-05T08:58:54.488904+00:00
DGS2,2024-02-09,4.48,2026-08-05,2026-08-05,2026-08-05T08:58:54.488904+00:00
DGS2,2024-02-12,4.46,2026-08-05,2026-08-05,2026-08-05T08:58:54.488904+00:00
DGS2,2024-02-13,4.64,2026-08-05,2026-08-05,2026-08-05T08:58:54.488904+00:00
DGS2,2024-02-14,4.56,2026-08-05,2026-08-05,2026-08-05T08:58:54.488904+00:00
DGS2,2024-02-15,4.56,2026-08-05,2026-08-05,2026-08-05T08:58:54.488904+00:00
DGS2,2024-02-16,4.64,2026-08-05,2026-08-05,2026-08-05T08:58:54.488904+00:00
DGS2,2024-02-19,.,2026-08-05,2026-08-05,2026-08-05T08:58:54.488904+00:00
DGS2,2024-02-20,4.59,2026-08-05,2026-08-05,2026-08-05T08:58:54.488904+00:00
DGS2,2024-02-21,4.64,2026-08-05,2026-08-05,2026-08-05T08:58:54.488904+00:00
DGS2,2024-02-22,4.69,2026-08-05,2026-08-05,2026-08-05T08:58:54.488904+00:00
DGS2,2024-02-23,4.67,2026-08-05,2026-08-05,2026-08-05T08:58:54.488904+00:00
DGS2,2024-02-26,4.69,2026-08-05,2026-08-05,2026-08-05T08:58:54.488904+00:00
DGS2,2024-02-27,4.7,2026-08-05,2026-08-05,2026-08-05T08:58:54.488904+00:00
DGS2,2024-02-28,4.64,2026-08-05,2026-08-05,2026-08-05T08:58:54.488904+00:00
DGS2,2024-02-29,4.64,2026-08-05,2026-08-05,2026-08-05T08:58:54.488904+00:00
DGS2,2024-03-01,4.54,2026-08-05,2026-08-05,2026-08-05T08:58:54.488904+00:00
DGS2,2024-03-04,4.61,2026-08-05,2026-08-05,2026-08-05T08:58:54.488904+00:00
DGS2,2024-03-05,4.54,2026-08-05,2026-08-05,2026-08-05T08:58:54.488904+00:00
DGS2,2024-03-06,4.55,2026-08-05,2026-08-05,2026-08-05T08:58:54.488904+00:00
DGS2,2024-03-07,4.5,2026-08-05,2026-08-05,2026-08-05T08:58:54.488904+00:00
DGS2,2024-03-08,4.48,2026-08-05,2026-08-05,2026-08-05T08:58:54.488904+00:00
DGS2,2024-03-11,4.51,2026-08-05,2026-08-05,2026-08-05T08:58:54.488904+00:00
DGS2,2024-03-12,4.58,2026-08-05,2026-08-05,2026-08-05T08:58:54.488904+00:00
DGS2,2024-03-13,4.61,2026-08-05,2026-08-05,2026-08-05T08:58:54.488904+00:00
DGS2,2024-03-14,4.68,2026-08-05,2026-08-05,2026-08-05T08:58:54.488904+00:00
DGS2,2024-03-15,4.72,2026-08-05,2026-08-05,2026-08-05T08:58:54.488904+00:00
DGS2,2024-03-18,4.73,2026-08-05,2026-08-05,2026-08-05T08:58:54.488904+00:00
DGS2,2024-03-19,4.68,2026-08-05,2026-08-05,2026-08-05T08:58:54.488904+00:00
DGS2,2024-03-20,4.59,2026-08-05,2026-08-05,2026-08-05T08:58:54.488904+00:00
DGS2,2024-03-21,4.62,2026-08-05,2026-08-05,2026-08-05T08:58:54.488904+00:00
DGS2,2024-03-22,4.59,2026-08-05,2026-08-05,2026-08-05T08:58:54.488904+00:00
DGS2,2024-03-25,4.54,2026-08-05,2026-08-05,2026-08-05T08:58:54.488904+00:00
DGS2,2024-03-26,4.56,2026-08-05,2026-08-05,2026-08-05T08:58:54.488904+00:00
DGS2,2024-03-27,4.54,2026-08-05,2026-08-05,2026-08-05T08:58:54.488904+00:00
DGS2,2024-03-28,4.59,2026-08-05,2026-08-05,2026-08-05T08:58:54.488904+00:00
DGS2,2024-03-29,.,2026-08-05,2026-08-05,2026-08-05T08:58:54.488904+00:00
DGS2,2024-04-01,4.72,2026-08-05,2026-08-05,2026-08-05T08:58:54.488904+00:00
DGS2,2024-04-02,4.7,2026-08-05,2026-08-05,2026-08-05T08:58:54.488904+00:00
DGS2,2024-04-03,4.68,2026-08-05,2026-08-05,2026-08-05T08:58:54.488904+00:00
DGS2,2024-04-04,4.65,2026-08-05,2026-08-05,2026-08-05T08:58:54.488904+00:00
DGS2,2024-04-05,4.73,2026-08-05,2026-08-05,2026-08-05T08:58:54.488904+00:00
DGS2,2024-04-08,4.78,2026-08-05,2026-08-05,2026-08-05T08:58:54.488904+00:00
DGS2,2024-04-09,4.74,2026-08-05,2026-08-05,2026-08-05T08:58:54.488904+00:00
DGS2,2024-04-10,4.97,2026-08-05,2026-08-05,2026-08-05T08:58:54.488904+00:00
DGS2,2024-04-11,4.93,2026-08-05,2026-08-05,2026-08-05T08:58:54.488904+00:00
DGS2,2024-04-12,4.88,2026-08-05,2026-08-05,2026-08-05T08:58:54.488904+00:00
DGS2,2024-04-15,4.93,2026-08-05,2026-08-05,2026-08-05T08:58:54.488904+00:00
DGS2,2024-04-16,4.97,2026-08-05,2026-08-05,2026-08-05T08:58:54.488904+00:00
DGS2,2024-04-17,4.93,2026-08-05,2026-08-05,2026-08-05T08:58:54.488904+00:00
DGS2,2024-04-18,4.98,2026-08-05,2026-08-05,2026-08-05T08:58:54.488904+00:00
DGS2,2024-04-19,4.97,2026-08-05,2026-08-05,2026-08-05T08:58:54.488904+00:00
DGS2,2024-04-22,4.97,2026-08-05,2026-08-05,2026-08-05T08:58:54.488904+00:00
DGS2,2024-04-23,4.86,2026-08-05,2026-08-05,2026-08-05T08:58:54.488904+00:00
DGS2,2024-04-24,4.89,2026-08-05,2026-08-05,2026-08-05T08:58:54.488904+00:00
DGS2,2024-04-25,4.96,2026-08-05,2026-08-05,2026-08-05T08:58:54.488904+00:00
DGS2,2024-04-26,4.96,2026-08-05,2026-08-05,2026-08-05T08:58:54.488904+00:00
DGS2,2024-04-29,4.97,2026-08-05,2026-08-05,2026-08-05T08:58:54.488904+00:00
DGS2,2024-04-30,5.04,2026-08-05,2026-08-05,2026-08-05T08:58:54.488904+00:00
DGS2,2024-05-01,4.96,2026-08-05,2026-08-05,2026-08-05T08:58:54.488904+00:00
DGS2,2024-05-02,4.87,2026-08-05,2026-08-05,2026-08-05T08:58:54.488904+00:00
DGS2,2024-05-03,4.81,2026-08-05,2026-08-05,2026-08-05T08:58:54.488904+00:00
DGS2,2024-05-06,4.82,2026-08-05,2026-08-05,2026-08-05T08:58:54.488904+00:00
DGS2,2024-05-07,4.82,2026-08-05,2026-08-05,2026-08-05T08:58:54.488904+00:00
DGS2,2024-05-08,4.84,2026-08-05,2026-08-05,2026-08-05T08:58:54.488904+00:00
DGS2,2024-05-09,4.8,2026-08-05,2026-08-05,2026-08-05T08:58:54.488904+00:00
DGS2,2024-05-10,4.87,2026-08-05,2026-08-05,2026-08-05T08:58:54.488904+00:00
DGS2,2024-05-13,4.85,2026-08-05,2026-08-05,2026-08-05T08:58:54.488904+00:00
DGS2,2024-05-14,4.81,2026-08-05,2026-08-05,2026-08-05T08:58:54.488904+00:00
DGS2,2024-05-15,4.73,2026-08-05,2026-08-05,2026-08-05T08:58:54.488904+00:00
DGS2,2024-05-16,4.78,2026-08-05,2026-08-05,2026-08-05T08:58:54.488904+00:00
DGS2,2024-05-17,4.83,2026-08-05,2026-08-05,2026-08-05T08:58:54.488904+00:00
DGS2,2024-05-20,4.82,2026-08-05,2026-08-05,2026-08-05T08:58:54.488904+00:00
DGS2,2024-05-21,4.82,2026-08-05,2026-08-05,2026-08-05T08:58:54.488904+00:00
DGS2,2024-05-22,4.86,2026-08-05,2026-08-05,2026-08-05T08:58:54.488904+00:00
DGS2,2024-05-23,4.91,2026-08-05,2026-08-05,2026-08-05T08:58:54.488904+00:00
DGS2,2024-05-24,4.93,2026-08-05,2026-08-05,2026-08-05T08:58:54.488904+00:00
DGS2,2024-05-27,.,2026-08-05,2026-08-05,2026-08-05T08:58:54.488904+00:00
DGS2,2024-05-28,4.94,2026-08-05,2026-08-05,2026-08-05T08:58:54.488904+00:00
DGS2,2024-05-29,4.96,2026-08-05,2026-08-05,2026-08-05T08:58:54.488904+00:00
DGS2,2024-05-30,4.92,2026-08-05,2026-08-05,2026-08-05T08:58:54.488904+00:00
DGS2,2024-05-31,4.89,2026-08-05,2026-08-05,2026-08-05T08:58:54.488904+00:00
DGS2,2024-06-03,4.82,2026-08-05,2026-08-05,2026-08-05T08:58:54.488904+00:00
DGS2,2024-06-04,4.77,2026-08-05,2026-08-05,2026-08-05T08:58:54.488904+00:00
DGS2,2024-06-05,4.72,2026-08-05,2026-08-05,2026-08-05T08:58:54.488904+00:00
DGS2,2024-06-06,4.72,2026-08-05,2026-08-05,2026-08-05T08:58:54.488904+00:00
DGS2,2024-06-07,4.87,2026-08-05,2026-08-05,2026-08-05T08:58:54.488904+00:00
DGS2,2024-06-10,4.87,2026-08-05,2026-08-05,2026-08-05T08:58:54.488904+00:00
DGS2,2024-06-11,4.81,2026-08-05,2026-08-05,2026-08-05T08:58:54.488904+00:00
DGS2,2024-06-12,4.75,2026-08-05,2026-08-05,2026-08-05T08:58:54.488904+00:00
DGS2,2024-06-13,4.68,2026-08-05,2026-08-05,2026-08-05T08:58:54.488904+00:00
DGS2,2024-06-14,4.67,2026-08-05,2026-08-05,2026-08-05T08:58:54.488904+00:00
DGS2,2024-06-17,4.75,2026-08-05,2026-08-05,2026-08-05T08:58:54.488904+00:00
DGS2,2024-06-18,4.69,2026-08-05,2026-08-05,2026-08-05T08:58:54.488904+00:00
DGS2,2024-06-19,.,2026-08-05,2026-08-05,2026-08-05T08:58:54.488904+00:00
DGS2,2024-06-20,4.7,2026-08-05,2026-08-05,2026-08-05T08:58:54.488904+00:00
DGS2,2024-06-21,4.7,2026-08-05,2026-08-05,2026-08-05T08:58:54.488904+00:00
DGS2,2024-06-24,4.71,2026-08-05,2026-08-05,2026-08-05T08:58:54.488904+00:00
DGS2,2024-06-25,4.65,2026-08-05,2026-08-05,2026-08-05T08:58:54.488904+00:00
DGS2,2024-06-26,4.71,2026-08-05,2026-08-05,2026-08-05T08:58:54.488904+00:00
DGS2,2024-06-27,4.7,2026-08-05,2026-08-05,2026-08-05T08:58:54.488904+00:00
DGS2,2024-06-28,4.71,2026-08-05,2026-08-05,2026-08-05T08:58:54.488904+00:00
DGS2,2024-07-01,4.77,2026-08-05,2026-08-05,2026-08-05T08:58:54.488904+00:00
DGS2,2024-07-02,4.74,2026-08-05,2026-08-05,2026-08-05T08:58:54.488904+00:00
DGS2,2024-07-03,4.71,2026-08-05,2026-08-05,2026-08-05T08:58:54.488904+00:00
DGS2,2024-07-04,.,2026-08-05,2026-08-05,2026-08-05T08:58:54.488904+00:00
DGS2,2024-07-05,4.6,2026-08-05,2026-08-05,2026-08-05T08:58:54.488904+00:00
DGS2,2024-07-08,4.62,2026-08-05,2026-08-05,2026-08-05T08:58:54.488904+00:00
DGS2,2024-07-09,4.62,2026-08-05,2026-08-05,2026-08-05T08:58:54.488904+00:00
DGS2,2024-07-10,4.62,2026-08-05,2026-08-05,2026-08-05T08:58:54.488904+00:00
DGS2,2024-07-11,4.5,2026-08-05,2026-08-05,2026-08-05T08:58:54.488904+00:00
DGS2,2024-07-12,4.45,2026-08-05,2026-08-05,2026-08-05T08:58:54.488904+00:00
DGS2,2024-07-15,4.44,2026-08-05,2026-08-05,2026-08-05T08:58:54.488904+00:00
DGS2,2024-07-16,4.43,2026-08-05,2026-08-05,2026-08-05T08:58:54.488904+00:00
DGS2,2024-07-17,4.42,2026-08-05,2026-08-05,2026-08-05T08:58:54.488904+00:00
DGS2,2024-07-18,4.46,2026-08-05,2026-08-05,2026-08-05T08:58:54.488904+00:00
DGS2,2024-07-19,4.49,2026-08-05,2026-08-05,2026-08-05T08:58:54.488904+00:00
DGS2,2024-07-22,4.5,2026-08-05,2026-08-05,2026-08-05T08:58:54.488904+00:00
DGS2,2024-07-23,4.4,2026-08-05,2026-08-05,2026-08-05T08:58:54.488904+00:00
DGS2,2024-07-24,4.37,2026-08-05,2026-08-05,2026-08-05T08:58:54.488904+00:00
DGS2,2024-07-25,4.41,2026-08-05,2026-08-05,2026-08-05T08:58:54.488904+00:00
DGS2,2024-07-26,4.36,2026-08-05,2026-08-05,2026-08-05T08:58:54.488904+00:00
DGS2,2024-07-29,4.36,2026-08-05,2026-08-05,2026-08-05T08:58:54.488904+00:00
DGS2,2024-07-30,4.35,2026-08-05,2026-08-05,2026-08-05T08:58:54.488904+00:00
DGS2,2024-07-31,4.29,2026-08-05,2026-08-05,2026-08-05T08:58:54.488904+00:00
DGS2,2024-08-01,4.16,2026-08-05,2026-08-05,2026-08-05T08:58:54.488904+00:00
DGS2,2024-08-02,3.88,2026-08-05,2026-08-05,2026-08-05T08:58:54.488904+00:00
DGS2,2024-08-05,3.89,2026-08-05,2026-08-05,2026-08-05T08:58:54.488904+00:00
DGS2,2024-08-06,3.99,2026-08-05,2026-08-05,2026-08-05T08:58:54.488904+00:00
DGS2,2024-08-07,4.0,2026-08-05,2026-08-05,2026-08-05T08:58:54.488904+00:00
DGS2,2024-08-08,4.04,2026-08-05,2026-08-05,2026-08-05T08:58:54.488904+00:00
DGS2,2024-08-09,4.05,2026-08-05,2026-08-05,2026-08-05T08:58:54.488904+00:00
DGS2,2024-08-12,4.01,2026-08-05,2026-08-05,2026-08-05T08:58:54.488904+00:00
DGS2,2024-08-13,3.93,2026-08-05,2026-08-05,2026-08-05T08:58:54.488904+00:00
DGS2,2024-08-14,3.94,2026-08-05,2026-08-05,2026-08-05T08:58:54.488904+00:00
DGS2,2024-08-15,4.08,2026-08-05,2026-08-05,2026-08-05T08:58:54.488904+00:00
DGS2,2024-08-16,4.06,2026-08-05,2026-08-05,2026-08-05T08:58:54.488904+00:00
DGS2,2024-08-19,4.06,2026-08-05,2026-08-05,2026-08-05T08:58:54.488904+00:00
DGS2,2024-08-20,3.99,2026-08-05,2026-08-05,2026-08-05T08:58:54.488904+00:00
DGS2,2024-08-21,3.92,2026-08-05,2026-08-05,2026-08-05T08:58:54.488904+00:00
DGS2,2024-08-22,3.99,2026-08-05,2026-08-05,2026-08-05T08:58:54.488904+00:00
DGS2,2024-08-23,3.9,2026-08-05,2026-08-05,2026-08-05T08:58:54.488904+00:00
DGS2,2024-08-26,3.91,2026-08-05,2026-08-05,2026-08-05T08:58:54.488904+00:00
DGS2,2024-08-27,3.83,2026-08-05,2026-08-05,2026-08-05T08:58:54.488904+00:00
DGS2,2024-08-28,3.83,2026-08-05,2026-08-05,2026-08-05T08:58:54.488904+00:00
DGS2,2024-08-29,3.87,2026-08-05,2026-08-05,2026-08-05T08:58:54.488904+00:00
DGS2,2024-08-30,3.91,2026-08-05,2026-08-05,2026-08-05T08:58:54.488904+00:00
DGS2,2024-09-02,.,2026-08-05,2026-08-05,2026-08-05T08:58:54.488904+00:00
DGS2,2024-09-03,3.88,2026-08-05,2026-08-05,2026-08-05T08:58:54.488904+00:00
DGS2,2024-09-04,3.76,2026-08-05,2026-08-05,2026-08-05T08:58:54.488904+00:00
DGS2,2024-09-05,3.75,2026-08-05,2026-08-05,2026-08-05T08:58:54.488904+00:00
DGS2,2024-09-06,3.66,2026-08-05,2026-08-05,2026-08-05T08:58:54.488904+00:00
DGS2,2024-09-09,3.68,2026-08-05,2026-08-05,2026-08-05T08:58:54.488904+00:00
DGS2,2024-09-10,3.59,2026-08-05,2026-08-05,2026-08-05T08:58:54.488904+00:00
DGS2,2024-09-11,3.62,2026-08-05,2026-08-05,2026-08-05T08:58:54.488904+00:00
DGS2,2024-09-12,3.64,2026-08-05,2026-08-05,2026-08-05T08:58:54.488904+00:00
DGS2,2024-09-13,3.57,2026-08-05,2026-08-05,2026-08-05T08:58:54.488904+00:00
DGS2,2024-09-16,3.56,2026-08-05,2026-08-05,2026-08-05T08:58:54.488904+00:00
DGS2,2024-09-17,3.59,2026-08-05,2026-08-05,2026-08-05T08:58:54.488904+00:00
DGS2,2024-09-18,3.61,2026-08-05,2026-08-05,2026-08-05T08:58:54.488904+00:00
DGS2,2024-09-19,3.59,2026-08-05,2026-08-05,2026-08-05T08:58:54.488904+00:00
DGS2,2024-09-20,3.55,2026-08-05,2026-08-05,2026-08-05T08:58:54.488904+00:00
DGS2,2024-09-23,3.57,2026-08-05,2026-08-05,2026-08-05T08:58:54.488904+00:00
DGS2,2024-09-24,3.49,2026-08-05,2026-08-05,2026-08-05T08:58:54.488904+00:00
DGS2,2024-09-25,3.53,2026-08-05,2026-08-05,2026-08-05T08:58:54.488904+00:00
DGS2,2024-09-26,3.6,2026-08-05,2026-08-05,2026-08-05T08:58:54.488904+00:00
DGS2,2024-09-27,3.55,2026-08-05,2026-08-05,2026-08-05T08:58:54.488904+00:00
DGS2,2024-09-30,3.66,2026-08-05,2026-08-05,2026-08-05T08:58:54.488904+00:00
DGS2,2024-10-01,3.61,2026-08-05,2026-08-05,2026-08-05T08:58:54.488904+00:00
DGS2,2024-10-02,3.63,2026-08-05,2026-08-05,2026-08-05T08:58:54.488904+00:00
DGS2,2024-10-03,3.7,2026-08-05,2026-08-05,2026-08-05T08:58:54.488904+00:00
DGS2,2024-10-04,3.93,2026-08-05,2026-08-05,2026-08-05T08:58:54.488904+00:00
DGS2,2024-10-07,3.99,2026-08-05,2026-08-05,2026-08-05T08:58:54.488904+00:00
DGS2,2024-10-08,3.98,2026-08-05,2026-08-05,2026-08-05T08:58:54.488904+00:00
DGS2,2024-10-09,3.99,2026-08-05,2026-08-05,2026-08-05T08:58:54.488904+00:00
DGS2,2024-10-10,3.98,2026-08-05,2026-08-05,2026-08-05T08:58:54.488904+00:00
DGS2,2024-10-11,3.95,2026-08-05,2026-08-05,2026-08-05T08:58:54.488904+00:00
DGS2,2024-10-14,.,2026-08-05,2026-08-05,2026-08-05T08:58:54.488904+00:00
DGS2,2024-10-15,3.95,2026-08-05,2026-08-05,2026-08-05T08:58:54.488904+00:00
DGS2,2024-10-16,3.93,2026-08-05,2026-08-05,2026-08-05T08:58:54.488904+00:00
DGS2,2024-10-17,3.96,2026-08-05,2026-08-05,2026-08-05T08:58:54.488904+00:00
DGS2,2024-10-18,3.95,2026-08-05,2026-08-05,2026-08-05T08:58:54.488904+00:00
DGS2,2024-10-21,4.02,2026-08-05,2026-08-05,2026-08-05T08:58:54.488904+00:00
DGS2,2024-10-22,4.03,2026-08-05,2026-08-05,2026-08-05T08:58:54.488904+00:00
DGS2,2024-10-23,4.07,2026-08-05,2026-08-05,2026-08-05T08:58:54.488904+00:00
DGS2,2024-10-24,4.07,2026-08-05,2026-08-05,2026-08-05T08:58:54.488904+00:00
DGS2,2024-10-25,4.11,2026-08-05,2026-08-05,2026-08-05T08:58:54.488904+00:00
DGS2,2024-10-28,4.12,2026-08-05,2026-08-05,2026-08-05T08:58:54.488904+00:00
DGS2,2024-10-29,4.11,2026-08-05,2026-08-05,2026-08-05T08:58:54.488904+00:00
DGS2,2024-10-30,4.15,2026-08-05,2026-08-05,2026-08-05T08:58:54.488904+00:00
DGS2,2024-10-31,4.16,2026-08-05,2026-08-05,2026-08-05T08:58:54.488904+00:00
DGS2,2024-11-01,4.21,2026-08-05,2026-08-05,2026-08-05T08:58:54.488904+00:00
DGS2,2024-11-04,4.17,2026-08-05,2026-08-05,2026-08-05T08:58:54.488904+00:00
DGS2,2024-11-05,4.19,2026-08-05,2026-08-05,2026-08-05T08:58:54.488904+00:00
DGS2,2024-11-06,4.27,2026-08-05,2026-08-05,2026-08-05T08:58:54.488904+00:00
DGS2,2024-11-07,4.21,2026-08-05,2026-08-05,2026-08-05T08:58:54.488904+00:00
DGS2,2024-11-08,4.26,2026-08-05,2026-08-05,2026-08-05T08:58:54.488904+00:00
DGS2,2024-11-11,.,2026-08-05,2026-08-05,2026-08-05T08:58:54.488904+00:00
DGS2,2024-11-12,4.34,2026-08-05,2026-08-05,2026-08-05T08:58:54.488904+00:00
DGS2,2024-11-13,4.27,2026-08-05,2026-08-05,2026-08-05T08:58:54.488904+00:00
DGS2,2024-11-14,4.34,2026-08-05,2026-08-05,2026-08-05T08:58:54.488904+00:00
DGS2,2024-11-15,4.31,2026-08-05,2026-08-05,2026-08-05T08:58:54.488904+00:00
DGS2,2024-11-18,4.29,2026-08-05,2026-08-05,2026-08-05T08:58:54.488904+00:00
DGS2,2024-11-19,4.27,2026-08-05,2026-08-05,2026-08-05T08:58:54.488904+00:00
DGS2,2024-11-20,4.31,2026-08-05,2026-08-05,2026-08-05T08:58:54.488904+00:00
DGS2,2024-11-21,4.34,2026-08-05,2026-08-05,2026-08-05T08:58:54.488904+00:00
DGS2,2024-11-22,4.37,2026-08-05,2026-08-05,2026-08-05T08:58:54.488904+00:00
DGS2,2024-11-25,4.21,2026-08-05,2026-08-05,2026-08-05T08:58:54.488904+00:00
DGS2,2024-11-26,4.21,2026-08-05,2026-08-05,2026-08-05T08:58:54.488904+00:00
DGS2,2024-11-27,4.19,2026-08-05,2026-08-05,2026-08-05T08:58:54.488904+00:00
DGS2,2024-11-28,.,2026-08-05,2026-08-05,2026-08-05T08:58:54.488904+00:00
DGS2,2024-11-29,4.13,2026-08-05,2026-08-05,2026-08-05T08:58:54.488904+00:00
DGS2,2024-12-02,4.17,2026-08-05,2026-08-05,2026-08-05T08:58:54.488904+00:00
DGS2,2024-12-03,4.17,2026-08-05,2026-08-05,2026-08-05T08:58:54.488904+00:00
DGS2,2024-12-04,4.13,2026-08-05,2026-08-05,2026-08-05T08:58:54.488904+00:00
DGS2,2024-12-05,4.15,2026-08-05,2026-08-05,2026-08-05T08:58:54.488904+00:00
DGS2,2024-12-06,4.1,2026-08-05,2026-08-05,2026-08-05T08:58:54.488904+00:00
DGS2,2024-12-09,4.13,2026-08-05,2026-08-05,2026-08-05T08:58:54.488904+00:00
DGS2,2024-12-10,4.15,2026-08-05,2026-08-05,2026-08-05T08:58:54.488904+00:00
DGS2,2024-12-11,4.15,2026-08-05,2026-08-05,2026-08-05T08:58:54.488904+00:00
DGS2,2024-12-12,4.18,2026-08-05,2026-08-05,2026-08-05T08:58:54.488904+00:00
DGS2,2024-12-13,4.25,2026-08-05,2026-08-05,2026-08-05T08:58:54.488904+00:00
DGS2,2024-12-16,4.25,2026-08-05,2026-08-05,2026-08-05T08:58:54.488904+00:00
DGS2,2024-12-17,4.25,2026-08-05,2026-08-05,2026-08-05T08:58:54.488904+00:00
DGS2,2024-12-18,4.35,2026-08-05,2026-08-05,2026-08-05T08:58:54.488904+00:00
DGS2,2024-12-19,4.32,2026-08-05,2026-08-05,2026-08-05T08:58:54.488904+00:00
DGS2,2024-12-20,4.3,2026-08-05,2026-08-05,2026-08-05T08:58:54.488904+00:00
DGS2,2024-12-23,4.3,2026-08-05,2026-08-05,2026-08-05T08:58:54.488904+00:00
DGS2,2024-12-24,4.29,2026-08-05,2026-08-05,2026-08-05T08:58:54.488904+00:00
DGS2,2024-12-25,.,2026-08-05,2026-08-05,2026-08-05T08:58:54.488904+00:00
DGS2,2024-12-26,4.3,2026-08-05,2026-08-05,2026-08-05T08:58:54.488904+00:00
DGS2,2024-12-27,4.31,2026-08-05,2026-08-05,2026-08-05T08:58:54.488904+00:00
DGS2,2024-12-30,4.24,2026-08-05,2026-08-05,2026-08-05T08:58:54.488904+00:00
DGS2,2024-12-31,4.25,2026-08-05,2026-08-05,2026-08-05T08:58:54.488904+00:00
DGS2,2025-01-01,.,2026-08-05,2026-08-05,2026-08-05T08:58:54.488904+00:00
DGS2,2025-01-02,4.25,2026-08-05,2026-08-05,2026-08-05T08:58:54.488904+00:00
DGS2,2025-01-03,4.28,2026-08-05,2026-08-05,2026-08-05T08:58:54.488904+00:00
DGS2,2025-01-06,4.28,2026-08-05,2026-08-05,2026-08-05T08:58:54.488904+00:00
DGS2,2025-01-07,4.3,2026-08-05,2026-08-05,2026-08-05T08:58:54.488904+00:00
DGS2,2025-01-08,4.28,2026-08-05,2026-08-05,2026-08-05T08:58:54.488904+00:00
DGS2,2025-01-09,4.27,2026-08-05,2026-08-05,2026-08-05T08:58:54.488904+00:00
DGS2,2025-01-10,4.4,2026-08-05,2026-08-05,2026-08-05T08:58:54.488904+00:00
DGS2,2025-01-13,4.4,2026-08-05,2026-08-05,2026-08-05T08:58:54.488904+00:00
DGS2,2025-01-14,4.37,2026-08-05,2026-08-05,2026-08-05T08:58:54.488904+00:00
DGS2,2025-01-15,4.27,2026-08-05,2026-08-05,2026-08-05T08:58:54.488904+00:00
DGS2,2025-01-16,4.23,2026-08-05,2026-08-05,2026-08-05T08:58:54.488904+00:00
DGS2,2025-01-17,4.27,2026-08-05,2026-08-05,2026-08-05T08:58:54.488904+00:00
DGS2,2025-01-20,.,2026-08-05,2026-08-05,2026-08-05T08:58:54.488904+00:00
DGS2,2025-01-21,4.29,2026-08-05,2026-08-05,2026-08-05T08:58:54.488904+00:00
DGS2,2025-01-22,4.29,2026-08-05,2026-08-05,2026-08-05T08:58:54.488904+00:00
DGS2,2025-01-23,4.29,2026-08-05,2026-08-05,2026-08-05T08:58:54.488904+00:00
DGS2,2025-01-24,4.27,2026-08-05,2026-08-05,2026-08-05T08:58:54.488904+00:00
DGS2,2025-01-27,4.17,2026-08-05,2026-08-05,2026-08-05T08:58:54.488904+00:00
DGS2,2025-01-28,4.19,2026-08-05,2026-08-05,2026-08-05T08:58:54.488904+00:00
DGS2,2025-01-29,4.21,2026-08-05,2026-08-05,2026-08-05T08:58:54.488904+00:00
DGS2,2025-01-30,4.18,2026-08-05,2026-08-05,2026-08-05T08:58:54.488904+00:00
DGS2,2025-01-31,4.22,2026-08-05,2026-08-05,2026-08-05T08:58:54.488904+00:00
DGS2,2025-02-03,4.26,2026-08-05,2026-08-05,2026-08-05T08:58:54.488904+00:00
DGS2,2025-02-04,4.21,2026-08-05,2026-08-05,2026-08-05T08:58:54.488904+00:00
DGS2,2025-02-05,4.17,2026-08-05,2026-08-05,2026-08-05T08:58:54.488904+00:00
DGS2,2025-02-06,4.21,2026-08-05,2026-08-05,2026-08-05T08:58:54.488904+00:00
DGS2,2025-02-07,4.29,2026-08-05,2026-08-05,2026-08-05T08:58:54.488904+00:00
DGS2,2025-02-10,4.28,2026-08-05,2026-08-05,2026-08-05T08:58:54.488904+00:00
DGS2,2025-02-11,4.29,2026-08-05,2026-08-05,2026-08-05T08:58:54.488904+00:00
DGS2,2025-02-12,4.36,2026-08-05,2026-08-05,2026-08-05T08:58:54.488904+00:00
DGS2,2025-02-13,4.31,2026-08-05,2026-08-05,2026-08-05T08:58:54.488904+00:00
DGS2,2025-02-14,4.26,2026-08-05,2026-08-05,2026-08-05T08:58:54.488904+00:00
DGS2,2025-02-17,.,2026-08-05,2026-08-05,2026-08-05T08:58:54.488904+00:00
DGS2,2025-02-18,4.29,2026-08-05,2026-08-05,2026-08-05T08:58:54.488904+00:00
DGS2,2025-02-19,4.28,2026-08-05,2026-08-05,2026-08-05T08:58:54.488904+00:00
DGS2,2025-02-20,4.28,2026-08-05,2026-08-05,2026-08-05T08:58:54.488904+00:00
DGS2,2025-02-21,4.19,2026-08-05,2026-08-05,2026-08-05T08:58:54.488904+00:00
DGS2,2025-02-24,4.13,2026-08-05,2026-08-05,2026-08-05T08:58:54.488904+00:00
DGS2,2025-02-25,4.07,2026-08-05,2026-08-05,2026-08-05T08:58:54.488904+00:00
DGS2,2025-02-26,4.05,2026-08-05,2026-08-05,2026-08-05T08:58:54.488904+00:00
DGS2,2025-02-27,4.07,2026-08-05,2026-08-05,2026-08-05T08:58:54.488904+00:00
DGS2,2025-02-28,3.99,2026-08-05,2026-08-05,2026-08-05T08:58:54.488904+00:00
DGS2,2025-03-03,3.96,2026-08-05,2026-08-05,2026-08-05T08:58:54.488904+00:00
DGS2,2025-03-04,3.96,2026-08-05,2026-08-05,2026-08-05T08:58:54.488904+00:00
DGS2,2025-03-05,3.99,2026-08-05,2026-08-05,2026-08-05T08:58:54.488904+00:00
DGS2,2025-03-06,3.96,2026-08-05,2026-08-05,2026-08-05T08:58:54.488904+00:00
DGS2,2025-03-07,3.99,2026-08-05,2026-08-05,2026-08-05T08:58:54.488904+00:00
DGS2,2025-03-10,3.89,2026-08-05,2026-08-05,2026-08-05T08:58:54.488904+00:00
DGS2,2025-03-11,3.94,2026-08-05,2026-08-05,2026-08-05T08:58:54.488904+00:00
DGS2,2025-03-12,4.01,2026-08-05,2026-08-05,2026-08-05T08:58:54.488904+00:00
DGS2,2025-03-13,3.94,2026-08-05,2026-08-05,2026-08-05T08:58:54.488904+00:00
DGS2,2025-03-14,4.02,2026-08-05,2026-08-05,2026-08-05T08:58:54.488904+00:00
DGS2,2025-03-17,4.06,2026-08-05,2026-08-05,2026-08-05T08:58:54.488904+00:00
DGS2,2025-03-18,4.04,2026-08-05,2026-08-05,2026-08-05T08:58:54.488904+00:00
DGS2,2025-03-19,3.99,2026-08-05,2026-08-05,2026-08-05T08:58:54.488904+00:00
DGS2,2025-03-20,3.95,2026-08-05,2026-08-05,2026-08-05T08:58:54.488904+00:00
DGS2,2025-03-21,3.94,2026-08-05,2026-08-05,2026-08-05T08:58:54.488904+00:00
DGS2,2025-03-24,4.04,2026-08-05,2026-08-05,2026-08-05T08:58:54.488904+00:00
DGS2,2025-03-25,3.96,2026-08-05,2026-08-05,2026-08-05T08:58:54.488904+00:00
DGS2,2025-03-26,3.98,2026-08-05,2026-08-05,2026-08-05T08:58:54.488904+00:00
DGS2,2025-03-27,3.97,2026-08-05,2026-08-05,2026-08-05T08:58:54.488904+00:00
DGS2,2025-03-28,3.89,2026-08-05,2026-08-05,2026-08-05T08:58:54.488904+00:00
DGS2,2025-03-31,3.89,2026-08-05,2026-08-05,2026-08-05T08:58:54.488904+00:00
DGS2,2025-04-01,3.87,2026-08-05,2026-08-05,2026-08-05T08:58:54.488904+00:00
DGS2,2025-04-02,3.91,2026-08-05,2026-08-05,2026-08-05T08:58:54.488904+00:00
DGS2,2025-04-03,3.71,2026-08-05,2026-08-05,2026-08-05T08:58:54.488904+00:00
DGS2,2025-04-04,3.68,2026-08-05,2026-08-05,2026-08-05T08:58:54.488904+00:00
DGS2,2025-04-07,3.73,2026-08-05,2026-08-05,2026-08-05T08:58:54.488904+00:00
DGS2,2025-04-08,3.71,2026-08-05,2026-08-05,2026-08-05T08:58:54.488904+00:00
DGS2,2025-04-09,3.91,2026-08-05,2026-08-05,2026-08-05T08:58:54.488904+00:00
DGS2,2025-04-10,3.84,2026-08-05,2026-08-05,2026-08-05T08:58:54.488904+00:00
DGS2,2025-04-11,3.96,2026-08-05,2026-08-05,2026-08-05T08:58:54.488904+00:00
DGS2,2025-04-14,3.84,2026-08-05,2026-08-05,2026-08-05T08:58:54.488904+00:00
DGS2,2025-04-15,3.84,2026-08-05,2026-08-05,2026-08-05T08:58:54.488904+00:00
DGS2,2025-04-16,3.77,2026-08-05,2026-08-05,2026-08-05T08:58:54.488904+00:00
DGS2,2025-04-17,3.81,2026-08-05,2026-08-05,2026-08-05T08:58:54.488904+00:00
DGS2,2025-04-18,.,2026-08-05,2026-08-05,2026-08-05T08:58:54.488904+00:00
DGS2,2025-04-21,3.75,2026-08-05,2026-08-05,2026-08-05T08:58:54.488904+00:00
DGS2,2025-04-22,3.76,2026-08-05,2026-08-05,2026-08-05T08:58:54.488904+00:00
DGS2,2025-04-23,3.81,2026-08-05,2026-08-05,2026-08-05T08:58:54.488904+00:00
DGS2,2025-04-24,3.77,2026-08-05,2026-08-05,2026-08-05T08:58:54.488904+00:00
DGS2,2025-04-25,3.74,2026-08-05,2026-08-05,2026-08-05T08:58:54.488904+00:00
DGS2,2025-04-28,3.67,2026-08-05,2026-08-05,2026-08-05T08:58:54.488904+00:00
DGS2,2025-04-29,3.65,2026-08-05,2026-08-05,2026-08-05T08:58:54.488904+00:00
DGS2,2025-04-30,3.6,2026-08-05,2026-08-05,2026-08-05T08:58:54.488904+00:00
DGS2,2025-05-01,3.7,2026-08-05,2026-08-05,2026-08-05T08:58:54.488904+00:00
DGS2,2025-05-02,3.83,2026-08-05,2026-08-05,2026-08-05T08:58:54.488904+00:00
DGS2,2025-05-05,3.83,2026-08-05,2026-08-05,2026-08-05T08:58:54.488904+00:00
DGS2,2025-05-06,3.78,2026-08-05,2026-08-05,2026-08-05T08:58:54.488904+00:00
DGS2,2025-05-07,3.78,2026-08-05,2026-08-05,2026-08-05T08:58:54.488904+00:00
DGS2,2025-05-08,3.9,2026-08-05,2026-08-05,2026-08-05T08:58:54.488904+00:00
DGS2,2025-05-09,3.88,2026-08-05,2026-08-05,2026-08-05T08:58:54.488904+00:00
DGS2,2025-05-12,3.98,2026-08-05,2026-08-05,2026-08-05T08:58:54.488904+00:00
DGS2,2025-05-13,4.02,2026-08-05,2026-08-05,2026-08-05T08:58:54.488904+00:00
DGS2,2025-05-14,4.05,2026-08-05,2026-08-05,2026-08-05T08:58:54.488904+00:00
DGS2,2025-05-15,3.96,2026-08-05,2026-08-05,2026-08-05T08:58:54.488904+00:00
DGS2,2025-05-16,3.98,2026-08-05,2026-08-05,2026-08-05T08:58:54.488904+00:00
DGS2,2025-05-19,3.97,2026-08-05,2026-08-05,2026-08-05T08:58:54.488904+00:00
DGS2,2025-05-20,3.97,2026-08-05,2026-08-05,2026-08-05T08:58:54.488904+00:00
DGS2,2025-05-21,4.0,2026-08-05,2026-08-05,2026-08-05T08:58:54.488904+00:00
DGS2,2025-05-22,4.0,2026-08-05,2026-08-05,2026-08-05T08:58:54.488904+00:00
DGS2,2025-05-23,4.0,2026-08-05,2026-08-05,2026-08-05T08:58:54.488904+00:00
DGS2,2025-05-26,.,2026-08-05,2026-08-05,2026-08-05T08:58:54.488904+00:00
DGS2,2025-05-27,3.92,2026-08-05,2026-08-05,2026-08-05T08:58:54.488904+00:00
DGS2,2025-05-28,3.96,2026-08-05,2026-08-05,2026-08-05T08:58:54.488904+00:00
DGS2,2025-05-29,3.92,2026-08-05,2026-08-05,2026-08-05T08:58:54.488904+00:00
DGS2,2025-05-30,3.89,2026-08-05,2026-08-05,2026-08-05T08:58:54.488904+00:00
DGS2,2025-06-02,3.94,2026-08-05,2026-08-05,2026-08-05T08:58:54.488904+00:00
DGS2,2025-06-03,3.96,2026-08-05,2026-08-05,2026-08-05T08:58:54.488904+00:00
DGS2,2025-06-04,3.87,2026-08-05,2026-08-05,2026-08-05T08:58:54.488904+00:00
DGS2,2025-06-05,3.92,2026-08-05,2026-08-05,2026-08-05T08:58:54.488904+00:00
DGS2,2025-06-06,4.04,2026-08-05,2026-08-05,2026-08-05T08:58:54.488904+00:00
DGS2,2025-06-09,4.01,2026-08-05,2026-08-05,2026-08-05T08:58:54.488904+00:00
DGS2,2025-06-10,4.01,2026-08-05,2026-08-05,2026-08-05T08:58:54.488904+00:00
DGS2,2025-06-11,3.94,2026-08-05,2026-08-05,2026-08-05T08:58:54.488904+00:00
DGS2,2025-06-12,3.9,2026-08-05,2026-08-05,2026-08-05T08:58:54.488904+00:00
DGS2,2025-06-13,3.96,2026-08-05,2026-08-05,2026-08-05T08:58:54.488904+00:00
DGS2,2025-06-16,3.97,2026-08-05,2026-08-05,2026-08-05T08:58:54.488904+00:00
DGS2,2025-06-17,3.94,2026-08-05,2026-08-05,2026-08-05T08:58:54.488904+00:00
DGS2,2025-06-18,3.94,2026-08-05,2026-08-05,2026-08-05T08:58:54.488904+00:00
DGS2,2025-06-19,.,2026-08-05,2026-08-05,2026-08-05T08:58:54.488904+00:00
DGS2,2025-06-20,3.9,2026-08-05,2026-08-05,2026-08-05T08:58:54.488904+00:00
DGS2,2025-06-23,3.84,2026-08-05,2026-08-05,2026-08-05T08:58:54.488904+00:00
DGS2,2025-06-24,3.75,2026-08-05,2026-08-05,2026-08-05T08:58:54.488904+00:00
DGS2,2025-06-25,3.74,2026-08-05,2026-08-05,2026-08-05T08:58:54.488904+00:00
DGS2,2025-06-26,3.7,2026-08-05,2026-08-05,2026-08-05T08:58:54.488904+00:00
DGS2,2025-06-27,3.73,2026-08-05,2026-08-05,2026-08-05T08:58:54.488904+00:00
DGS2,2025-06-30,3.72,2026-08-05,2026-08-05,2026-08-05T08:58:54.488904+00:00
DGS2,2025-07-01,3.78,2026-08-05,2026-08-05,2026-08-05T08:58:54.488904+00:00
DGS2,2025-07-02,3.78,2026-08-05,2026-08-05,2026-08-05T08:58:54.488904+00:00
DGS2,2025-07-03,3.88,2026-08-05,2026-08-05,2026-08-05T08:58:54.488904+00:00
DGS2,2025-07-04,.,2026-08-05,2026-08-05,2026-08-05T08:58:54.488904+00:00
DGS2,2025-07-07,3.9,2026-08-05,2026-08-05,2026-08-05T08:58:54.488904+00:00
DGS2,2025-07-08,3.9,2026-08-05,2026-08-05,2026-08-05T08:58:54.488904+00:00
DGS2,2025-07-09,3.86,2026-08-05,2026-08-05,2026-08-05T08:58:54.488904+00:00
DGS2,2025-07-10,3.86,2026-08-05,2026-08-05,2026-08-05T08:58:54.488904+00:00
DGS2,2025-07-11,3.9,2026-08-05,2026-08-05,2026-08-05T08:58:54.488904+00:00
DGS2,2025-07-14,3.9,2026-08-05,2026-08-05,2026-08-05T08:58:54.488904+00:00
DGS2,2025-07-15,3.95,2026-08-05,2026-08-05,2026-08-05T08:58:54.488904+00:00
DGS2,2025-07-16,3.88,2026-08-05,2026-08-05,2026-08-05T08:58:54.488904+00:00
DGS2,2025-07-17,3.91,2026-08-05,2026-08-05,2026-08-05T08:58:54.488904+00:00
DGS2,2025-07-18,3.88,2026-08-05,2026-08-05,2026-08-05T08:58:54.488904+00:00
DGS2,2025-07-21,3.85,2026-08-05,2026-08-05,2026-08-05T08:58:54.488904+00:00
DGS2,2025-07-22,3.83,2026-08-05,2026-08-05,2026-08-05T08:58:54.488904+00:00
DGS2,2025-07-23,3.88,2026-08-05,2026-08-05,2026-08-05T08:58:54.488904+00:00
DGS2,2025-07-24,3.91,2026-08-05,2026-08-05,2026-08-05T08:58:54.488904+00:00
DGS2,2025-07-25,3.91,2026-08-05,2026-08-05,2026-08-05T08:58:54.488904+00:00
DGS2,2025-07-28,3.91,2026-08-05,2026-08-05,2026-08-05T08:58:54.488904+00:00
DGS2,2025-07-29,3.86,2026-08-05,2026-08-05,2026-08-05T08:58:54.488904+00:00
DGS2,2025-07-30,3.94,2026-08-05,2026-08-05,2026-08-05T08:58:54.488904+00:00
DGS2,2025-07-31,3.94,2026-08-05,2026-08-05,2026-08-05T08:58:54.488904+00:00
DGS2,2025-08-01,3.69,2026-08-05,2026-08-05,2026-08-05T08:58:54.488904+00:00
DGS2,2025-08-04,3.69,2026-08-05,2026-08-05,2026-08-05T08:58:54.488904+00:00
DGS2,2025-08-05,3.72,2026-08-05,2026-08-05,2026-08-05T08:58:54.488904+00:00
DGS2,2025-08-06,3.69,2026-08-05,2026-08-05,2026-08-05T08:58:54.488904+00:00
DGS2,2025-08-07,3.72,2026-08-05,2026-08-05,2026-08-05T08:58:54.488904+00:00
DGS2,2025-08-08,3.76,2026-08-05,2026-08-05,2026-08-05T08:58:54.488904+00:00
DGS2,2025-08-11,3.76,2026-08-05,2026-08-05,2026-08-05T08:58:54.488904+00:00
DGS2,2025-08-12,3.72,2026-08-05,2026-08-05,2026-08-05T08:58:54.488904+00:00
DGS2,2025-08-13,3.67,2026-08-05,2026-08-05,2026-08-05T08:58:54.488904+00:00
DGS2,2025-08-14,3.74,2026-08-05,2026-08-05,2026-08-05T08:58:54.488904+00:00
DGS2,2025-08-15,3.75,2026-08-05,2026-08-05,2026-08-05T08:58:54.488904+00:00
DGS2,2025-08-18,3.77,2026-08-05,2026-08-05,2026-08-05T08:58:54.488904+00:00
DGS2,2025-08-19,3.75,2026-08-05,2026-08-05,2026-08-05T08:58:54.488904+00:00
DGS2,2025-08-20,3.74,2026-08-05,2026-08-05,2026-08-05T08:58:54.488904+00:00
DGS2,2025-08-21,3.79,2026-08-05,2026-08-05,2026-08-05T08:58:54.488904+00:00
DGS2,2025-08-22,3.68,2026-08-05,2026-08-05,2026-08-05T08:58:54.488904+00:00
DGS2,2025-08-25,3.73,2026-08-05,2026-08-05,2026-08-05T08:58:54.488904+00:00
DGS2,2025-08-26,3.61,2026-08-05,2026-08-05,2026-08-05T08:58:54.488904+00:00
DGS2,2025-08-27,3.59,2026-08-05,2026-08-05,2026-08-05T08:58:54.488904+00:00
DGS2,2025-08-28,3.62,2026-08-05,2026-08-05,2026-08-05T08:58:54.488904+00:00
DGS2,2025-08-29,3.59,2026-08-05,2026-08-05,2026-08-05T08:58:54.488904+00:00
DGS2,2025-09-01,.,2026-08-05,2026-08-05,2026-08-05T08:58:54.488904+00:00
DGS2,2025-09-02,3.66,2026-08-05,2026-08-05,2026-08-05T08:58:54.488904+00:00
DGS2,2025-09-03,3.61,2026-08-05,2026-08-05,2026-08-05T08:58:54.488904+00:00
DGS2,2025-09-04,3.59,2026-08-05,2026-08-05,2026-08-05T08:58:54.488904+00:00
DGS2,2025-09-05,3.51,2026-08-05,2026-08-05,2026-08-05T08:58:54.488904+00:00
DGS2,2025-09-08,3.49,2026-08-05,2026-08-05,2026-08-05T08:58:54.488904+00:00
DGS2,2025-09-09,3.54,2026-08-05,2026-08-05,2026-08-05T08:58:54.488904+00:00
DGS2,2025-09-10,3.54,2026-08-05,2026-08-05,2026-08-05T08:58:54.488904+00:00
DGS2,2025-09-11,3.52,2026-08-05,2026-08-05,2026-08-05T08:58:54.488904+00:00
DGS2,2025-09-12,3.56,2026-08-05,2026-08-05,2026-08-05T08:58:54.488904+00:00
DGS2,2025-09-15,3.54,2026-08-05,2026-08-05,2026-08-05T08:58:54.488904+00:00
DGS2,2025-09-16,3.51,2026-08-05,2026-08-05,2026-08-05T08:58:54.488904+00:00
DGS2,2025-09-17,3.52,2026-08-05,2026-08-05,2026-08-05T08:58:54.488904+00:00
DGS2,2025-09-18,3.57,2026-08-05,2026-08-05,2026-08-05T08:58:54.488904+00:00
DGS2,2025-09-19,3.57,2026-08-05,2026-08-05,2026-08-05T08:58:54.488904+00:00
DGS2,2025-09-22,3.61,2026-08-05,2026-08-05,2026-08-05T08:58:54.488904+00:00
DGS2,2025-09-23,3.53,2026-08-05,2026-08-05,2026-08-05T08:58:54.488904+00:00
DGS2,2025-09-24,3.57,2026-08-05,2026-08-05,2026-08-05T08:58:54.488904+00:00
DGS2,2025-09-25,3.64,2026-08-05,2026-08-05,2026-08-05T08:58:54.488904+00:00
DGS2,2025-09-26,3.63,2026-08-05,2026-08-05,2026-08-05T08:58:54.488904+00:00
DGS2,2025-09-29,3.63,2026-08-05,2026-08-05,2026-08-05T08:58:54.488904+00:00
DGS2,2025-09-30,3.6,2026-08-05,2026-08-05,2026-08-05T08:58:54.488904+00:00
DGS2,2025-10-01,3.55,2026-08-05,2026-08-05,2026-08-05T08:58:54.488904+00:00
DGS2,2025-10-02,3.55,2026-08-05,2026-08-05,2026-08-05T08:58:54.488904+00:00
DGS2,2025-10-03,3.58,2026-08-05,2026-08-05,2026-08-05T08:58:54.488904+00:00
DGS2,2025-10-06,3.6,2026-08-05,2026-08-05,2026-08-05T08:58:54.488904+00:00
DGS2,2025-10-07,3.57,2026-08-05,2026-08-05,2026-08-05T08:58:54.488904+00:00
DGS2,2025-10-08,3.58,2026-08-05,2026-08-05,2026-08-05T08:58:54.488904+00:00
DGS2,2025-10-09,3.6,2026-08-05,2026-08-05,2026-08-05T08:58:54.488904+00:00
DGS2,2025-10-10,3.52,2026-08-05,2026-08-05,2026-08-05T08:58:54.488904+00:00
DGS2,2025-10-13,.,2026-08-05,2026-08-05,2026-08-05T08:58:54.488904+00:00
DGS2,2025-10-14,3.48,2026-08-05,2026-08-05,2026-08-05T08:58:54.488904+00:00
DGS2,2025-10-15,3.5,2026-08-05,2026-08-05,2026-08-05T08:58:54.488904+00:00
DGS2,2025-10-16,3.41,2026-08-05,2026-08-05,2026-08-05T08:58:54.488904+00:00
DGS2,2025-10-17,3.46,2026-08-05,2026-08-05,2026-08-05T08:58:54.488904+00:00
DGS2,2025-10-20,3.46,2026-08-05,2026-08-05,2026-08-05T08:58:54.488904+00:00
DGS2,2025-10-21,3.45,2026-08-05,2026-08-05,2026-08-05T08:58:54.488904+00:00
DGS2,2025-10-22,3.45,2026-08-05,2026-08-05,2026-08-05T08:58:54.488904+00:00
DGS2,2025-10-23,3.48,2026-08-05,2026-08-05,2026-08-05T08:58:54.488904+00:00
DGS2,2025-10-24,3.48,2026-08-05,2026-08-05,2026-08-05T08:58:54.488904+00:00
DGS2,2025-10-27,3.48,2026-08-05,2026-08-05,2026-08-05T08:58:54.488904+00:00
DGS2,2025-10-28,3.47,2026-08-05,2026-08-05,2026-08-05T08:58:54.488904+00:00
DGS2,2025-10-29,3.59,2026-08-05,2026-08-05,2026-08-05T08:58:54.488904+00:00
DGS2,2025-10-30,3.61,2026-08-05,2026-08-05,2026-08-05T08:58:54.488904+00:00
DGS2,2025-10-31,3.6,2026-08-05,2026-08-05,2026-08-05T08:58:54.488904+00:00
DGS2,2025-11-03,3.6,2026-08-05,2026-08-05,2026-08-05T08:58:54.488904+00:00
DGS2,2025-11-04,3.58,2026-08-05,2026-08-05,2026-08-05T08:58:54.488904+00:00
DGS2,2025-11-05,3.63,2026-08-05,2026-08-05,2026-08-05T08:58:54.488904+00:00
DGS2,2025-11-06,3.57,2026-08-05,2026-08-05,2026-08-05T08:58:54.488904+00:00
DGS2,2025-11-07,3.55,2026-08-05,2026-08-05,2026-08-05T08:58:54.488904+00:00
DGS2,2025-11-10,3.58,2026-08-05,2026-08-05,2026-08-05T08:58:54.488904+00:00
DGS2,2025-11-11,.,2026-08-05,2026-08-05,2026-08-05T08:58:54.488904+00:00
DGS2,2025-11-12,3.56,2026-08-05,2026-08-05,2026-08-05T08:58:54.488904+00:00
DGS2,2025-11-13,3.58,2026-08-05,2026-08-05,2026-08-05T08:58:54.488904+00:00
DGS2,2025-11-14,3.62,2026-08-05,2026-08-05,2026-08-05T08:58:54.488904+00:00
DGS2,2025-11-17,3.6,2026-08-05,2026-08-05,2026-08-05T08:58:54.488904+00:00
DGS2,2025-11-18,3.58,2026-08-05,2026-08-05,2026-08-05T08:58:54.488904+00:00
DGS2,2025-11-19,3.58,2026-08-05,2026-08-05,2026-08-05T08:58:54.488904+00:00
DGS2,2025-11-20,3.55,2026-08-05,2026-08-05,2026-08-05T08:58:54.488904+00:00
DGS2,2025-11-21,3.51,2026-08-05,2026-08-05,2026-08-05T08:58:54.488904+00:00
DGS2,2025-11-24,3.46,2026-08-05,2026-08-05,2026-08-05T08:58:54.488904+00:00
DGS2,2025-11-25,3.43,2026-08-05,2026-08-05,2026-08-05T08:58:54.488904+00:00
DGS2,2025-11-26,3.45,2026-08-05,2026-08-05,2026-08-05T08:58:54.488904+00:00
DGS2,2025-11-27,.,2026-08-05,2026-08-05,2026-08-05T08:58:54.488904+00:00
DGS2,2025-11-28,3.47,2026-08-05,2026-08-05,2026-08-05T08:58:54.488904+00:00
DGS2,2025-12-01,3.54,2026-08-05,2026-08-05,2026-08-05T08:58:54.488904+00:00
DGS2,2025-12-02,3.51,2026-08-05,2026-08-05,2026-08-05T08:58:54.488904+00:00
DGS2,2025-12-03,3.49,2026-08-05,2026-08-05,2026-08-05T08:58:54.488904+00:00
DGS2,2025-12-04,3.52,2026-08-05,2026-08-05,2026-08-05T08:58:54.488904+00:00
DGS2,2025-12-05,3.56,2026-08-05,2026-08-05,2026-08-05T08:58:54.488904+00:00
DGS2,2025-12-08,3.57,2026-08-05,2026-08-05,2026-08-05T08:58:54.488904+00:00
DGS2,2025-12-09,3.61,2026-08-05,2026-08-05,2026-08-05T08:58:54.488904+00:00
DGS2,2025-12-10,3.54,2026-08-05,2026-08-05,2026-08-05T08:58:54.488904+00:00
DGS2,2025-12-11,3.52,2026-08-05,2026-08-05,2026-08-05T08:58:54.488904+00:00
DGS2,2025-12-12,3.52,2026-08-05,2026-08-05,2026-08-05T08:58:54.488904+00:00
DGS2,2025-12-15,3.51,2026-08-05,2026-08-05,2026-08-05T08:58:54.488904+00:00
DGS2,2025-12-16,3.48,2026-08-05,2026-08-05,2026-08-05T08:58:54.488904+00:00
DGS2,2025-12-17,3.49,2026-08-05,2026-08-05,2026-08-05T08:58:54.488904+00:00
DGS2,2025-12-18,3.46,2026-08-05,2026-08-05,2026-08-05T08:58:54.488904+00:00
DGS2,2025-12-19,3.48,2026-08-05,2026-08-05,2026-08-05T08:58:54.488904+00:00
DGS2,2025-12-22,3.44,2026-08-05,2026-08-05,2026-08-05T08:58:54.488904+00:00
DGS2,2025-12-23,3.48,2026-08-05,2026-08-05,2026-08-05T08:58:54.488904+00:00
DGS2,2025-12-24,3.47,2026-08-05,2026-08-05,2026-08-05T08:58:54.488904+00:00
DGS2,2025-12-25,.,2026-08-05,2026-08-05,2026-08-05T08:58:54.488904+00:00
DGS2,2025-12-26,3.46,2026-08-05,2026-08-05,2026-08-05T08:58:54.488904+00:00
DGS2,2025-12-29,3.45,2026-08-05,2026-08-05,2026-08-05T08:58:54.488904+00:00
DGS2,2025-12-30,3.45,2026-08-05,2026-08-05,2026-08-05T08:58:54.488904+00:00
DGS2,2025-12-31,3.47,2026-08-05,2026-08-05,2026-08-05T08:58:54.488904+00:00
DGS2,2026-01-01,.,2026-08-05,2026-08-05,2026-08-05T08:58:54.488904+00:00
DGS2,2026-01-02,3.47,2026-08-05,2026-08-05,2026-08-05T08:58:54.488904+00:00
DGS2,2026-01-05,3.46,2026-08-05,2026-08-05,2026-08-05T08:58:54.488904+00:00
DGS2,2026-01-06,3.47,2026-08-05,2026-08-05,2026-08-05T08:58:54.488904+00:00
DGS2,2026-01-07,3.47,2026-08-05,2026-08-05,2026-08-05T08:58:54.488904+00:00
DGS2,2026-01-08,3.49,2026-08-05,2026-08-05,2026-08-05T08:58:54.488904+00:00
DGS2,2026-01-09,3.54,2026-08-05,2026-08-05,2026-08-05T08:58:54.488904+00:00
DGS2,2026-01-12,3.54,2026-08-05,2026-08-05,2026-08-05T08:58:54.488904+00:00
DGS2,2026-01-13,3.53,2026-08-05,2026-08-05,2026-08-05T08:58:54.488904+00:00
DGS2,2026-01-14,3.51,2026-08-05,2026-08-05,2026-08-05T08:58:54.488904+00:00
DGS2,2026-01-15,3.56,2026-08-05,2026-08-05,2026-08-05T08:58:54.488904+00:00
DGS2,2026-01-16,3.59,2026-08-05,2026-08-05,2026-08-05T08:58:54.488904+00:00
DGS2,2026-01-19,.,2026-08-05,2026-08-05,2026-08-05T08:58:54.488904+00:00
DGS2,2026-01-20,3.6,2026-08-05,2026-08-05,2026-08-05T08:58:54.488904+00:00
DGS2,2026-01-21,3.6,2026-08-05,2026-08-05,2026-08-05T08:58:54.488904+00:00
DGS2,2026-01-22,3.61,2026-08-05,2026-08-05,2026-08-05T08:58:54.488904+00:00
DGS2,2026-01-23,3.6,2026-08-05,2026-08-05,2026-08-05T08:58:54.488904+00:00
DGS2,2026-01-26,3.56,2026-08-05,2026-08-05,2026-08-05T08:58:54.488904+00:00
DGS2,2026-01-27,3.53,2026-08-05,2026-08-05,2026-08-05T08:58:54.488904+00:00
DGS2,2026-01-28,3.56,2026-08-05,2026-08-05,2026-08-05T08:58:54.488904+00:00
DGS2,2026-01-29,3.53,2026-08-05,2026-08-05,2026-08-05T08:58:54.488904+00:00
DGS2,2026-01-30,3.52,2026-08-05,2026-08-05,2026-08-05T08:58:54.488904+00:00
DGS2,2026-02-02,3.57,2026-08-05,2026-08-05,2026-08-05T08:58:54.488904+00:00
DGS2,2026-02-03,3.57,2026-08-05,2026-08-05,2026-08-05T08:58:54.488904+00:00
DGS2,2026-02-04,3.57,2026-08-05,2026-08-05,2026-08-05T08:58:54.488904+00:00
DGS2,2026-02-05,3.47,2026-08-05,2026-08-05,2026-08-05T08:58:54.488904+00:00
DGS2,2026-02-06,3.5,2026-08-05,2026-08-05,2026-08-05T08:58:54.488904+00:00
DGS2,2026-02-09,3.48,2026-08-05,2026-08-05,2026-08-05T08:58:54.488904+00:00
DGS2,2026-02-10,3.45,2026-08-05,2026-08-05,2026-08-05T08:58:54.488904+00:00
DGS2,2026-02-11,3.52,2026-08-05,2026-08-05,2026-08-05T08:58:54.488904+00:00
DGS2,2026-02-12,3.47,2026-08-05,2026-08-05,2026-08-05T08:58:54.488904+00:00
DGS2,2026-02-13,3.4,2026-08-05,2026-08-05,2026-08-05T08:58:54.488904+00:00
DGS2,2026-02-16,.,2026-08-05,2026-08-05,2026-08-05T08:58:54.488904+00:00
DGS2,2026-02-17,3.43,2026-08-05,2026-08-05,2026-08-05T08:58:54.488904+00:00
DGS2,2026-02-18,3.47,2026-08-05,2026-08-05,2026-08-05T08:58:54.488904+00:00
DGS2,2026-02-19,3.47,2026-08-05,2026-08-05,2026-08-05T08:58:54.488904+00:00
DGS2,2026-02-20,3.48,2026-08-05,2026-08-05,2026-08-05T08:58:54.488904+00:00
DGS2,2026-02-23,3.43,2026-08-05,2026-08-05,2026-08-05T08:58:54.488904+00:00
DGS2,2026-02-24,3.43,2026-08-05,2026-08-05,2026-08-05T08:58:54.488904+00:00
DGS2,2026-02-25,3.45,2026-08-05,2026-08-05,2026-08-05T08:58:54.488904+00:00
DGS2,2026-02-26,3.42,2026-08-05,2026-08-05,2026-08-05T08:58:54.488904+00:00
DGS2,2026-02-27,3.38,2026-08-05,2026-08-05,2026-08-05T08:58:54.488904+00:00
DGS2,2026-03-02,3.47,2026-08-05,2026-08-05,2026-08-05T08:58:54.488904+00:00
DGS2,2026-03-03,3.51,2026-08-05,2026-08-05,2026-08-05T08:58:54.488904+00:00
DGS2,2026-03-04,3.54,2026-08-05,2026-08-05,2026-08-05T08:58:54.488904+00:00
DGS2,2026-03-05,3.57,2026-08-05,2026-08-05,2026-08-05T08:58:54.488904+00:00
DGS2,2026-03-06,3.56,2026-08-05,2026-08-05,2026-08-05T08:58:54.488904+00:00
DGS2,2026-03-09,3.56,2026-08-05,2026-08-05,2026-08-05T08:58:54.488904+00:00
DGS2,2026-03-10,3.57,2026-08-05,2026-08-05,2026-08-05T08:58:54.488904+00:00
DGS2,2026-03-11,3.64,2026-08-05,2026-08-05,2026-08-05T08:58:54.488904+00:00
DGS2,2026-03-12,3.76,2026-08-05,2026-08-05,2026-08-05T08:58:54.488904+00:00
DGS2,2026-03-13,3.73,2026-08-05,2026-08-05,2026-08-05T08:58:54.488904+00:00
DGS2,2026-03-16,3.68,2026-08-05,2026-08-05,2026-08-05T08:58:54.488904+00:00
DGS2,2026-03-17,3.68,2026-08-05,2026-08-05,2026-08-05T08:58:54.488904+00:00
DGS2,2026-03-18,3.76,2026-08-05,2026-08-05,2026-08-05T08:58:54.488904+00:00
DGS2,2026-03-19,3.79,2026-08-05,2026-08-05,2026-08-05T08:58:54.488904+00:00
DGS2,2026-03-20,3.88,2026-08-05,2026-08-05,2026-08-05T08:58:54.488904+00:00
DGS2,2026-03-23,3.83,2026-08-05,2026-08-05,2026-08-05T08:58:54.488904+00:00
DGS2,2026-03-24,3.9,2026-08-05,2026-08-05,2026-08-05T08:58:54.488904+00:00
DGS2,2026-03-25,3.84,2026-08-05,2026-08-05,2026-08-05T08:58:54.488904+00:00
DGS2,2026-03-26,3.96,2026-08-05,2026-08-05,2026-08-05T08:58:54.488904+00:00
DGS2,2026-03-27,3.88,2026-08-05,2026-08-05,2026-08-05T08:58:54.488904+00:00
DGS2,2026-03-30,3.82,2026-08-05,2026-08-05,2026-08-05T08:58:54.488904+00:00
DGS2,2026-03-31,3.79,2026-08-05,2026-08-05,2026-08-05T08:58:54.488904+00:00
DGS2,2026-04-01,3.81,2026-08-05,2026-08-05,2026-08-05T08:58:54.488904+00:00
DGS2,2026-04-02,3.79,2026-08-05,2026-08-05,2026-08-05T08:58:54.488904+00:00
DGS2,2026-04-03,3.84,2026-08-05,2026-08-05,2026-08-05T08:58:54.488904+00:00
DGS2,2026-04-06,3.84,2026-08-05,2026-08-05,2026-08-05T08:58:54.488904+00:00
DGS2,2026-04-07,3.81,2026-08-05,2026-08-05,2026-08-05T08:58:54.488904+00:00
DGS2,2026-04-08,3.79,2026-08-05,2026-08-05,2026-08-05T08:58:54.488904+00:00
DGS2,2026-04-09,3.78,2026-08-05,2026-08-05,2026-08-05T08:58:54.488904+00:00
DGS2,2026-04-10,3.81,2026-08-05,2026-08-05,2026-08-05T08:58:54.488904+00:00
DGS2,2026-04-13,3.78,2026-08-05,2026-08-05,2026-08-05T08:58:54.488904+00:00
DGS2,2026-04-14,3.76,2026-08-05,2026-08-05,2026-08-05T08:58:54.488904+00:00
DGS2,2026-04-15,3.76,2026-08-05,2026-08-05,2026-08-05T08:58:54.488904+00:00
DGS2,2026-04-16,3.78,2026-08-05,2026-08-05,2026-08-05T08:58:54.488904+00:00
DGS2,2026-04-17,3.71,2026-08-05,2026-08-05,2026-08-05T08:58:54.488904+00:00
DGS2,2026-04-20,3.72,2026-08-05,2026-08-05,2026-08-05T08:58:54.488904+00:00
DGS2,2026-04-21,3.78,2026-08-05,2026-08-05,2026-08-05T08:58:54.488904+00:00
DGS2,2026-04-22,3.79,2026-08-05,2026-08-05,2026-08-05T08:58:54.488904+00:00
DGS2,2026-04-23,3.83,2026-08-05,2026-08-05,2026-08-05T08:58:54.488904+00:00
DGS2,2026-04-24,3.78,2026-08-05,2026-08-05,2026-08-05T08:58:54.488904+00:00
DGS2,2026-04-27,3.78,2026-08-05,2026-08-05,2026-08-05T08:58:54.488904+00:00
DGS2,2026-04-28,3.84,2026-08-05,2026-08-05,2026-08-05T08:58:54.488904+00:00
DGS2,2026-04-29,3.92,2026-08-05,2026-08-05,2026-08-05T08:58:54.488904+00:00
DGS2,2026-04-30,3.88,2026-08-05,2026-08-05,2026-08-05T08:58:54.488904+00:00
DGS2,2026-05-01,3.88,2026-08-05,2026-08-05,2026-08-05T08:58:54.488904+00:00
DGS2,2026-05-04,3.95,2026-08-05,2026-08-05,2026-08-05T08:58:54.488904+00:00
DGS2,2026-05-05,3.93,2026-08-05,2026-08-05,2026-08-05T08:58:54.488904+00:00
DGS2,2026-05-06,3.87,2026-08-05,2026-08-05,2026-08-05T08:58:54.488904+00:00
DGS2,2026-05-07,3.92,2026-08-05,2026-08-05,2026-08-05T08:58:54.488904+00:00
DGS2,2026-05-08,3.9,2026-08-05,2026-08-05,2026-08-05T08:58:54.488904+00:00
DGS2,2026-05-11,3.95,2026-08-05,2026-08-05,2026-08-05T08:58:54.488904+00:00
DGS2,2026-05-12,4.0,2026-08-05,2026-08-05,2026-08-05T08:58:54.488904+00:00
DGS2,2026-05-13,3.98,2026-08-05,2026-08-05,2026-08-05T08:58:54.488904+00:00
DGS2,2026-05-14,4.0,2026-08-05,2026-08-05,2026-08-05T08:58:54.488904+00:00
DGS2,2026-05-15,4.09,2026-08-05,2026-08-05,2026-08-05T08:58:54.488904+00:00
DGS2,2026-05-18,4.07,2026-08-05,2026-08-05,2026-08-05T08:58:54.488904+00:00
DGS2,2026-05-19,4.13,2026-08-05,2026-08-05,2026-08-05T08:58:54.488904+00:00
DGS2,2026-05-20,4.04,2026-08-05,2026-08-05,2026-08-05T08:58:54.488904+00:00
DGS2,2026-05-21,4.08,2026-08-05,2026-08-05,2026-08-05T08:58:54.488904+00:00
DGS2,2026-05-22,4.13,2026-08-05,2026-08-05,2026-08-05T08:58:54.488904+00:00
DGS2,2026-05-25,.,2026-08-05,2026-08-05,2026-08-05T08:58:54.488904+00:00
DGS2,2026-05-26,4.01,2026-08-05,2026-08-05,2026-08-05T08:58:54.488904+00:00
DGS2,2026-05-27,4.0,2026-08-05,2026-08-05,2026-08-05T08:58:54.488904+00:00
DGS2,2026-05-28,3.99,2026-08-05,2026-08-05,2026-08-05T08:58:54.488904+00:00
DGS2,2026-05-29,3.98,2026-08-05,2026-08-05,2026-08-05T08:58:54.488904+00:00
DGS2,2026-06-01,4.05,2026-08-05,2026-08-05,2026-08-05T08:58:54.488904+00:00
DGS2,2026-06-02,4.05,2026-08-05,2026-08-05,2026-08-05T08:58:54.488904+00:00
DGS2,2026-06-03,4.08,2026-08-05,2026-08-05,2026-08-05T08:58:54.488904+00:00
DGS2,2026-06-04,4.05,2026-08-05,2026-08-05,2026-08-05T08:58:54.488904+00:00
DGS2,2026-06-05,4.17,2026-08-05,2026-08-05,2026-08-05T08:58:54.488904+00:00
DGS2,2026-06-08,4.15,2026-08-05,2026-08-05,2026-08-05T08:58:54.488904+00:00
DGS2,2026-06-09,4.13,2026-08-05,2026-08-05,2026-08-05T08:58:54.488904+00:00
DGS2,2026-06-10,4.13,2026-08-05,2026-08-05,2026-08-05T08:58:54.488904+00:00
DGS2,2026-06-11,4.05,2026-08-05,2026-08-05,2026-08-05T08:58:54.488904+00:00
DGS2,2026-06-12,4.09,2026-08-05,2026-08-05,2026-08-05T08:58:54.488904+00:00
DGS2,2026-06-15,4.07,2026-08-05,2026-08-05,2026-08-05T08:58:54.488904+00:00
DGS2,2026-06-16,4.05,2026-08-05,2026-08-05,2026-08-05T08:58:54.488904+00:00
DGS2,2026-06-17,4.2,2026-08-05,2026-08-05,2026-08-05T08:58:54.488904+00:00
DGS2,2026-06-18,4.19,2026-08-05,2026-08-05,2026-08-05T08:58:54.488904+00:00
DGS2,2026-06-19,.,2026-08-05,2026-08-05,2026-08-05T08:58:54.488904+00:00
DGS2,2026-06-22,4.24,2026-08-05,2026-08-05,2026-08-05T08:58:54.488904+00:00
DGS2,2026-06-23,4.16,2026-08-05,2026-08-05,2026-08-05T08:58:54.488904+00:00
DGS2,2026-06-24,4.11,2026-08-05,2026-08-05,2026-08-05T08:58:54.488904+00:00
DGS2,2026-06-25,4.09,2026-08-05,2026-08-05,2026-08-05T08:58:54.488904+00:00
DGS2,2026-06-26,4.07,2026-08-05,2026-08-05,2026-08-05T08:58:54.488904+00:00
DGS2,2026-06-29,4.1,2026-08-05,2026-08-05,2026-08-05T08:58:54.488904+00:00
DGS2,2026-06-30,4.14,2026-08-05,2026-08-05,2026-08-05T08:58:54.488904+00:00
DGS2,2026-07-01,4.17,2026-08-05,2026-08-05,2026-08-05T08:58:54.488904+00:00
DGS2,2026-07-02,4.14,2026-08-05,2026-08-05,2026-08-05T08:58:54.488904+00:00
DGS2,2026-07-03,.,2026-08-05,2026-08-05,2026-08-05T08:58:54.488904+00:00
DGS2,2026-07-06,4.13,2026-08-05,2026-08-05,2026-08-05T08:58:54.488904+00:00
DGS2,2026-07-07,4.19,2026-08-05,2026-08-05,2026-08-05T08:58:54.488904+00:00
DGS2,2026-07-08,4.21,2026-08-05,2026-08-05,2026-08-05T08:58:54.488904+00:00
DGS2,2026-07-09,4.16,2026-08-05,2026-08-05,2026-08-05T08:58:54.488904+00:00
DGS2,2026-07-10,4.21,2026-08-05,2026-08-05,2026-08-05T08:58:54.488904+00:00
DGS2,2026-07-13,4.26,2026-08-05,2026-08-05,2026-08-05T08:58:54.488904+00:00
DGS2,2026-07-14,4.18,2026-08-05,2026-08-05,2026-08-05T08:58:54.488904+00:00
DGS2,2026-07-15,4.13,2026-08-05,2026-08-05,2026-08-05T08:58:54.488904+00:00
DGS2,2026-07-16,4.16,2026-08-05,2026-08-05,2026-08-05T08:58:54.488904+00:00
DGS2,2026-07-17,4.18,2026-08-05,2026-08-05,2026-08-05T08:58:54.488904+00:00
DGS2,2026-07-20,4.2100000000,2026-08-05,2026-08-05,2026-08-05T08:58:54.488904+00:00
DGS2,2026-07-21,4.2600000000,2026-08-05,2026-08-05,2026-08-05T08:58:54.488904+00:00
DGS2,2026-07-22,4.3100000000,2026-08-05,2026-08-05,2026-08-05T08:58:54.488904+00:00
DGS2,2026-07-23,4.3700000000,2026-08-05,2026-08-05,2026-08-05T08:58:54.488904+00:00
DGS2,2026-07-24,4.3300000000,2026-08-05,2026-08-05,2026-08-05T08:58:54.488904+00:00
DGS2,2026-07-27,4.3100000000,2026-08-05,2026-08-05,2026-08-05T08:58:54.488904+00:00
DGS2,2026-07-28,4.2600000000,2026-08-05,2026-08-05,2026-08-05T08:58:54.488904+00:00
DGS2,2026-07-29,4.2200000000,2026-08-05,2026-08-05,2026-08-05T08:58:54.488904+00:00
DGS2,2026-07-30,4.2300000000,2026-08-05,2026-08-05,2026-08-05T08:58:54.488904+00:00
DGS2,2026-07-31,4.2800000000,2026-08-05,2026-08-05,2026-08-05T08:58:54.488904+00:00
DGS2,2026-08-03,4.2500000000,2026-08-05,2026-08-05,2026-08-05T08:58:54.488904+00:00
DGS5,2022-08-05,2.97,2026-08-05,2026-08-05,2026-08-05T08:58:54.488904+00:00
DGS5,2022-08-08,2.91,2026-08-05,2026-08-05,2026-08-05T08:58:54.488904+00:00
DGS5,2022-08-09,2.97,2026-08-05,2026-08-05,2026-08-05T08:58:54.488904+00:00
DGS5,2022-08-10,2.93,2026-08-05,2026-08-05,2026-08-05T08:58:54.488904+00:00
DGS5,2022-08-11,2.98,2026-08-05,2026-08-05,2026-08-05T08:58:54.488904+00:00
DGS5,2022-08-12,2.97,2026-08-05,2026-08-05,2026-08-05T08:58:54.488904+00:00
DGS5,2022-08-15,2.91,2026-08-05,2026-08-05,2026-08-05T08:58:54.488904+00:00
DGS5,2022-08-16,2.95,2026-08-05,2026-08-05,2026-08-05T08:58:54.488904+00:00
DGS5,2022-08-17,3.04,2026-08-05,2026-08-05,2026-08-05T08:58:54.488904+00:00
DGS5,2022-08-18,3.02,2026-08-05,2026-08-05,2026-08-05T08:58:54.488904+00:00
DGS5,2022-08-19,3.11,2026-08-05,2026-08-05,2026-08-05T08:58:54.488904+00:00
DGS5,2022-08-22,3.17,2026-08-05,2026-08-05,2026-08-05T08:58:54.488904+00:00
DGS5,2022-08-23,3.18,2026-08-05,2026-08-05,2026-08-05T08:58:54.488904+00:00
DGS5,2022-08-24,3.20,2026-08-05,2026-08-05,2026-08-05T08:58:54.488904+00:00
DGS5,2022-08-25,3.15,2026-08-05,2026-08-05,2026-08-05T08:58:54.488904+00:00
DGS5,2022-08-26,3.20,2026-08-05,2026-08-05,2026-08-05T08:58:54.488904+00:00
DGS5,2022-08-29,3.27,2026-08-05,2026-08-05,2026-08-05T08:58:54.488904+00:00
DGS5,2022-08-30,3.27,2026-08-05,2026-08-05,2026-08-05T08:58:54.488904+00:00
DGS5,2022-08-31,3.30,2026-08-05,2026-08-05,2026-08-05T08:58:54.488904+00:00
DGS5,2022-09-01,3.39,2026-08-05,2026-08-05,2026-08-05T08:58:54.488904+00:00
DGS5,2022-09-02,3.30,2026-08-05,2026-08-05,2026-08-05T08:58:54.488904+00:00
DGS5,2022-09-05,.,2026-08-05,2026-08-05,2026-08-05T08:58:54.488904+00:00
DGS5,2022-09-06,3.43,2026-08-05,2026-08-05,2026-08-05T08:58:54.488904+00:00
DGS5,2022-09-07,3.37,2026-08-05,2026-08-05,2026-08-05T08:58:54.488904+00:00
DGS5,2022-09-08,3.39,2026-08-05,2026-08-05,2026-08-05T08:58:54.488904+00:00
DGS5,2022-09-09,3.45,2026-08-05,2026-08-05,2026-08-05T08:58:54.488904+00:00
DGS5,2022-09-12,3.47,2026-08-05,2026-08-05,2026-08-05T08:58:54.488904+00:00
DGS5,2022-09-13,3.58,2026-08-05,2026-08-05,2026-08-05T08:58:54.488904+00:00
DGS5,2022-09-14,3.60,2026-08-05,2026-08-05,2026-08-05T08:58:54.488904+00:00
DGS5,2022-09-15,3.66,2026-08-05,2026-08-05,2026-08-05T08:58:54.488904+00:00
DGS5,2022-09-16,3.62,2026-08-05,2026-08-05,2026-08-05T08:58:54.488904+00:00
DGS5,2022-09-19,3.69,2026-08-05,2026-08-05,2026-08-05T08:58:54.488904+00:00
DGS5,2022-09-20,3.75,2026-08-05,2026-08-05,2026-08-05T08:58:54.488904+00:00
DGS5,2022-09-21,3.74,2026-08-05,2026-08-05,2026-08-05T08:58:54.488904+00:00
DGS5,2022-09-22,3.91,2026-08-05,2026-08-05,2026-08-05T08:58:54.488904+00:00
DGS5,2022-09-23,3.96,2026-08-05,2026-08-05,2026-08-05T08:58:54.488904+00:00
DGS5,2022-09-26,4.15,2026-08-05,2026-08-05,2026-08-05T08:58:54.488904+00:00
DGS5,2022-09-27,4.21,2026-08-05,2026-08-05,2026-08-05T08:58:54.488904+00:00
DGS5,2022-09-28,3.92,2026-08-05,2026-08-05,2026-08-05T08:58:54.488904+00:00
DGS5,2022-09-29,3.98,2026-08-05,2026-08-05,2026-08-05T08:58:54.488904+00:00
DGS5,2022-09-30,4.06,2026-08-05,2026-08-05,2026-08-05T08:58:54.488904+00:00
DGS5,2022-10-03,3.90,2026-08-05,2026-08-05,2026-08-05T08:58:54.488904+00:00
DGS5,2022-10-04,3.84,2026-08-05,2026-08-05,2026-08-05T08:58:54.488904+00:00
DGS5,2022-10-05,3.96,2026-08-05,2026-08-05,2026-08-05T08:58:54.488904+00:00
DGS5,2022-10-06,4.05,2026-08-05,2026-08-05,2026-08-05T08:58:54.488904+00:00
DGS5,2022-10-07,4.14,2026-08-05,2026-08-05,2026-08-05T08:58:54.488904+00:00
DGS5,2022-10-10,.,2026-08-05,2026-08-05,2026-08-05T08:58:54.488904+00:00
DGS5,2022-10-11,4.14,2026-08-05,2026-08-05,2026-08-05T08:58:54.488904+00:00
DGS5,2022-10-12,4.12,2026-08-05,2026-08-05,2026-08-05T08:58:54.488904+00:00
DGS5,2022-10-13,4.21,2026-08-05,2026-08-05,2026-08-05T08:58:54.488904+00:00
DGS5,2022-10-14,4.25,2026-08-05,2026-08-05,2026-08-05T08:58:54.488904+00:00
DGS5,2022-10-17,4.24,2026-08-05,2026-08-05,2026-08-05T08:58:54.488904+00:00
DGS5,2022-10-18,4.21,2026-08-05,2026-08-05,2026-08-05T08:58:54.488904+00:00
DGS5,2022-10-19,4.35,2026-08-05,2026-08-05,2026-08-05T08:58:54.488904+00:00
DGS5,2022-10-20,4.45,2026-08-05,2026-08-05,2026-08-05T08:58:54.488904+00:00
DGS5,2022-10-21,4.34,2026-08-05,2026-08-05,2026-08-05T08:58:54.488904+00:00
DGS5,2022-10-24,4.36,2026-08-05,2026-08-05,2026-08-05T08:58:54.488904+00:00
DGS5,2022-10-25,4.25,2026-08-05,2026-08-05,2026-08-05T08:58:54.488904+00:00
DGS5,2022-10-26,4.20,2026-08-05,2026-08-05,2026-08-05T08:58:54.488904+00:00
DGS5,2022-10-27,4.09,2026-08-05,2026-08-05,2026-08-05T08:58:54.488904+00:00
DGS5,2022-10-28,4.19,2026-08-05,2026-08-05,2026-08-05T08:58:54.488904+00:00
DGS5,2022-10-31,4.27,2026-08-05,2026-08-05,2026-08-05T08:58:54.488904+00:00
DGS5,2022-11-01,4.27,2026-08-05,2026-08-05,2026-08-05T08:58:54.488904+00:00
DGS5,2022-11-02,4.30,2026-08-05,2026-08-05,2026-08-05T08:58:54.488904+00:00
DGS5,2022-11-03,4.36,2026-08-05,2026-08-05,2026-08-05T08:58:54.488904+00:00
DGS5,2022-11-04,4.33,2026-08-05,2026-08-05,2026-08-05T08:58:54.488904+00:00
DGS5,2022-11-07,4.39,2026-08-05,2026-08-05,2026-08-05T08:58:54.488904+00:00
DGS5,2022-11-08,4.31,2026-08-05,2026-08-05,2026-08-05T08:58:54.488904+00:00
DGS5,2022-11-09,4.27,2026-08-05,2026-08-05,2026-08-05T08:58:54.488904+00:00
DGS5,2022-11-10,3.95,2026-08-05,2026-08-05,2026-08-05T08:58:54.488904+00:00
DGS5,2022-11-11,.,2026-08-05,2026-08-05,2026-08-05T08:58:54.488904+00:00
DGS5,2022-11-14,4.00,2026-08-05,2026-08-05,2026-08-05T08:58:54.488904+00:00
DGS5,2022-11-15,3.93,2026-08-05,2026-08-05,2026-08-05T08:58:54.488904+00:00
DGS5,2022-11-16,3.83,2026-08-05,2026-08-05,2026-08-05T08:58:54.488904+00:00
DGS5,2022-11-17,3.93,2026-08-05,2026-08-05,2026-08-05T08:58:54.488904+00:00
DGS5,2022-11-18,3.99,2026-08-05,2026-08-05,2026-08-05T08:58:54.488904+00:00
DGS5,2022-11-21,3.97,2026-08-05,2026-08-05,2026-08-05T08:58:54.488904+00:00
DGS5,2022-11-22,3.93,2026-08-05,2026-08-05,2026-08-05T08:58:54.488904+00:00
DGS5,2022-11-23,3.88,2026-08-05,2026-08-05,2026-08-05T08:58:54.488904+00:00
DGS5,2022-11-24,.,2026-08-05,2026-08-05,2026-08-05T08:58:54.488904+00:00
DGS5,2022-11-25,3.85,2026-08-05,2026-08-05,2026-08-05T08:58:54.488904+00:00
DGS5,2022-11-28,3.88,2026-08-05,2026-08-05,2026-08-05T08:58:54.488904+00:00
DGS5,2022-11-29,3.92,2026-08-05,2026-08-05,2026-08-05T08:58:54.488904+00:00
DGS5,2022-11-30,3.82,2026-08-05,2026-08-05,2026-08-05T08:58:54.488904+00:00
DGS5,2022-12-01,3.68,2026-08-05,2026-08-05,2026-08-05T08:58:54.488904+00:00
DGS5,2022-12-02,3.67,2026-08-05,2026-08-05,2026-08-05T08:58:54.488904+00:00
DGS5,2022-12-05,3.80,2026-08-05,2026-08-05,2026-08-05T08:58:54.488904+00:00
DGS5,2022-12-06,3.73,2026-08-05,2026-08-05,2026-08-05T08:58:54.488904+00:00
DGS5,2022-12-07,3.62,2026-08-05,2026-08-05,2026-08-05T08:58:54.488904+00:00
DGS5,2022-12-08,3.71,2026-08-05,2026-08-05,2026-08-05T08:58:54.488904+00:00
DGS5,2022-12-09,3.75,2026-08-05,2026-08-05,2026-08-05T08:58:54.488904+00:00
DGS5,2022-12-12,3.80,2026-08-05,2026-08-05,2026-08-05T08:58:54.488904+00:00
DGS5,2022-12-13,3.66,2026-08-05,2026-08-05,2026-08-05T08:58:54.488904+00:00
DGS5,2022-12-14,3.64,2026-08-05,2026-08-05,2026-08-05T08:58:54.488904+00:00
DGS5,2022-12-15,3.62,2026-08-05,2026-08-05,2026-08-05T08:58:54.488904+00:00
DGS5,2022-12-16,3.61,2026-08-05,2026-08-05,2026-08-05T08:58:54.488904+00:00
DGS5,2022-12-19,3.70,2026-08-05,2026-08-05,2026-08-05T08:58:54.488904+00:00
DGS5,2022-12-20,3.79,2026-08-05,2026-08-05,2026-08-05T08:58:54.488904+00:00
DGS5,2022-12-21,3.78,2026-08-05,2026-08-05,2026-08-05T08:58:54.488904+00:00
DGS5,2022-12-22,3.79,2026-08-05,2026-08-05,2026-08-05T08:58:54.488904+00:00
DGS5,2022-12-23,3.86,2026-08-05,2026-08-05,2026-08-05T08:58:54.488904+00:00
DGS5,2022-12-26,.,2026-08-05,2026-08-05,2026-08-05T08:58:54.488904+00:00
DGS5,2022-12-27,3.94,2026-08-05,2026-08-05,2026-08-05T08:58:54.488904+00:00
DGS5,2022-12-28,3.97,2026-08-05,2026-08-05,2026-08-05T08:58:54.488904+00:00
DGS5,2022-12-29,3.94,2026-08-05,2026-08-05,2026-08-05T08:58:54.488904+00:00
DGS5,2022-12-30,3.99,2026-08-05,2026-08-05,2026-08-05T08:58:54.488904+00:00
DGS5,2023-01-02,.,2026-08-05,2026-08-05,2026-08-05T08:58:54.488904+00:00
DGS5,2023-01-03,3.94,2026-08-05,2026-08-05,2026-08-05T08:58:54.488904+00:00
DGS5,2023-01-04,3.85,2026-08-05,2026-08-05,2026-08-05T08:58:54.488904+00:00
DGS5,2023-01-05,3.90,2026-08-05,2026-08-05,2026-08-05T08:58:54.488904+00:00
DGS5,2023-01-06,3.69,2026-08-05,2026-08-05,2026-08-05T08:58:54.488904+00:00
DGS5,2023-01-09,3.66,2026-08-05,2026-08-05,2026-08-05T08:58:54.488904+00:00
DGS5,2023-01-10,3.72,2026-08-05,2026-08-05,2026-08-05T08:58:54.488904+00:00
DGS5,2023-01-11,3.66,2026-08-05,2026-08-05,2026-08-05T08:58:54.488904+00:00
DGS5,2023-01-12,3.53,2026-08-05,2026-08-05,2026-08-05T08:58:54.488904+00:00
DGS5,2023-01-13,3.60,2026-08-05,2026-08-05,2026-08-05T08:58:54.488904+00:00
DGS5,2023-01-16,.,2026-08-05,2026-08-05,2026-08-05T08:58:54.488904+00:00
DGS5,2023-01-17,3.60,2026-08-05,2026-08-05,2026-08-05T08:58:54.488904+00:00
DGS5,2023-01-18,3.43,2026-08-05,2026-08-05,2026-08-05T08:58:54.488904+00:00
DGS5,2023-01-19,3.48,2026-08-05,2026-08-05,2026-08-05T08:58:54.488904+00:00
DGS5,2023-01-20,3.56,2026-08-05,2026-08-05,2026-08-05T08:58:54.488904+00:00
DGS5,2023-01-23,3.61,2026-08-05,2026-08-05,2026-08-05T08:58:54.488904+00:00
DGS5,2023-01-24,3.58,2026-08-05,2026-08-05,2026-08-05T08:58:54.488904+00:00
DGS5,2023-01-25,3.54,2026-08-05,2026-08-05,2026-08-05T08:58:54.488904+00:00
DGS5,2023-01-26,3.58,2026-08-05,2026-08-05,2026-08-05T08:58:54.488904+00:00
DGS5,2023-01-27,3.62,2026-08-05,2026-08-05,2026-08-05T08:58:54.488904+00:00
DGS5,2023-01-30,3.68,2026-08-05,2026-08-05,2026-08-05T08:58:54.488904+00:00
DGS5,2023-01-31,3.63,2026-08-05,2026-08-05,2026-08-05T08:58:54.488904+00:00
DGS5,2023-02-01,3.48,2026-08-05,2026-08-05,2026-08-05T08:58:54.488904+00:00
DGS5,2023-02-02,3.49,2026-08-05,2026-08-05,2026-08-05T08:58:54.488904+00:00
DGS5,2023-02-03,3.67,2026-08-05,2026-08-05,2026-08-05T08:58:54.488904+00:00
DGS5,2023-02-06,3.81,2026-08-05,2026-08-05,2026-08-05T08:58:54.488904+00:00
DGS5,2023-02-07,3.85,2026-08-05,2026-08-05,2026-08-05T08:58:54.488904+00:00
DGS5,2023-02-08,3.82,2026-08-05,2026-08-05,2026-08-05T08:58:54.488904+00:00
DGS5,2023-02-09,3.87,2026-08-05,2026-08-05,2026-08-05T08:58:54.488904+00:00
DGS5,2023-02-10,3.93,2026-08-05,2026-08-05,2026-08-05T08:58:54.488904+00:00
DGS5,2023-02-13,3.93,2026-08-05,2026-08-05,2026-08-05T08:58:54.488904+00:00
DGS5,2023-02-14,4.00,2026-08-05,2026-08-05,2026-08-05T08:58:54.488904+00:00
DGS5,2023-02-15,4.04,2026-08-05,2026-08-05,2026-08-05T08:58:54.488904+00:00
DGS5,2023-02-16,4.06,2026-08-05,2026-08-05,2026-08-05T08:58:54.488904+00:00
DGS5,2023-02-17,4.03,2026-08-05,2026-08-05,2026-08-05T08:58:54.488904+00:00
DGS5,2023-02-20,.,2026-08-05,2026-08-05,2026-08-05T08:58:54.488904+00:00
DGS5,2023-02-21,4.16,2026-08-05,2026-08-05,2026-08-05T08:58:54.488904+00:00
DGS5,2023-02-22,4.13,2026-08-05,2026-08-05,2026-08-05T08:58:54.488904+00:00
DGS5,2023-02-23,4.09,2026-08-05,2026-08-05,2026-08-05T08:58:54.488904+00:00
DGS5,2023-02-24,4.19,2026-08-05,2026-08-05,2026-08-05T08:58:54.488904+00:00
DGS5,2023-02-27,4.17,2026-08-05,2026-08-05,2026-08-05T08:58:54.488904+00:00
DGS5,2023-02-28,4.18,2026-08-05,2026-08-05,2026-08-05T08:58:54.488904+00:00
DGS5,2023-03-01,4.27,2026-08-05,2026-08-05,2026-08-05T08:58:54.488904+00:00
DGS5,2023-03-02,4.32,2026-08-05,2026-08-05,2026-08-05T08:58:54.488904+00:00
DGS5,2023-03-03,4.26,2026-08-05,2026-08-05,2026-08-05T08:58:54.488904+00:00
DGS5,2023-03-06,4.27,2026-08-05,2026-08-05,2026-08-05T08:58:54.488904+00:00
DGS5,2023-03-07,4.31,2026-08-05,2026-08-05,2026-08-05T08:58:54.488904+00:00
DGS5,2023-03-08,4.34,2026-08-05,2026-08-05,2026-08-05T08:58:54.488904+00:00
DGS5,2023-03-09,4.22,2026-08-05,2026-08-05,2026-08-05T08:58:54.488904+00:00
DGS5,2023-03-10,3.96,2026-08-05,2026-08-05,2026-08-05T08:58:54.488904+00:00
DGS5,2023-03-13,3.68,2026-08-05,2026-08-05,2026-08-05T08:58:54.488904+00:00
DGS5,2023-03-14,3.78,2026-08-05,2026-08-05,2026-08-05T08:58:54.488904+00:00
DGS5,2023-03-15,3.59,2026-08-05,2026-08-05,2026-08-05T08:58:54.488904+00:00
DGS5,2023-03-16,3.72,2026-08-05,2026-08-05,2026-08-05T08:58:54.488904+00:00
DGS5,2023-03-17,3.44,2026-08-05,2026-08-05,2026-08-05T08:58:54.488904+00:00
DGS5,2023-03-20,3.56,2026-08-05,2026-08-05,2026-08-05T08:58:54.488904+00:00
DGS5,2023-03-21,3.73,2026-08-05,2026-08-05,2026-08-05T08:58:54.488904+00:00
DGS5,2023-03-22,3.54,2026-08-05,2026-08-05,2026-08-05T08:58:54.488904+00:00
DGS5,2023-03-23,3.39,2026-08-05,2026-08-05,2026-08-05T08:58:54.488904+00:00
DGS5,2023-03-24,3.41,2026-08-05,2026-08-05,2026-08-05T08:58:54.488904+00:00
DGS5,2023-03-27,3.59,2026-08-05,2026-08-05,2026-08-05T08:58:54.488904+00:00
DGS5,2023-03-28,3.63,2026-08-05,2026-08-05,2026-08-05T08:58:54.488904+00:00
DGS5,2023-03-29,3.67,2026-08-05,2026-08-05,2026-08-05T08:58:54.488904+00:00
DGS5,2023-03-30,3.66,2026-08-05,2026-08-05,2026-08-05T08:58:54.488904+00:00
DGS5,2023-03-31,3.60,2026-08-05,2026-08-05,2026-08-05T08:58:54.488904+00:00
DGS5,2023-04-03,3.52,2026-08-05,2026-08-05,2026-08-05T08:58:54.488904+00:00
DGS5,2023-04-04,3.39,2026-08-05,2026-08-05,2026-08-05T08:58:54.488904+00:00
DGS5,2023-04-05,3.36,2026-08-05,2026-08-05,2026-08-05T08:58:54.488904+00:00
DGS5,2023-04-06,3.37,2026-08-05,2026-08-05,2026-08-05T08:58:54.488904+00:00
DGS5,2023-04-07,3.49,2026-08-05,2026-08-05,2026-08-05T08:58:54.488904+00:00
DGS5,2023-04-10,3.52,2026-08-05,2026-08-05,2026-08-05T08:58:54.488904+00:00
DGS5,2023-04-11,3.54,2026-08-05,2026-08-05,2026-08-05T08:58:54.488904+00:00
DGS5,2023-04-12,3.46,2026-08-05,2026-08-05,2026-08-05T08:58:54.488904+00:00
DGS5,2023-04-13,3.51,2026-08-05,2026-08-05,2026-08-05T08:58:54.488904+00:00
DGS5,2023-04-14,3.60,2026-08-05,2026-08-05,2026-08-05T08:58:54.488904+00:00
DGS5,2023-04-17,3.69,2026-08-05,2026-08-05,2026-08-05T08:58:54.488904+00:00
DGS5,2023-04-18,3.69,2026-08-05,2026-08-05,2026-08-05T08:58:54.488904+00:00
DGS5,2023-04-19,3.71,2026-08-05,2026-08-05,2026-08-05T08:58:54.488904+00:00
DGS5,2023-04-20,3.63,2026-08-05,2026-08-05,2026-08-05T08:58:54.488904+00:00
DGS5,2023-04-21,3.66,2026-08-05,2026-08-05,2026-08-05T08:58:54.488904+00:00
DGS5,2023-04-24,3.60,2026-08-05,2026-08-05,2026-08-05T08:58:54.488904+00:00
DGS5,2023-04-25,3.43,2026-08-05,2026-08-05,2026-08-05T08:58:54.488904+00:00
DGS5,2023-04-26,3.46,2026-08-05,2026-08-05,2026-08-05T08:58:54.488904+00:00
DGS5,2023-04-27,3.60,2026-08-05,2026-08-05,2026-08-05T08:58:54.488904+00:00
DGS5,2023-04-28,3.51,2026-08-05,2026-08-05,2026-08-05T08:58:54.488904+00:00
DGS5,2023-05-01,3.64,2026-08-05,2026-08-05,2026-08-05T08:58:54.488904+00:00
DGS5,2023-05-02,3.46,2026-08-05,2026-08-05,2026-08-05T08:58:54.488904+00:00
DGS5,2023-05-03,3.37,2026-08-05,2026-08-05,2026-08-05T08:58:54.488904+00:00
DGS5,2023-05-04,3.29,2026-08-05,2026-08-05,2026-08-05T08:58:54.488904+00:00
DGS5,2023-05-05,3.41,2026-08-05,2026-08-05,2026-08-05T08:58:54.488904+00:00
DGS5,2023-05-08,3.49,2026-08-05,2026-08-05,2026-08-05T08:58:54.488904+00:00
DGS5,2023-05-09,3.51,2026-08-05,2026-08-05,2026-08-05T08:58:54.488904+00:00
DGS5,2023-05-10,3.37,2026-08-05,2026-08-05,2026-08-05T08:58:54.488904+00:00
DGS5,2023-05-11,3.36,2026-08-05,2026-08-05,2026-08-05T08:58:54.488904+00:00
DGS5,2023-05-12,3.45,2026-08-05,2026-08-05,2026-08-05T08:58:54.488904+00:00
DGS5,2023-05-15,3.46,2026-08-05,2026-08-05,2026-08-05T08:58:54.488904+00:00
DGS5,2023-05-16,3.52,2026-08-05,2026-08-05,2026-08-05T08:58:54.488904+00:00
DGS5,2023-05-17,3.58,2026-08-05,2026-08-05,2026-08-05T08:58:54.488904+00:00
DGS5,2023-05-18,3.69,2026-08-05,2026-08-05,2026-08-05T08:58:54.488904+00:00
DGS5,2023-05-19,3.76,2026-08-05,2026-08-05,2026-08-05T08:58:54.488904+00:00
DGS5,2023-05-22,3.77,2026-08-05,2026-08-05,2026-08-05T08:58:54.488904+00:00
DGS5,2023-05-23,3.76,2026-08-05,2026-08-05,2026-08-05T08:58:54.488904+00:00
DGS5,2023-05-24,3.75,2026-08-05,2026-08-05,2026-08-05T08:58:54.488904+00:00
DGS5,2023-05-25,3.90,2026-08-05,2026-08-05,2026-08-05T08:58:54.488904+00:00
DGS5,2023-05-26,3.92,2026-08-05,2026-08-05,2026-08-05T08:58:54.488904+00:00
DGS5,2023-05-29,.,2026-08-05,2026-08-05,2026-08-05T08:58:54.488904+00:00
DGS5,2023-05-30,3.81,2026-08-05,2026-08-05,2026-08-05T08:58:54.488904+00:00
DGS5,2023-05-31,3.74,2026-08-05,2026-08-05,2026-08-05T08:58:54.488904+00:00
DGS5,2023-06-01,3.70,2026-08-05,2026-08-05,2026-08-05T08:58:54.488904+00:00
DGS5,2023-06-02,3.84,2026-08-05,2026-08-05,2026-08-05T08:58:54.488904+00:00
DGS5,2023-06-05,3.82,2026-08-05,2026-08-05,2026-08-05T08:58:54.488904+00:00
DGS5,2023-06-06,3.85,2026-08-05,2026-08-05,2026-08-05T08:58:54.488904+00:00
DGS5,2023-06-07,3.93,2026-08-05,2026-08-05,2026-08-05T08:58:54.488904+00:00
DGS5,2023-06-08,3.87,2026-08-05,2026-08-05,2026-08-05T08:58:54.488904+00:00
DGS5,2023-06-09,3.92,2026-08-05,2026-08-05,2026-08-05T08:58:54.488904+00:00
DGS5,2023-06-12,3.89,2026-08-05,2026-08-05,2026-08-05T08:58:54.488904+00:00
DGS5,2023-06-13,4.01,2026-08-05,2026-08-05,2026-08-05T08:58:54.488904+00:00
DGS5,2023-06-14,4.06,2026-08-05,2026-08-05,2026-08-05T08:58:54.488904+00:00
DGS5,2023-06-15,3.91,2026-08-05,2026-08-05,2026-08-05T08:58:54.488904+00:00
DGS5,2023-06-16,3.99,2026-08-05,2026-08-05,2026-08-05T08:58:54.488904+00:00
DGS5,2023-06-19,.,2026-08-05,2026-08-05,2026-08-05T08:58:54.488904+00:00
DGS5,2023-06-20,3.96,2026-08-05,2026-08-05,2026-08-05T08:58:54.488904+00:00
DGS5,2023-06-21,3.95,2026-08-05,2026-08-05,2026-08-05T08:58:54.488904+00:00
DGS5,2023-06-22,4.03,2026-08-05,2026-08-05,2026-08-05T08:58:54.488904+00:00
DGS5,2023-06-23,3.99,2026-08-05,2026-08-05,2026-08-05T08:58:54.488904+00:00
DGS5,2023-06-26,3.96,2026-08-05,2026-08-05,2026-08-05T08:58:54.488904+00:00
DGS5,2023-06-27,4.02,2026-08-05,2026-08-05,2026-08-05T08:58:54.488904+00:00
DGS5,2023-06-28,3.97,2026-08-05,2026-08-05,2026-08-05T08:58:54.488904+00:00
DGS5,2023-06-29,4.14,2026-08-05,2026-08-05,2026-08-05T08:58:54.488904+00:00
DGS5,2023-06-30,4.13,2026-08-05,2026-08-05,2026-08-05T08:58:54.488904+00:00
DGS5,2023-07-03,4.19,2026-08-05,2026-08-05,2026-08-05T08:58:54.488904+00:00
DGS5,2023-07-04,.,2026-08-05,2026-08-05,2026-08-05T08:58:54.488904+00:00
DGS5,2023-07-05,4.25,2026-08-05,2026-08-05,2026-08-05T08:58:54.488904+00:00
DGS5,2023-07-06,4.37,2026-08-05,2026-08-05,2026-08-05T08:58:54.488904+00:00
DGS5,2023-07-07,4.35,2026-08-05,2026-08-05,2026-08-05T08:58:54.488904+00:00
DGS5,2023-07-10,4.25,2026-08-05,2026-08-05,2026-08-05T08:58:54.488904+00:00
DGS5,2023-07-11,4.24,2026-08-05,2026-08-05,2026-08-05T08:58:54.488904+00:00
DGS5,2023-07-12,4.07,2026-08-05,2026-08-05,2026-08-05T08:58:54.488904+00:00
DGS5,2023-07-13,3.93,2026-08-05,2026-08-05,2026-08-05T08:58:54.488904+00:00
DGS5,2023-07-14,4.04,2026-08-05,2026-08-05,2026-08-05T08:58:54.488904+00:00
DGS5,2023-07-17,4.02,2026-08-05,2026-08-05,2026-08-05T08:58:54.488904+00:00
DGS5,2023-07-18,4.00,2026-08-05,2026-08-05,2026-08-05T08:58:54.488904+00:00
DGS5,2023-07-19,3.98,2026-08-05,2026-08-05,2026-08-05T08:58:54.488904+00:00
DGS5,2023-07-20,4.08,2026-08-05,2026-08-05,2026-08-05T08:58:54.488904+00:00
DGS5,2023-07-21,4.09,2026-08-05,2026-08-05,2026-08-05T08:58:54.488904+00:00
DGS5,2023-07-24,4.13,2026-08-05,2026-08-05,2026-08-05T08:58:54.488904+00:00
DGS5,2023-07-25,4.15,2026-08-05,2026-08-05,2026-08-05T08:58:54.488904+00:00
DGS5,2023-07-26,4.09,2026-08-05,2026-08-05,2026-08-05T08:58:54.488904+00:00
DGS5,2023-07-27,4.24,2026-08-05,2026-08-05,2026-08-05T08:58:54.488904+00:00
DGS5,2023-07-28,4.18,2026-08-05,2026-08-05,2026-08-05T08:58:54.488904+00:00
DGS5,2023-07-31,4.18,2026-08-05,2026-08-05,2026-08-05T08:58:54.488904+00:00
DGS5,2023-08-01,4.24,2026-08-05,2026-08-05,2026-08-05T08:58:54.488904+00:00
DGS5,2023-08-02,4.24,2026-08-05,2026-08-05,2026-08-05T08:58:54.488904+00:00
DGS5,2023-08-03,4.30,2026-08-05,2026-08-05,2026-08-05T08:58:54.488904+00:00
DGS5,2023-08-04,4.15,2026-08-05,2026-08-05,2026-08-05T08:58:54.488904+00:00
DGS5,2023-08-07,4.16,2026-08-05,2026-08-05,2026-08-05T08:58:54.488904+00:00
DGS5,2023-08-08,4.10,2026-08-05,2026-08-05,2026-08-05T08:58:54.488904+00:00
DGS5,2023-08-09,4.12,2026-08-05,2026-08-05,2026-08-05T08:58:54.488904+00:00
DGS5,2023-08-10,4.21,2026-08-05,2026-08-05,2026-08-05T08:58:54.488904+00:00
DGS5,2023-08-11,4.31,2026-08-05,2026-08-05,2026-08-05T08:58:54.488904+00:00
DGS5,2023-08-14,4.36,2026-08-05,2026-08-05,2026-08-05T08:58:54.488904+00:00
DGS5,2023-08-15,4.36,2026-08-05,2026-08-05,2026-08-05T08:58:54.488904+00:00
DGS5,2023-08-16,4.42,2026-08-05,2026-08-05,2026-08-05T08:58:54.488904+00:00
DGS5,2023-08-17,4.42,2026-08-05,2026-08-05,2026-08-05T08:58:54.488904+00:00
DGS5,2023-08-18,4.38,2026-08-05,2026-08-05,2026-08-05T08:58:54.488904+00:00
DGS5,2023-08-21,4.46,2026-08-05,2026-08-05,2026-08-05T08:58:54.488904+00:00
DGS5,2023-08-22,4.49,2026-08-05,2026-08-05,2026-08-05T08:58:54.488904+00:00
DGS5,2023-08-23,4.36,2026-08-05,2026-08-05,2026-08-05T08:58:54.488904+00:00
DGS5,2023-08-24,4.39,2026-08-05,2026-08-05,2026-08-05T08:58:54.488904+00:00
DGS5,2023-08-25,4.44,2026-08-05,2026-08-05,2026-08-05T08:58:54.488904+00:00
DGS5,2023-08-28,4.38,2026-08-05,2026-08-05,2026-08-05T08:58:54.488904+00:00
DGS5,2023-08-29,4.26,2026-08-05,2026-08-05,2026-08-05T08:58:54.488904+00:00
DGS5,2023-08-30,4.27,2026-08-05,2026-08-05,2026-08-05T08:58:54.488904+00:00
DGS5,2023-08-31,4.23,2026-08-05,2026-08-05,2026-08-05T08:58:54.488904+00:00
DGS5,2023-09-01,4.29,2026-08-05,2026-08-05,2026-08-05T08:58:54.488904+00:00
DGS5,2023-09-04,.,2026-08-05,2026-08-05,2026-08-05T08:58:54.488904+00:00
DGS5,2023-09-05,4.37,2026-08-05,2026-08-05,2026-08-05T08:58:54.488904+00:00
DGS5,2023-09-06,4.44,2026-08-05,2026-08-05,2026-08-05T08:58:54.488904+00:00
DGS5,2023-09-07,4.38,2026-08-05,2026-08-05,2026-08-05T08:58:54.488904+00:00
DGS5,2023-09-08,4.39,2026-08-05,2026-08-05,2026-08-05T08:58:54.488904+00:00
DGS5,2023-09-11,4.40,2026-08-05,2026-08-05,2026-08-05T08:58:54.488904+00:00
DGS5,2023-09-12,4.41,2026-08-05,2026-08-05,2026-08-05T08:58:54.488904+00:00
DGS5,2023-09-13,4.39,2026-08-05,2026-08-05,2026-08-05T08:58:54.488904+00:00
DGS5,2023-09-14,4.42,2026-08-05,2026-08-05,2026-08-05T08:58:54.488904+00:00
DGS5,2023-09-15,4.45,2026-08-05,2026-08-05,2026-08-05T08:58:54.488904+00:00
DGS5,2023-09-18,4.46,2026-08-05,2026-08-05,2026-08-05T08:58:54.488904+00:00
DGS5,2023-09-19,4.51,2026-08-05,2026-08-05,2026-08-05T08:58:54.488904+00:00
DGS5,2023-09-20,4.52,2026-08-05,2026-08-05,2026-08-05T08:58:54.488904+00:00
DGS5,2023-09-21,4.61,2026-08-05,2026-08-05,2026-08-05T08:58:54.488904+00:00
DGS5,2023-09-22,4.57,2026-08-05,2026-08-05,2026-08-05T08:58:54.488904+00:00
DGS5,2023-09-25,4.62,2026-08-05,2026-08-05,2026-08-05T08:58:54.488904+00:00
DGS5,2023-09-26,4.62,2026-08-05,2026-08-05,2026-08-05T08:58:54.488904+00:00
DGS5,2023-09-27,4.67,2026-08-05,2026-08-05,2026-08-05T08:58:54.488904+00:00
DGS5,2023-09-28,4.62,2026-08-05,2026-08-05,2026-08-05T08:58:54.488904+00:00
DGS5,2023-09-29,4.60,2026-08-05,2026-08-05,2026-08-05T08:58:54.488904+00:00
DGS5,2023-10-02,4.72,2026-08-05,2026-08-05,2026-08-05T08:58:54.488904+00:00
DGS5,2023-10-03,4.80,2026-08-05,2026-08-05,2026-08-05T08:58:54.488904+00:00
DGS5,2023-10-04,4.72,2026-08-05,2026-08-05,2026-08-05T08:58:54.488904+00:00
DGS5,2023-10-05,4.68,2026-08-05,2026-08-05,2026-08-05T08:58:54.488904+00:00
DGS5,2023-10-06,4.75,2026-08-05,2026-08-05,2026-08-05T08:58:54.488904+00:00
DGS5,2023-10-09,.,2026-08-05,2026-08-05,2026-08-05T08:58:54.488904+00:00
DGS5,2023-10-10,4.62,2026-08-05,2026-08-05,2026-08-05T08:58:54.488904+00:00
DGS5,2023-10-11,4.59,2026-08-05,2026-08-05,2026-08-05T08:58:54.488904+00:00
DGS5,2023-10-12,4.69,2026-08-05,2026-08-05,2026-08-05T08:58:54.488904+00:00
DGS5,2023-10-13,4.65,2026-08-05,2026-08-05,2026-08-05T08:58:54.488904+00:00
DGS5,2023-10-16,4.72,2026-08-05,2026-08-05,2026-08-05T08:58:54.488904+00:00
DGS5,2023-10-17,4.86,2026-08-05,2026-08-05,2026-08-05T08:58:54.488904+00:00
DGS5,2023-10-18,4.92,2026-08-05,2026-08-05,2026-08-05T08:58:54.488904+00:00
DGS5,2023-10-19,4.95,2026-08-05,2026-08-05,2026-08-05T08:58:54.488904+00:00
DGS5,2023-10-20,4.86,2026-08-05,2026-08-05,2026-08-05T08:58:54.488904+00:00
DGS5,2023-10-23,4.81,2026-08-05,2026-08-05,2026-08-05T08:58:54.488904+00:00
DGS5,2023-10-24,4.82,2026-08-05,2026-08-05,2026-08-05T08:58:54.488904+00:00
DGS5,2023-10-25,4.89,2026-08-05,2026-08-05,2026-08-05T08:58:54.488904+00:00
DGS5,2023-10-26,4.79,2026-08-05,2026-08-05,2026-08-05T08:58:54.488904+00:00
DGS5,2023-10-27,4.76,2026-08-05,2026-08-05,2026-08-05T08:58:54.488904+00:00
DGS5,2023-10-30,4.80,2026-08-05,2026-08-05,2026-08-05T08:58:54.488904+00:00
DGS5,2023-10-31,4.82,2026-08-05,2026-08-05,2026-08-05T08:58:54.488904+00:00
DGS5,2023-11-01,4.67,2026-08-05,2026-08-05,2026-08-05T08:58:54.488904+00:00
DGS5,2023-11-02,4.65,2026-08-05,2026-08-05,2026-08-05T08:58:54.488904+00:00
DGS5,2023-11-03,4.49,2026-08-05,2026-08-05,2026-08-05T08:58:54.488904+00:00
DGS5,2023-11-06,4.60,2026-08-05,2026-08-05,2026-08-05T08:58:54.488904+00:00
DGS5,2023-11-07,4.53,2026-08-05,2026-08-05,2026-08-05T08:58:54.488904+00:00
DGS5,2023-11-08,4.51,2026-08-05,2026-08-05,2026-08-05T08:58:54.488904+00:00
DGS5,2023-11-09,4.65,2026-08-05,2026-08-05,2026-08-05T08:58:54.488904+00:00
DGS5,2023-11-10,4.65,2026-08-05,2026-08-05,2026-08-05T08:58:54.488904+00:00
DGS5,2023-11-13,4.66,2026-08-05,2026-08-05,2026-08-05T08:58:54.488904+00:00
DGS5,2023-11-14,4.42,2026-08-05,2026-08-05,2026-08-05T08:58:54.488904+00:00
DGS5,2023-11-15,4.52,2026-08-05,2026-08-05,2026-08-05T08:58:54.488904+00:00
DGS5,2023-11-16,4.43,2026-08-05,2026-08-05,2026-08-05T08:58:54.488904+00:00
DGS5,2023-11-17,4.45,2026-08-05,2026-08-05,2026-08-05T08:58:54.488904+00:00
DGS5,2023-11-20,4.44,2026-08-05,2026-08-05,2026-08-05T08:58:54.488904+00:00
DGS5,2023-11-21,4.41,2026-08-05,2026-08-05,2026-08-05T08:58:54.488904+00:00
DGS5,2023-11-22,4.44,2026-08-05,2026-08-05,2026-08-05T08:58:54.488904+00:00
DGS5,2023-11-23,.,2026-08-05,2026-08-05,2026-08-05T08:58:54.488904+00:00
DGS5,2023-11-24,4.49,2026-08-05,2026-08-05,2026-08-05T08:58:54.488904+00:00
DGS5,2023-11-27,4.38,2026-08-05,2026-08-05,2026-08-05T08:58:54.488904+00:00
DGS5,2023-11-28,4.29,2026-08-05,2026-08-05,2026-08-05T08:58:54.488904+00:00
DGS5,2023-11-29,4.22,2026-08-05,2026-08-05,2026-08-05T08:58:54.488904+00:00
DGS5,2023-11-30,4.31,2026-08-05,2026-08-05,2026-08-05T08:58:54.488904+00:00
DGS5,2023-12-01,4.14,2026-08-05,2026-08-05,2026-08-05T08:58:54.488904+00:00
DGS5,2023-12-04,4.23,2026-08-05,2026-08-05,2026-08-05T08:58:54.488904+00:00
DGS5,2023-12-05,4.14,2026-08-05,2026-08-05,2026-08-05T08:58:54.488904+00:00
DGS5,2023-12-06,4.12,2026-08-05,2026-08-05,2026-08-05T08:58:54.488904+00:00
DGS5,2023-12-07,4.11,2026-08-05,2026-08-05,2026-08-05T08:58:54.488904+00:00
DGS5,2023-12-08,4.24,2026-08-05,2026-08-05,2026-08-05T08:58:54.488904+00:00
DGS5,2023-12-11,4.25,2026-08-05,2026-08-05,2026-08-05T08:58:54.488904+00:00
DGS5,2023-12-12,4.23,2026-08-05,2026-08-05,2026-08-05T08:58:54.488904+00:00
DGS5,2023-12-13,4.00,2026-08-05,2026-08-05,2026-08-05T08:58:54.488904+00:00
DGS5,2023-12-14,3.90,2026-08-05,2026-08-05,2026-08-05T08:58:54.488904+00:00
DGS5,2023-12-15,3.91,2026-08-05,2026-08-05,2026-08-05T08:58:54.488904+00:00
DGS5,2023-12-18,3.94,2026-08-05,2026-08-05,2026-08-05T08:58:54.488904+00:00
DGS5,2023-12-19,3.94,2026-08-05,2026-08-05,2026-08-05T08:58:54.488904+00:00
DGS5,2023-12-20,3.86,2026-08-05,2026-08-05,2026-08-05T08:58:54.488904+00:00
DGS5,2023-12-21,3.87,2026-08-05,2026-08-05,2026-08-05T08:58:54.488904+00:00
DGS5,2023-12-22,3.87,2026-08-05,2026-08-05,2026-08-05T08:58:54.488904+00:00
DGS5,2023-12-25,.,2026-08-05,2026-08-05,2026-08-05T08:58:54.488904+00:00
DGS5,2023-12-26,3.89,2026-08-05,2026-08-05,2026-08-05T08:58:54.488904+00:00
DGS5,2023-12-27,3.78,2026-08-05,2026-08-05,2026-08-05T08:58:54.488904+00:00
DGS5,2023-12-28,3.83,2026-08-05,2026-08-05,2026-08-05T08:58:54.488904+00:00
DGS5,2023-12-29,3.84,2026-08-05,2026-08-05,2026-08-05T08:58:54.488904+00:00
DGS5,2024-01-01,.,2026-08-05,2026-08-05,2026-08-05T08:58:54.488904+00:00
DGS5,2024-01-02,3.93,2026-08-05,2026-08-05,2026-08-05T08:58:54.488904+00:00
DGS5,2024-01-03,3.90,2026-08-05,2026-08-05,2026-08-05T08:58:54.488904+00:00
DGS5,2024-01-04,3.97,2026-08-05,2026-08-05,2026-08-05T08:58:54.488904+00:00
DGS5,2024-01-05,4.02,2026-08-05,2026-08-05,2026-08-05T08:58:54.488904+00:00
DGS5,2024-01-08,3.97,2026-08-05,2026-08-05,2026-08-05T08:58:54.488904+00:00
DGS5,2024-01-09,3.97,2026-08-05,2026-08-05,2026-08-05T08:58:54.488904+00:00
DGS5,2024-01-10,3.99,2026-08-05,2026-08-05,2026-08-05T08:58:54.488904+00:00
DGS5,2024-01-11,3.90,2026-08-05,2026-08-05,2026-08-05T08:58:54.488904+00:00
DGS5,2024-01-12,3.84,2026-08-05,2026-08-05,2026-08-05T08:58:54.488904+00:00
DGS5,2024-01-15,.,2026-08-05,2026-08-05,2026-08-05T08:58:54.488904+00:00
DGS5,2024-01-16,3.95,2026-08-05,2026-08-05,2026-08-05T08:58:54.488904+00:00
DGS5,2024-01-17,4.02,2026-08-05,2026-08-05,2026-08-05T08:58:54.488904+00:00
DGS5,2024-01-18,4.04,2026-08-05,2026-08-05,2026-08-05T08:58:54.488904+00:00
DGS5,2024-01-19,4.08,2026-08-05,2026-08-05,2026-08-05T08:58:54.488904+00:00
DGS5,2024-01-22,4.03,2026-08-05,2026-08-05,2026-08-05T08:58:54.488904+00:00
DGS5,2024-01-23,4.06,2026-08-05,2026-08-05,2026-08-05T08:58:54.488904+00:00
DGS5,2024-01-24,4.06,2026-08-05,2026-08-05,2026-08-05T08:58:54.488904+00:00
DGS5,2024-01-25,4.01,2026-08-05,2026-08-05,2026-08-05T08:58:54.488904+00:00
DGS5,2024-01-26,4.04,2026-08-05,2026-08-05,2026-08-05T08:58:54.488904+00:00
DGS5,2024-01-29,3.97,2026-08-05,2026-08-05,2026-08-05T08:58:54.488904+00:00
DGS5,2024-01-30,4.00,2026-08-05,2026-08-05,2026-08-05T08:58:54.488904+00:00
DGS5,2024-01-31,3.91,2026-08-05,2026-08-05,2026-08-05T08:58:54.488904+00:00
DGS5,2024-02-01,3.80,2026-08-05,2026-08-05,2026-08-05T08:58:54.488904+00:00
DGS5,2024-02-02,3.99,2026-08-05,2026-08-05,2026-08-05T08:58:54.488904+00:00
DGS5,2024-02-05,4.13,2026-08-05,2026-08-05,2026-08-05T08:58:54.488904+00:00
DGS5,2024-02-06,4.03,2026-08-05,2026-08-05,2026-08-05T08:58:54.488904+00:00
DGS5,2024-02-07,4.06,2026-08-05,2026-08-05,2026-08-05T08:58:54.488904+00:00
DGS5,2024-02-08,4.12,2026-08-05,2026-08-05,2026-08-05T08:58:54.488904+00:00
DGS5,2024-02-09,4.14,2026-08-05,2026-08-05,2026-08-05T08:58:54.488904+00:00
DGS5,2024-02-12,4.13,2026-08-05,2026-08-05,2026-08-05T08:58:54.488904+00:00
DGS5,2024-02-13,4.31,2026-08-05,2026-08-05,2026-08-05T08:58:54.488904+00:00
DGS5,2024-02-14,4.25,2026-08-05,2026-08-05,2026-08-05T08:58:54.488904+00:00
DGS5,2024-02-15,4.22,2026-08-05,2026-08-05,2026-08-05T08:58:54.488904+00:00
DGS5,2024-02-16,4.29,2026-08-05,2026-08-05,2026-08-05T08:58:54.488904+00:00
DGS5,2024-02-19,.,2026-08-05,2026-08-05,2026-08-05T08:58:54.488904+00:00
DGS5,2024-02-20,4.25,2026-08-05,2026-08-05,2026-08-05T08:58:54.488904+00:00
DGS5,2024-02-21,4.3,2026-08-05,2026-08-05,2026-08-05T08:58:54.488904+00:00
DGS5,2024-02-22,4.33,2026-08-05,2026-08-05,2026-08-05T08:58:54.488904+00:00
DGS5,2024-02-23,4.28,2026-08-05,2026-08-05,2026-08-05T08:58:54.488904+00:00
DGS5,2024-02-26,4.29,2026-08-05,2026-08-05,2026-08-05T08:58:54.488904+00:00
DGS5,2024-02-27,4.32,2026-08-05,2026-08-05,2026-08-05T08:58:54.488904+00:00
DGS5,2024-02-28,4.26,2026-08-05,2026-08-05,2026-08-05T08:58:54.488904+00:00
DGS5,2024-02-29,4.26,2026-08-05,2026-08-05,2026-08-05T08:58:54.488904+00:00
DGS5,2024-03-01,4.17,2026-08-05,2026-08-05,2026-08-05T08:58:54.488904+00:00
DGS5,2024-03-04,4.21,2026-08-05,2026-08-05,2026-08-05T08:58:54.488904+00:00
DGS5,2024-03-05,4.13,2026-08-05,2026-08-05,2026-08-05T08:58:54.488904+00:00
DGS5,2024-03-06,4.12,2026-08-05,2026-08-05,2026-08-05T08:58:54.488904+00:00
DGS5,2024-03-07,4.07,2026-08-05,2026-08-05,2026-08-05T08:58:54.488904+00:00
DGS5,2024-03-08,4.06,2026-08-05,2026-08-05,2026-08-05T08:58:54.488904+00:00
DGS5,2024-03-11,4.08,2026-08-05,2026-08-05,2026-08-05T08:58:54.488904+00:00
DGS5,2024-03-12,4.15,2026-08-05,2026-08-05,2026-08-05T08:58:54.488904+00:00
DGS5,2024-03-13,4.19,2026-08-05,2026-08-05,2026-08-05T08:58:54.488904+00:00
DGS5,2024-03-14,4.29,2026-08-05,2026-08-05,2026-08-05T08:58:54.488904+00:00
DGS5,2024-03-15,4.33,2026-08-05,2026-08-05,2026-08-05T08:58:54.488904+00:00
DGS5,2024-03-18,4.36,2026-08-05,2026-08-05,2026-08-05T08:58:54.488904+00:00
DGS5,2024-03-19,4.31,2026-08-05,2026-08-05,2026-08-05T08:58:54.488904+00:00
DGS5,2024-03-20,4.25,2026-08-05,2026-08-05,2026-08-05T08:58:54.488904+00:00
DGS5,2024-03-21,4.26,2026-08-05,2026-08-05,2026-08-05T08:58:54.488904+00:00
DGS5,2024-03-22,4.2,2026-08-05,2026-08-05,2026-08-05T08:58:54.488904+00:00
DGS5,2024-03-25,4.23,2026-08-05,2026-08-05,2026-08-05T08:58:54.488904+00:00
DGS5,2024-03-26,4.22,2026-08-05,2026-08-05,2026-08-05T08:58:54.488904+00:00
DGS5,2024-03-27,4.18,2026-08-05,2026-08-05,2026-08-05T08:58:54.488904+00:00
DGS5,2024-03-28,4.21,2026-08-05,2026-08-05,2026-08-05T08:58:54.488904+00:00
DGS5,2024-03-29,.,2026-08-05,2026-08-05,2026-08-05T08:58:54.488904+00:00
DGS5,2024-04-01,4.34,2026-08-05,2026-08-05,2026-08-05T08:58:54.488904+00:00
DGS5,2024-04-02,4.35,2026-08-05,2026-08-05,2026-08-05T08:58:54.488904+00:00
DGS5,2024-04-03,4.34,2026-08-05,2026-08-05,2026-08-05T08:58:54.488904+00:00
DGS5,2024-04-04,4.3,2026-08-05,2026-08-05,2026-08-05T08:58:54.488904+00:00
DGS5,2024-04-05,4.38,2026-08-05,2026-08-05,2026-08-05T08:58:54.488904+00:00
DGS5,2024-04-08,4.43,2026-08-05,2026-08-05,2026-08-05T08:58:54.488904+00:00
DGS5,2024-04-09,4.37,2026-08-05,2026-08-05,2026-08-05T08:58:54.488904+00:00
DGS5,2024-04-10,4.61,2026-08-05,2026-08-05,2026-08-05T08:58:54.488904+00:00
DGS5,2024-04-11,4.61,2026-08-05,2026-08-05,2026-08-05T08:58:54.488904+00:00
DGS5,2024-04-12,4.54,2026-08-05,2026-08-05,2026-08-05T08:58:54.488904+00:00
DGS5,2024-04-15,4.65,2026-08-05,2026-08-05,2026-08-05T08:58:54.488904+00:00
DGS5,2024-04-16,4.69,2026-08-05,2026-08-05,2026-08-05T08:58:54.488904+00:00
DGS5,2024-04-17,4.62,2026-08-05,2026-08-05,2026-08-05T08:58:54.488904+00:00
DGS5,2024-04-18,4.68,2026-08-05,2026-08-05,2026-08-05T08:58:54.488904+00:00
DGS5,2024-04-19,4.66,2026-08-05,2026-08-05,2026-08-05T08:58:54.488904+00:00
DGS5,2024-04-22,4.66,2026-08-05,2026-08-05,2026-08-05T08:58:54.488904+00:00
DGS5,2024-04-23,4.63,2026-08-05,2026-08-05,2026-08-05T08:58:54.488904+00:00
DGS5,2024-04-24,4.64,2026-08-05,2026-08-05,2026-08-05T08:58:54.488904+00:00
DGS5,2024-04-25,4.7,2026-08-05,2026-08-05,2026-08-05T08:58:54.488904+00:00
DGS5,2024-04-26,4.68,2026-08-05,2026-08-05,2026-08-05T08:58:54.488904+00:00
DGS5,2024-04-29,4.65,2026-08-05,2026-08-05,2026-08-05T08:58:54.488904+00:00
DGS5,2024-04-30,4.72,2026-08-05,2026-08-05,2026-08-05T08:58:54.488904+00:00
DGS5,2024-05-01,4.64,2026-08-05,2026-08-05,2026-08-05T08:58:54.488904+00:00
DGS5,2024-05-02,4.57,2026-08-05,2026-08-05,2026-08-05T08:58:54.488904+00:00
DGS5,2024-05-03,4.48,2026-08-05,2026-08-05,2026-08-05T08:58:54.488904+00:00
DGS5,2024-05-06,4.48,2026-08-05,2026-08-05,2026-08-05T08:58:54.488904+00:00
DGS5,2024-05-07,4.48,2026-08-05,2026-08-05,2026-08-05T08:58:54.488904+00:00
DGS5,2024-05-08,4.5,2026-08-05,2026-08-05,2026-08-05T08:58:54.488904+00:00
DGS5,2024-05-09,4.47,2026-08-05,2026-08-05,2026-08-05T08:58:54.488904+00:00
DGS5,2024-05-10,4.52,2026-08-05,2026-08-05,2026-08-05T08:58:54.488904+00:00
DGS5,2024-05-13,4.5,2026-08-05,2026-08-05,2026-08-05T08:58:54.488904+00:00
DGS5,2024-05-14,4.46,2026-08-05,2026-08-05,2026-08-05T08:58:54.488904+00:00
DGS5,2024-05-15,4.35,2026-08-05,2026-08-05,2026-08-05T08:58:54.488904+00:00
DGS5,2024-05-16,4.4,2026-08-05,2026-08-05,2026-08-05T08:58:54.488904+00:00
DGS5,2024-05-17,4.44,2026-08-05,2026-08-05,2026-08-05T08:58:54.488904+00:00
DGS5,2024-05-20,4.46,2026-08-05,2026-08-05,2026-08-05T08:58:54.488904+00:00
DGS5,2024-05-21,4.43,2026-08-05,2026-08-05,2026-08-05T08:58:54.488904+00:00
DGS5,2024-05-22,4.47,2026-08-05,2026-08-05,2026-08-05T08:58:54.488904+00:00
DGS5,2024-05-23,4.52,2026-08-05,2026-08-05,2026-08-05T08:58:54.488904+00:00
DGS5,2024-05-24,4.53,2026-08-05,2026-08-05,2026-08-05T08:58:54.488904+00:00
DGS5,2024-05-27,.,2026-08-05,2026-08-05,2026-08-05T08:58:54.488904+00:00
DGS5,2024-05-28,4.56,2026-08-05,2026-08-05,2026-08-05T08:58:54.488904+00:00
DGS5,2024-05-29,4.63,2026-08-05,2026-08-05,2026-08-05T08:58:54.488904+00:00
DGS5,2024-05-30,4.57,2026-08-05,2026-08-05,2026-08-05T08:58:54.488904+00:00
DGS5,2024-05-31,4.52,2026-08-05,2026-08-05,2026-08-05T08:58:54.488904+00:00
DGS5,2024-06-03,4.42,2026-08-05,2026-08-05,2026-08-05T08:58:54.488904+00:00
DGS5,2024-06-04,4.35,2026-08-05,2026-08-05,2026-08-05T08:58:54.488904+00:00
DGS5,2024-06-05,4.31,2026-08-05,2026-08-05,2026-08-05T08:58:54.488904+00:00
DGS5,2024-06-06,4.29,2026-08-05,2026-08-05,2026-08-05T08:58:54.488904+00:00
DGS5,2024-06-07,4.46,2026-08-05,2026-08-05,2026-08-05T08:58:54.488904+00:00
DGS5,2024-06-10,4.48,2026-08-05,2026-08-05,2026-08-05T08:58:54.488904+00:00
DGS5,2024-06-11,4.41,2026-08-05,2026-08-05,2026-08-05T08:58:54.488904+00:00
DGS5,2024-06-12,4.32,2026-08-05,2026-08-05,2026-08-05T08:58:54.488904+00:00
DGS5,2024-06-13,4.24,2026-08-05,2026-08-05,2026-08-05T08:58:54.488904+00:00
DGS5,2024-06-14,4.22,2026-08-05,2026-08-05,2026-08-05T08:58:54.488904+00:00
DGS5,2024-06-17,4.3,2026-08-05,2026-08-05,2026-08-05T08:58:54.488904+00:00
DGS5,2024-06-18,4.24,2026-08-05,2026-08-05,2026-08-05T08:58:54.488904+00:00
DGS5,2024-06-19,.,2026-08-05,2026-08-05,2026-08-05T08:58:54.488904+00:00
DGS5,2024-06-20,4.26,2026-08-05,2026-08-05,2026-08-05T08:58:54.488904+00:00
DGS5,2024-06-21,4.26,2026-08-05,2026-08-05,2026-08-05T08:58:54.488904+00:00
DGS5,2024-06-24,4.27,2026-08-05,2026-08-05,2026-08-05T08:58:54.488904+00:00
DGS5,2024-06-25,4.25,2026-08-05,2026-08-05,2026-08-05T08:58:54.488904+00:00
DGS5,2024-06-26,4.32,2026-08-05,2026-08-05,2026-08-05T08:58:54.488904+00:00
DGS5,2024-06-27,4.29,2026-08-05,2026-08-05,2026-08-05T08:58:54.488904+00:00
DGS5,2024-06-28,4.33,2026-08-05,2026-08-05,2026-08-05T08:58:54.488904+00:00
DGS5,2024-07-01,4.44,2026-08-05,2026-08-05,2026-08-05T08:58:54.488904+00:00
DGS5,2024-07-02,4.39,2026-08-05,2026-08-05,2026-08-05T08:58:54.488904+00:00
DGS5,2024-07-03,4.33,2026-08-05,2026-08-05,2026-08-05T08:58:54.488904+00:00
DGS5,2024-07-04,.,2026-08-05,2026-08-05,2026-08-05T08:58:54.488904+00:00
DGS5,2024-07-05,4.22,2026-08-05,2026-08-05,2026-08-05T08:58:54.488904+00:00
DGS5,2024-07-08,4.23,2026-08-05,2026-08-05,2026-08-05T08:58:54.488904+00:00
DGS5,2024-07-09,4.24,2026-08-05,2026-08-05,2026-08-05T08:58:54.488904+00:00
DGS5,2024-07-10,4.24,2026-08-05,2026-08-05,2026-08-05T08:58:54.488904+00:00
DGS5,2024-07-11,4.13,2026-08-05,2026-08-05,2026-08-05T08:58:54.488904+00:00
DGS5,2024-07-12,4.1,2026-08-05,2026-08-05,2026-08-05T08:58:54.488904+00:00
DGS5,2024-07-15,4.13,2026-08-05,2026-08-05,2026-08-05T08:58:54.488904+00:00
DGS5,2024-07-16,4.09,2026-08-05,2026-08-05,2026-08-05T08:58:54.488904+00:00
DGS5,2024-07-17,4.07,2026-08-05,2026-08-05,2026-08-05T08:58:54.488904+00:00
DGS5,2024-07-18,4.11,2026-08-05,2026-08-05,2026-08-05T08:58:54.488904+00:00
DGS5,2024-07-19,4.16,2026-08-05,2026-08-05,2026-08-05T08:58:54.488904+00:00
DGS5,2024-07-22,4.17,2026-08-05,2026-08-05,2026-08-05T08:58:54.488904+00:00
DGS5,2024-07-23,4.15,2026-08-05,2026-08-05,2026-08-05T08:58:54.488904+00:00
DGS5,2024-07-24,4.12,2026-08-05,2026-08-05,2026-08-05T08:58:54.488904+00:00
DGS5,2024-07-25,4.13,2026-08-05,2026-08-05,2026-08-05T08:58:54.488904+00:00
DGS5,2024-07-26,4.06,2026-08-05,2026-08-05,2026-08-05T08:58:54.488904+00:00
DGS5,2024-07-29,4.05,2026-08-05,2026-08-05,2026-08-05T08:58:54.488904+00:00
DGS5,2024-07-30,4.03,2026-08-05,2026-08-05,2026-08-05T08:58:54.488904+00:00
DGS5,2024-07-31,3.97,2026-08-05,2026-08-05,2026-08-05T08:58:54.488904+00:00
DGS5,2024-08-01,3.84,2026-08-05,2026-08-05,2026-08-05T08:58:54.488904+00:00
DGS5,2024-08-02,3.62,2026-08-05,2026-08-05,2026-08-05T08:58:54.488904+00:00
DGS5,2024-08-05,3.62,2026-08-05,2026-08-05,2026-08-05T08:58:54.488904+00:00
DGS5,2024-08-06,3.73,2026-08-05,2026-08-05,2026-08-05T08:58:54.488904+00:00
DGS5,2024-08-07,3.79,2026-08-05,2026-08-05,2026-08-05T08:58:54.488904+00:00
DGS5,2024-08-08,3.83,2026-08-05,2026-08-05,2026-08-05T08:58:54.488904+00:00
DGS5,2024-08-09,3.8,2026-08-05,2026-08-05,2026-08-05T08:58:54.488904+00:00
DGS5,2024-08-12,3.75,2026-08-05,2026-08-05,2026-08-05T08:58:54.488904+00:00
DGS5,2024-08-13,3.68,2026-08-05,2026-08-05,2026-08-05T08:58:54.488904+00:00
DGS5,2024-08-14,3.67,2026-08-05,2026-08-05,2026-08-05T08:58:54.488904+00:00
DGS5,2024-08-15,3.79,2026-08-05,2026-08-05,2026-08-05T08:58:54.488904+00:00
DGS5,2024-08-16,3.77,2026-08-05,2026-08-05,2026-08-05T08:58:54.488904+00:00
DGS5,2024-08-19,3.75,2026-08-05,2026-08-05,2026-08-05T08:58:54.488904+00:00
DGS5,2024-08-20,3.7,2026-08-05,2026-08-05,2026-08-05T08:58:54.488904+00:00
DGS5,2024-08-21,3.64,2026-08-05,2026-08-05,2026-08-05T08:58:54.488904+00:00
DGS5,2024-08-22,3.72,2026-08-05,2026-08-05,2026-08-05T08:58:54.488904+00:00
DGS5,2024-08-23,3.65,2026-08-05,2026-08-05,2026-08-05T08:58:54.488904+00:00
DGS5,2024-08-26,3.66,2026-08-05,2026-08-05,2026-08-05T08:58:54.488904+00:00
DGS5,2024-08-27,3.66,2026-08-05,2026-08-05,2026-08-05T08:58:54.488904+00:00
DGS5,2024-08-28,3.63,2026-08-05,2026-08-05,2026-08-05T08:58:54.488904+00:00
DGS5,2024-08-29,3.66,2026-08-05,2026-08-05,2026-08-05T08:58:54.488904+00:00
DGS5,2024-08-30,3.71,2026-08-05,2026-08-05,2026-08-05T08:58:54.488904+00:00
DGS5,2024-09-02,.,2026-08-05,2026-08-05,2026-08-05T08:58:54.488904+00:00
DGS5,2024-09-03,3.65,2026-08-05,2026-08-05,2026-08-05T08:58:54.488904+00:00
DGS5,2024-09-04,3.56,2026-08-05,2026-08-05,2026-08-05T08:58:54.488904+00:00
DGS5,2024-09-05,3.54,2026-08-05,2026-08-05,2026-08-05T08:58:54.488904+00:00
DGS5,2024-09-06,3.5,2026-08-05,2026-08-05,2026-08-05T08:58:54.488904+00:00
DGS5,2024-09-09,3.49,2026-08-05,2026-08-05,2026-08-05T08:58:54.488904+00:00
DGS5,2024-09-10,3.43,2026-08-05,2026-08-05,2026-08-05T08:58:54.488904+00:00
DGS5,2024-09-11,3.45,2026-08-05,2026-08-05,2026-08-05T08:58:54.488904+00:00
DGS5,2024-09-12,3.47,2026-08-05,2026-08-05,2026-08-05T08:58:54.488904+00:00
DGS5,2024-09-13,3.43,2026-08-05,2026-08-05,2026-08-05T08:58:54.488904+00:00
DGS5,2024-09-16,3.41,2026-08-05,2026-08-05,2026-08-05T08:58:54.488904+00:00
DGS5,2024-09-17,3.44,2026-08-05,2026-08-05,2026-08-05T08:58:54.488904+00:00
DGS5,2024-09-18,3.47,2026-08-05,2026-08-05,2026-08-05T08:58:54.488904+00:00
DGS5,2024-09-19,3.49,2026-08-05,2026-08-05,2026-08-05T08:58:54.488904+00:00
DGS5,2024-09-20,3.48,2026-08-05,2026-08-05,2026-08-05T08:58:54.488904+00:00
DGS5,2024-09-23,3.51,2026-08-05,2026-08-05,2026-08-05T08:58:54.488904+00:00
DGS5,2024-09-24,3.47,2026-08-05,2026-08-05,2026-08-05T08:58:54.488904+00:00
DGS5,2024-09-25,3.52,2026-08-05,2026-08-05,2026-08-05T08:58:54.488904+00:00
DGS5,2024-09-26,3.55,2026-08-05,2026-08-05,2026-08-05T08:58:54.488904+00:00
DGS5,2024-09-27,3.5,2026-08-05,2026-08-05,2026-08-05T08:58:54.488904+00:00
DGS5,2024-09-30,3.58,2026-08-05,2026-08-05,2026-08-05T08:58:54.488904+00:00
DGS5,2024-10-01,3.51,2026-08-05,2026-08-05,2026-08-05T08:58:54.488904+00:00
DGS5,2024-10-02,3.55,2026-08-05,2026-08-05,2026-08-05T08:58:54.488904+00:00
DGS5,2024-10-03,3.62,2026-08-05,2026-08-05,2026-08-05T08:58:54.488904+00:00
DGS5,2024-10-04,3.81,2026-08-05,2026-08-05,2026-08-05T08:58:54.488904+00:00
DGS5,2024-10-07,3.86,2026-08-05,2026-08-05,2026-08-05T08:58:54.488904+00:00
DGS5,2024-10-08,3.86,2026-08-05,2026-08-05,2026-08-05T08:58:54.488904+00:00
DGS5,2024-10-09,3.91,2026-08-05,2026-08-05,2026-08-05T08:58:54.488904+00:00
DGS5,2024-10-10,3.91,2026-08-05,2026-08-05,2026-08-05T08:58:54.488904+00:00
DGS5,2024-10-11,3.88,2026-08-05,2026-08-05,2026-08-05T08:58:54.488904+00:00
DGS5,2024-10-14,.,2026-08-05,2026-08-05,2026-08-05T08:58:54.488904+00:00
DGS5,2024-10-15,3.86,2026-08-05,2026-08-05,2026-08-05T08:58:54.488904+00:00
DGS5,2024-10-16,3.84,2026-08-05,2026-08-05,2026-08-05T08:58:54.488904+00:00
DGS5,2024-10-17,3.9,2026-08-05,2026-08-05,2026-08-05T08:58:54.488904+00:00
DGS5,2024-10-18,3.88,2026-08-05,2026-08-05,2026-08-05T08:58:54.488904+00:00
DGS5,2024-10-21,3.98,2026-08-05,2026-08-05,2026-08-05T08:58:54.488904+00:00
DGS5,2024-10-22,4.0,2026-08-05,2026-08-05,2026-08-05T08:58:54.488904+00:00
DGS5,2024-10-23,4.05,2026-08-05,2026-08-05,2026-08-05T08:58:54.488904+00:00
DGS5,2024-10-24,4.03,2026-08-05,2026-08-05,2026-08-05T08:58:54.488904+00:00
DGS5,2024-10-25,4.07,2026-08-05,2026-08-05,2026-08-05T08:58:54.488904+00:00
DGS5,2024-10-28,4.11,2026-08-05,2026-08-05,2026-08-05T08:58:54.488904+00:00
DGS5,2024-10-29,4.11,2026-08-05,2026-08-05,2026-08-05T08:58:54.488904+00:00
DGS5,2024-10-30,4.14,2026-08-05,2026-08-05,2026-08-05T08:58:54.488904+00:00
DGS5,2024-10-31,4.15,2026-08-05,2026-08-05,2026-08-05T08:58:54.488904+00:00
DGS5,2024-11-01,4.22,2026-08-05,2026-08-05,2026-08-05T08:58:54.488904+00:00
DGS5,2024-11-04,4.17,2026-08-05,2026-08-05,2026-08-05T08:58:54.488904+00:00
DGS5,2024-11-05,4.16,2026-08-05,2026-08-05,2026-08-05T08:58:54.488904+00:00
DGS5,2024-11-06,4.27,2026-08-05,2026-08-05,2026-08-05T08:58:54.488904+00:00
DGS5,2024-11-07,4.17,2026-08-05,2026-08-05,2026-08-05T08:58:54.488904+00:00
DGS5,2024-11-08,4.2,2026-08-05,2026-08-05,2026-08-05T08:58:54.488904+00:00
DGS5,2024-11-11,.,2026-08-05,2026-08-05,2026-08-05T08:58:54.488904+00:00
DGS5,2024-11-12,4.32,2026-08-05,2026-08-05,2026-08-05T08:58:54.488904+00:00
DGS5,2024-11-13,4.3,2026-08-05,2026-08-05,2026-08-05T08:58:54.488904+00:00
DGS5,2024-11-14,4.32,2026-08-05,2026-08-05,2026-08-05T08:58:54.488904+00:00
DGS5,2024-11-15,4.3,2026-08-05,2026-08-05,2026-08-05T08:58:54.488904+00:00
DGS5,2024-11-18,4.28,2026-08-05,2026-08-05,2026-08-05T08:58:54.488904+00:00
DGS5,2024-11-19,4.25,2026-08-05,2026-08-05,2026-08-05T08:58:54.488904+00:00
DGS5,2024-11-20,4.28,2026-08-05,2026-08-05,2026-08-05T08:58:54.488904+00:00
DGS5,2024-11-21,4.3,2026-08-05,2026-08-05,2026-08-05T08:58:54.488904+00:00
DGS5,2024-11-22,4.3,2026-08-05,2026-08-05,2026-08-05T08:58:54.488904+00:00
DGS5,2024-11-25,4.17,2026-08-05,2026-08-05,2026-08-05T08:58:54.488904+00:00
DGS5,2024-11-26,4.17,2026-08-05,2026-08-05,2026-08-05T08:58:54.488904+00:00
DGS5,2024-11-27,4.11,2026-08-05,2026-08-05,2026-08-05T08:58:54.488904+00:00
DGS5,2024-11-28,.,2026-08-05,2026-08-05,2026-08-05T08:58:54.488904+00:00
DGS5,2024-11-29,4.05,2026-08-05,2026-08-05,2026-08-05T08:58:54.488904+00:00
DGS5,2024-12-02,4.08,2026-08-05,2026-08-05,2026-08-05T08:58:54.488904+00:00
DGS5,2024-12-03,4.11,2026-08-05,2026-08-05,2026-08-05T08:58:54.488904+00:00
DGS5,2024-12-04,4.07,2026-08-05,2026-08-05,2026-08-05T08:58:54.488904+00:00
DGS5,2024-12-05,4.07,2026-08-05,2026-08-05,2026-08-05T08:58:54.488904+00:00
DGS5,2024-12-06,4.03,2026-08-05,2026-08-05,2026-08-05T08:58:54.488904+00:00
DGS5,2024-12-09,4.07,2026-08-05,2026-08-05,2026-08-05T08:58:54.488904+00:00
DGS5,2024-12-10,4.09,2026-08-05,2026-08-05,2026-08-05T08:58:54.488904+00:00
DGS5,2024-12-11,4.13,2026-08-05,2026-08-05,2026-08-05T08:58:54.488904+00:00
DGS5,2024-12-12,4.18,2026-08-05,2026-08-05,2026-08-05T08:58:54.488904+00:00
DGS5,2024-12-13,4.25,2026-08-05,2026-08-05,2026-08-05T08:58:54.488904+00:00
DGS5,2024-12-16,4.25,2026-08-05,2026-08-05,2026-08-05T08:58:54.488904+00:00
DGS5,2024-12-17,4.26,2026-08-05,2026-08-05,2026-08-05T08:58:54.488904+00:00
DGS5,2024-12-18,4.4,2026-08-05,2026-08-05,2026-08-05T08:58:54.488904+00:00
DGS5,2024-12-19,4.43,2026-08-05,2026-08-05,2026-08-05T08:58:54.488904+00:00
DGS5,2024-12-20,4.37,2026-08-05,2026-08-05,2026-08-05T08:58:54.488904+00:00
DGS5,2024-12-23,4.44,2026-08-05,2026-08-05,2026-08-05T08:58:54.488904+00:00
DGS5,2024-12-24,4.43,2026-08-05,2026-08-05,2026-08-05T08:58:54.488904+00:00
DGS5,2024-12-25,.,2026-08-05,2026-08-05,2026-08-05T08:58:54.488904+00:00
DGS5,2024-12-26,4.42,2026-08-05,2026-08-05,2026-08-05T08:58:54.488904+00:00
DGS5,2024-12-27,4.45,2026-08-05,2026-08-05,2026-08-05T08:58:54.488904+00:00
DGS5,2024-12-30,4.37,2026-08-05,2026-08-05,2026-08-05T08:58:54.488904+00:00
DGS5,2024-12-31,4.38,2026-08-05,2026-08-05,2026-08-05T08:58:54.488904+00:00
DGS5,2025-01-01,.,2026-08-05,2026-08-05,2026-08-05T08:58:54.488904+00:00
DGS5,2025-01-02,4.38,2026-08-05,2026-08-05,2026-08-05T08:58:54.488904+00:00
DGS5,2025-01-03,4.41,2026-08-05,2026-08-05,2026-08-05T08:58:54.488904+00:00
DGS5,2025-01-06,4.42,2026-08-05,2026-08-05,2026-08-05T08:58:54.488904+00:00
DGS5,2025-01-07,4.46,2026-08-05,2026-08-05,2026-08-05T08:58:54.488904+00:00
DGS5,2025-01-08,4.45,2026-08-05,2026-08-05,2026-08-05T08:58:54.488904+00:00
DGS5,2025-01-09,4.46,2026-08-05,2026-08-05,2026-08-05T08:58:54.488904+00:00
DGS5,2025-01-10,4.59,2026-08-05,2026-08-05,2026-08-05T08:58:54.488904+00:00
DGS5,2025-01-13,4.61,2026-08-05,2026-08-05,2026-08-05T08:58:54.488904+00:00
DGS5,2025-01-14,4.59,2026-08-05,2026-08-05,2026-08-05T08:58:54.488904+00:00
DGS5,2025-01-15,4.45,2026-08-05,2026-08-05,2026-08-05T08:58:54.488904+00:00
DGS5,2025-01-16,4.39,2026-08-05,2026-08-05,2026-08-05T08:58:54.488904+00:00
DGS5,2025-01-17,4.42,2026-08-05,2026-08-05,2026-08-05T08:58:54.488904+00:00
DGS5,2025-01-20,.,2026-08-05,2026-08-05,2026-08-05T08:58:54.488904+00:00
DGS5,2025-01-21,4.4,2026-08-05,2026-08-05,2026-08-05T08:58:54.488904+00:00
DGS5,2025-01-22,4.43,2026-08-05,2026-08-05,2026-08-05T08:58:54.488904+00:00
DGS5,2025-01-23,4.45,2026-08-05,2026-08-05,2026-08-05T08:58:54.488904+00:00
DGS5,2025-01-24,4.43,2026-08-05,2026-08-05,2026-08-05T08:58:54.488904+00:00
DGS5,2025-01-27,4.32,2026-08-05,2026-08-05,2026-08-05T08:58:54.488904+00:00
DGS5,2025-01-28,4.33,2026-08-05,2026-08-05,2026-08-05T08:58:54.488904+00:00
DGS5,2025-01-29,4.35,2026-08-05,2026-08-05,2026-08-05T08:58:54.488904+00:00
DGS5,2025-01-30,4.31,2026-08-05,2026-08-05,2026-08-05T08:58:54.488904+00:00
DGS5,2025-01-31,4.36,2026-08-05,2026-08-05,2026-08-05T08:58:54.488904+00:00
DGS5,2025-02-03,4.35,2026-08-05,2026-08-05,2026-08-05T08:58:54.488904+00:00
DGS5,2025-02-04,4.31,2026-08-05,2026-08-05,2026-08-05T08:58:54.488904+00:00
DGS5,2025-02-05,4.24,2026-08-05,2026-08-05,2026-08-05T08:58:54.488904+00:00
DGS5,2025-02-06,4.28,2026-08-05,2026-08-05,2026-08-05T08:58:54.488904+00:00
DGS5,2025-02-07,4.34,2026-08-05,2026-08-05,2026-08-05T08:58:54.488904+00:00
DGS5,2025-02-10,4.34,2026-08-05,2026-08-05,2026-08-05T08:58:54.488904+00:00
DGS5,2025-02-11,4.37,2026-08-05,2026-08-05,2026-08-05T08:58:54.488904+00:00
DGS5,2025-02-12,4.48,2026-08-05,2026-08-05,2026-08-05T08:58:54.488904+00:00
DGS5,2025-02-13,4.39,2026-08-05,2026-08-05,2026-08-05T08:58:54.488904+00:00
DGS5,2025-02-14,4.33,2026-08-05,2026-08-05,2026-08-05T08:58:54.488904+00:00
DGS5,2025-02-17,.,2026-08-05,2026-08-05,2026-08-05T08:58:54.488904+00:00
DGS5,2025-02-18,4.4,2026-08-05,2026-08-05,2026-08-05T08:58:54.488904+00:00
DGS5,2025-02-19,4.37,2026-08-05,2026-08-05,2026-08-05T08:58:54.488904+00:00
DGS5,2025-02-20,4.34,2026-08-05,2026-08-05,2026-08-05T08:58:54.488904+00:00
DGS5,2025-02-21,4.26,2026-08-05,2026-08-05,2026-08-05T08:58:54.488904+00:00
DGS5,2025-02-24,4.23,2026-08-05,2026-08-05,2026-08-05T08:58:54.488904+00:00
DGS5,2025-02-25,4.12,2026-08-05,2026-08-05,2026-08-05T08:58:54.488904+00:00
DGS5,2025-02-26,4.06,2026-08-05,2026-08-05,2026-08-05T08:58:54.488904+00:00
DGS5,2025-02-27,4.09,2026-08-05,2026-08-05,2026-08-05T08:58:54.488904+00:00
DGS5,2025-02-28,4.03,2026-08-05,2026-08-05,2026-08-05T08:58:54.488904+00:00
DGS5,2025-03-03,3.97,2026-08-05,2026-08-05,2026-08-05T08:58:54.488904+00:00
DGS5,2025-03-04,4.01,2026-08-05,2026-08-05,2026-08-05T08:58:54.488904+00:00
DGS5,2025-03-05,4.08,2026-08-05,2026-08-05,2026-08-05T08:58:54.488904+00:00
DGS5,2025-03-06,4.06,2026-08-05,2026-08-05,2026-08-05T08:58:54.488904+00:00
DGS5,2025-03-07,4.09,2026-08-05,2026-08-05,2026-08-05T08:58:54.488904+00:00
DGS5,2025-03-10,3.98,2026-08-05,2026-08-05,2026-08-05T08:58:54.488904+00:00
DGS5,2025-03-11,4.03,2026-08-05,2026-08-05,2026-08-05T08:58:54.488904+00:00
DGS5,2025-03-12,4.09,2026-08-05,2026-08-05,2026-08-05T08:58:54.488904+00:00
DGS5,2025-03-13,4.02,2026-08-05,2026-08-05,2026-08-05T08:58:54.488904+00:00
DGS5,2025-03-14,4.09,2026-08-05,2026-08-05,2026-08-05T08:58:54.488904+00:00
DGS5,2025-03-17,4.11,2026-08-05,2026-08-05,2026-08-05T08:58:54.488904+00:00
DGS5,2025-03-18,4.07,2026-08-05,2026-08-05,2026-08-05T08:58:54.488904+00:00
DGS5,2025-03-19,4.03,2026-08-05,2026-08-05,2026-08-05T08:58:54.488904+00:00
DGS5,2025-03-20,4.01,2026-08-05,2026-08-05,2026-08-05T08:58:54.488904+00:00
DGS5,2025-03-21,4.0,2026-08-05,2026-08-05,2026-08-05T08:58:54.488904+00:00
DGS5,2025-03-24,4.09,2026-08-05,2026-08-05,2026-08-05T08:58:54.488904+00:00
DGS5,2025-03-25,4.07,2026-08-05,2026-08-05,2026-08-05T08:58:54.488904+00:00
DGS5,2025-03-26,4.08,2026-08-05,2026-08-05,2026-08-05T08:58:54.488904+00:00
DGS5,2025-03-27,4.09,2026-08-05,2026-08-05,2026-08-05T08:58:54.488904+00:00
DGS5,2025-03-28,3.98,2026-08-05,2026-08-05,2026-08-05T08:58:54.488904+00:00
DGS5,2025-03-31,3.96,2026-08-05,2026-08-05,2026-08-05T08:58:54.488904+00:00
DGS5,2025-04-01,3.91,2026-08-05,2026-08-05,2026-08-05T08:58:54.488904+00:00
DGS5,2025-04-02,3.95,2026-08-05,2026-08-05,2026-08-05T08:58:54.488904+00:00
DGS5,2025-04-03,3.75,2026-08-05,2026-08-05,2026-08-05T08:58:54.488904+00:00
DGS5,2025-04-04,3.72,2026-08-05,2026-08-05,2026-08-05T08:58:54.488904+00:00
DGS5,2025-04-07,3.82,2026-08-05,2026-08-05,2026-08-05T08:58:54.488904+00:00
DGS5,2025-04-08,3.88,2026-08-05,2026-08-05,2026-08-05T08:58:54.488904+00:00
DGS5,2025-04-09,4.06,2026-08-05,2026-08-05,2026-08-05T08:58:54.488904+00:00
DGS5,2025-04-10,4.04,2026-08-05,2026-08-05,2026-08-05T08:58:54.488904+00:00
DGS5,2025-04-11,4.15,2026-08-05,2026-08-05,2026-08-05T08:58:54.488904+00:00
DGS5,2025-04-14,4.02,2026-08-05,2026-08-05,2026-08-05T08:58:54.488904+00:00
DGS5,2025-04-15,3.98,2026-08-05,2026-08-05,2026-08-05T08:58:54.488904+00:00
DGS5,2025-04-16,3.91,2026-08-05,2026-08-05,2026-08-05T08:58:54.488904+00:00
DGS5,2025-04-17,3.95,2026-08-05,2026-08-05,2026-08-05T08:58:54.488904+00:00
DGS5,2025-04-18,.,2026-08-05,2026-08-05,2026-08-05T08:58:54.488904+00:00
DGS5,2025-04-21,3.97,2026-08-05,2026-08-05,2026-08-05T08:58:54.488904+00:00
DGS5,2025-04-22,3.98,2026-08-05,2026-08-05,2026-08-05T08:58:54.488904+00:00
DGS5,2025-04-23,4.0,2026-08-05,2026-08-05,2026-08-05T08:58:54.488904+00:00
DGS5,2025-04-24,3.91,2026-08-05,2026-08-05,2026-08-05T08:58:54.488904+00:00
DGS5,2025-04-25,3.88,2026-08-05,2026-08-05,2026-08-05T08:58:54.488904+00:00
DGS5,2025-04-28,3.81,2026-08-05,2026-08-05,2026-08-05T08:58:54.488904+00:00
DGS5,2025-04-29,3.77,2026-08-05,2026-08-05,2026-08-05T08:58:54.488904+00:00
DGS5,2025-04-30,3.72,2026-08-05,2026-08-05,2026-08-05T08:58:54.488904+00:00
DGS5,2025-05-01,3.81,2026-08-05,2026-08-05,2026-08-05T08:58:54.488904+00:00
DGS5,2025-05-02,3.92,2026-08-05,2026-08-05,2026-08-05T08:58:54.488904+00:00
DGS5,2025-05-05,3.95,2026-08-05,2026-08-05,2026-08-05T08:58:54.488904+00:00
DGS5,2025-05-06,3.9,2026-08-05,2026-08-05,2026-08-05T08:58:54.488904+00:00
DGS5,2025-05-07,3.87,2026-08-05,2026-08-05,2026-08-05T08:58:54.488904+00:00
DGS5,2025-05-08,4.0,2026-08-05,2026-08-05,2026-08-05T08:58:54.488904+00:00
DGS5,2025-05-09,4.0,2026-08-05,2026-08-05,2026-08-05T08:58:54.488904+00:00
DGS5,2025-05-12,4.09,2026-08-05,2026-08-05,2026-08-05T08:58:54.488904+00:00
DGS5,2025-05-13,4.12,2026-08-05,2026-08-05,2026-08-05T08:58:54.488904+00:00
DGS5,2025-05-14,4.17,2026-08-05,2026-08-05,2026-08-05T08:58:54.488904+00:00
DGS5,2025-05-15,4.07,2026-08-05,2026-08-05,2026-08-05T08:58:54.488904+00:00
DGS5,2025-05-16,4.06,2026-08-05,2026-08-05,2026-08-05T08:58:54.488904+00:00
DGS5,2025-05-19,4.07,2026-08-05,2026-08-05,2026-08-05T08:58:54.488904+00:00
DGS5,2025-05-20,4.07,2026-08-05,2026-08-05,2026-08-05T08:58:54.488904+00:00
DGS5,2025-05-21,4.15,2026-08-05,2026-08-05,2026-08-05T08:58:54.488904+00:00
DGS5,2025-05-22,4.11,2026-08-05,2026-08-05,2026-08-05T08:58:54.488904+00:00
DGS5,2025-05-23,4.08,2026-08-05,2026-08-05,2026-08-05T08:58:54.488904+00:00
DGS5,2025-05-26,.,2026-08-05,2026-08-05,2026-08-05T08:58:54.488904+00:00
DGS5,2025-05-27,4.04,2026-08-05,2026-08-05,2026-08-05T08:58:54.488904+00:00
DGS5,2025-05-28,4.05,2026-08-05,2026-08-05,2026-08-05T08:58:54.488904+00:00
DGS5,2025-05-29,4.0,2026-08-05,2026-08-05,2026-08-05T08:58:54.488904+00:00
DGS5,2025-05-30,3.96,2026-08-05,2026-08-05,2026-08-05T08:58:54.488904+00:00
DGS5,2025-06-02,4.01,2026-08-05,2026-08-05,2026-08-05T08:58:54.488904+00:00
DGS5,2025-06-03,4.04,2026-08-05,2026-08-05,2026-08-05T08:58:54.488904+00:00
DGS5,2025-06-04,3.93,2026-08-05,2026-08-05,2026-08-05T08:58:54.488904+00:00
DGS5,2025-06-05,3.99,2026-08-05,2026-08-05,2026-08-05T08:58:54.488904+00:00
DGS5,2025-06-06,4.13,2026-08-05,2026-08-05,2026-08-05T08:58:54.488904+00:00
DGS5,2025-06-09,4.09,2026-08-05,2026-08-05,2026-08-05T08:58:54.488904+00:00
DGS5,2025-06-10,4.08,2026-08-05,2026-08-05,2026-08-05T08:58:54.488904+00:00
DGS5,2025-06-11,4.02,2026-08-05,2026-08-05,2026-08-05T08:58:54.488904+00:00
DGS5,2025-06-12,3.97,2026-08-05,2026-08-05,2026-08-05T08:58:54.488904+00:00
DGS5,2025-06-13,4.02,2026-08-05,2026-08-05,2026-08-05T08:58:54.488904+00:00
DGS5,2025-06-16,4.04,2026-08-05,2026-08-05,2026-08-05T08:58:54.488904+00:00
DGS5,2025-06-17,3.99,2026-08-05,2026-08-05,2026-08-05T08:58:54.488904+00:00
DGS5,2025-06-18,3.98,2026-08-05,2026-08-05,2026-08-05T08:58:54.488904+00:00
DGS5,2025-06-19,.,2026-08-05,2026-08-05,2026-08-05T08:58:54.488904+00:00
DGS5,2025-06-20,3.96,2026-08-05,2026-08-05,2026-08-05T08:58:54.488904+00:00
DGS5,2025-06-23,3.91,2026-08-05,2026-08-05,2026-08-05T08:58:54.488904+00:00
DGS5,2025-06-24,3.86,2026-08-05,2026-08-05,2026-08-05T08:58:54.488904+00:00
DGS5,2025-06-25,3.83,2026-08-05,2026-08-05,2026-08-05T08:58:54.488904+00:00
DGS5,2025-06-26,3.79,2026-08-05,2026-08-05,2026-08-05T08:58:54.488904+00:00
DGS5,2025-06-27,3.83,2026-08-05,2026-08-05,2026-08-05T08:58:54.488904+00:00
DGS5,2025-06-30,3.79,2026-08-05,2026-08-05,2026-08-05T08:58:54.488904+00:00
DGS5,2025-07-01,3.84,2026-08-05,2026-08-05,2026-08-05T08:58:54.488904+00:00
DGS5,2025-07-02,3.87,2026-08-05,2026-08-05,2026-08-05T08:58:54.488904+00:00
DGS5,2025-07-03,3.94,2026-08-05,2026-08-05,2026-08-05T08:58:54.488904+00:00
DGS5,2025-07-04,.,2026-08-05,2026-08-05,2026-08-05T08:58:54.488904+00:00
DGS5,2025-07-07,3.96,2026-08-05,2026-08-05,2026-08-05T08:58:54.488904+00:00
DGS5,2025-07-08,3.99,2026-08-05,2026-08-05,2026-08-05T08:58:54.488904+00:00
DGS5,2025-07-09,3.92,2026-08-05,2026-08-05,2026-08-05T08:58:54.488904+00:00
DGS5,2025-07-10,3.93,2026-08-05,2026-08-05,2026-08-05T08:58:54.488904+00:00
DGS5,2025-07-11,3.99,2026-08-05,2026-08-05,2026-08-05T08:58:54.488904+00:00
DGS5,2025-07-14,3.98,2026-08-05,2026-08-05,2026-08-05T08:58:54.488904+00:00
DGS5,2025-07-15,4.05,2026-08-05,2026-08-05,2026-08-05T08:58:54.488904+00:00
DGS5,2025-07-16,3.99,2026-08-05,2026-08-05,2026-08-05T08:58:54.488904+00:00
DGS5,2025-07-17,4.01,2026-08-05,2026-08-05,2026-08-05T08:58:54.488904+00:00
DGS5,2025-07-18,3.96,2026-08-05,2026-08-05,2026-08-05T08:58:54.488904+00:00
DGS5,2025-07-21,3.91,2026-08-05,2026-08-05,2026-08-05T08:58:54.488904+00:00
DGS5,2025-07-22,3.88,2026-08-05,2026-08-05,2026-08-05T08:58:54.488904+00:00
DGS5,2025-07-23,3.94,2026-08-05,2026-08-05,2026-08-05T08:58:54.488904+00:00
DGS5,2025-07-24,3.98,2026-08-05,2026-08-05,2026-08-05T08:58:54.488904+00:00
DGS5,2025-07-25,3.95,2026-08-05,2026-08-05,2026-08-05T08:58:54.488904+00:00
DGS5,2025-07-28,3.96,2026-08-05,2026-08-05,2026-08-05T08:58:54.488904+00:00
DGS5,2025-07-29,3.9,2026-08-05,2026-08-05,2026-08-05T08:58:54.488904+00:00
DGS5,2025-07-30,3.96,2026-08-05,2026-08-05,2026-08-05T08:58:54.488904+00:00
DGS5,2025-07-31,3.96,2026-08-05,2026-08-05,2026-08-05T08:58:54.488904+00:00
DGS5,2025-08-01,3.77,2026-08-05,2026-08-05,2026-08-05T08:58:54.488904+00:00
DGS5,2025-08-04,3.75,2026-08-05,2026-08-05,2026-08-05T08:58:54.488904+00:00
DGS5,2025-08-05,3.77,2026-08-05,2026-08-05,2026-08-05T08:58:54.488904+00:00
DGS5,2025-08-06,3.77,2026-08-05,2026-08-05,2026-08-05T08:58:54.488904+00:00
DGS5,2025-08-07,3.79,2026-08-05,2026-08-05,2026-08-05T08:58:54.488904+00:00
DGS5,2025-08-08,3.84,2026-08-05,2026-08-05,2026-08-05T08:58:54.488904+00:00
DGS5,2025-08-11,3.83,2026-08-05,2026-08-05,2026-08-05T08:58:54.488904+00:00
DGS5,2025-08-12,3.83,2026-08-05,2026-08-05,2026-08-05T08:58:54.488904+00:00
DGS5,2025-08-13,3.77,2026-08-05,2026-08-05,2026-08-05T08:58:54.488904+00:00
DGS5,2025-08-14,3.82,2026-08-05,2026-08-05,2026-08-05T08:58:54.488904+00:00
DGS5,2025-08-15,3.85,2026-08-05,2026-08-05,2026-08-05T08:58:54.488904+00:00
DGS5,2025-08-18,3.86,2026-08-05,2026-08-05,2026-08-05T08:58:54.488904+00:00
DGS5,2025-08-19,3.82,2026-08-05,2026-08-05,2026-08-05T08:58:54.488904+00:00
DGS5,2025-08-20,3.81,2026-08-05,2026-08-05,2026-08-05T08:58:54.488904+00:00
DGS5,2025-08-21,3.86,2026-08-05,2026-08-05,2026-08-05T08:58:54.488904+00:00
DGS5,2025-08-22,3.76,2026-08-05,2026-08-05,2026-08-05T08:58:54.488904+00:00
DGS5,2025-08-25,3.8,2026-08-05,2026-08-05,2026-08-05T08:58:54.488904+00:00
DGS5,2025-08-26,3.75,2026-08-05,2026-08-05,2026-08-05T08:58:54.488904+00:00
DGS5,2025-08-27,3.69,2026-08-05,2026-08-05,2026-08-05T08:58:54.488904+00:00
DGS5,2025-08-28,3.69,2026-08-05,2026-08-05,2026-08-05T08:58:54.488904+00:00
DGS5,2025-08-29,3.68,2026-08-05,2026-08-05,2026-08-05T08:58:54.488904+00:00
DGS5,2025-09-01,.,2026-08-05,2026-08-05,2026-08-05T08:58:54.488904+00:00
DGS5,2025-09-02,3.74,2026-08-05,2026-08-05,2026-08-05T08:58:54.488904+00:00
DGS5,2025-09-03,3.69,2026-08-05,2026-08-05,2026-08-05T08:58:54.488904+00:00
DGS5,2025-09-04,3.65,2026-08-05,2026-08-05,2026-08-05T08:58:54.488904+00:00
DGS5,2025-09-05,3.59,2026-08-05,2026-08-05,2026-08-05T08:58:54.488904+00:00
DGS5,2025-09-08,3.57,2026-08-05,2026-08-05,2026-08-05T08:58:54.488904+00:00
DGS5,2025-09-09,3.61,2026-08-05,2026-08-05,2026-08-05T08:58:54.488904+00:00
DGS5,2025-09-10,3.59,2026-08-05,2026-08-05,2026-08-05T08:58:54.488904+00:00
DGS5,2025-09-11,3.59,2026-08-05,2026-08-05,2026-08-05T08:58:54.488904+00:00
DGS5,2025-09-12,3.63,2026-08-05,2026-08-05,2026-08-05T08:58:54.488904+00:00
DGS5,2025-09-15,3.61,2026-08-05,2026-08-05,2026-08-05T08:58:54.488904+00:00
DGS5,2025-09-16,3.59,2026-08-05,2026-08-05,2026-08-05T08:58:54.488904+00:00
DGS5,2025-09-17,3.62,2026-08-05,2026-08-05,2026-08-05T08:58:54.488904+00:00
DGS5,2025-09-18,3.67,2026-08-05,2026-08-05,2026-08-05T08:58:54.488904+00:00
DGS5,2025-09-19,3.68,2026-08-05,2026-08-05,2026-08-05T08:58:54.488904+00:00
DGS5,2025-09-22,3.71,2026-08-05,2026-08-05,2026-08-05T08:58:54.488904+00:00
DGS5,2025-09-23,3.68,2026-08-05,2026-08-05,2026-08-05T08:58:54.488904+00:00
DGS5,2025-09-24,3.7,2026-08-05,2026-08-05,2026-08-05T08:58:54.488904+00:00
DGS5,2025-09-25,3.75,2026-08-05,2026-08-05,2026-08-05T08:58:54.488904+00:00
DGS5,2025-09-26,3.76,2026-08-05,2026-08-05,2026-08-05T08:58:54.488904+00:00
DGS5,2025-09-29,3.74,2026-08-05,2026-08-05,2026-08-05T08:58:54.488904+00:00
DGS5,2025-09-30,3.74,2026-08-05,2026-08-05,2026-08-05T08:58:54.488904+00:00
DGS5,2025-10-01,3.68,2026-08-05,2026-08-05,2026-08-05T08:58:54.488904+00:00
DGS5,2025-10-02,3.67,2026-08-05,2026-08-05,2026-08-05T08:58:54.488904+00:00
DGS5,2025-10-03,3.72,2026-08-05,2026-08-05,2026-08-05T08:58:54.488904+00:00
DGS5,2025-10-06,3.75,2026-08-05,2026-08-05,2026-08-05T08:58:54.488904+00:00
DGS5,2025-10-07,3.71,2026-08-05,2026-08-05,2026-08-05T08:58:54.488904+00:00
DGS5,2025-10-08,3.72,2026-08-05,2026-08-05,2026-08-05T08:58:54.488904+00:00
DGS5,2025-10-09,3.74,2026-08-05,2026-08-05,2026-08-05T08:58:54.488904+00:00
DGS5,2025-10-10,3.65,2026-08-05,2026-08-05,2026-08-05T08:58:54.488904+00:00
DGS5,2025-10-13,.,2026-08-05,2026-08-05,2026-08-05T08:58:54.488904+00:00
DGS5,2025-10-14,3.6,2026-08-05,2026-08-05,2026-08-05T08:58:54.488904+00:00
DGS5,2025-10-15,3.63,2026-08-05,2026-08-05,2026-08-05T08:58:54.488904+00:00
DGS5,2025-10-16,3.55,2026-08-05,2026-08-05,2026-08-05T08:58:54.488904+00:00
DGS5,2025-10-17,3.59,2026-08-05,2026-08-05,2026-08-05T08:58:54.488904+00:00
DGS5,2025-10-20,3.58,2026-08-05,2026-08-05,2026-08-05T08:58:54.488904+00:00
DGS5,2025-10-21,3.56,2026-08-05,2026-08-05,2026-08-05T08:58:54.488904+00:00
DGS5,2025-10-22,3.56,2026-08-05,2026-08-05,2026-08-05T08:58:54.488904+00:00
DGS5,2025-10-23,3.61,2026-08-05,2026-08-05,2026-08-05T08:58:54.488904+00:00
DGS5,2025-10-24,3.61,2026-08-05,2026-08-05,2026-08-05T08:58:54.488904+00:00
DGS5,2025-10-27,3.61,2026-08-05,2026-08-05,2026-08-05T08:58:54.488904+00:00
DGS5,2025-10-28,3.6,2026-08-05,2026-08-05,2026-08-05T08:58:54.488904+00:00
DGS5,2025-10-29,3.7,2026-08-05,2026-08-05,2026-08-05T08:58:54.488904+00:00
DGS5,2025-10-30,3.72,2026-08-05,2026-08-05,2026-08-05T08:58:54.488904+00:00
DGS5,2025-10-31,3.71,2026-08-05,2026-08-05,2026-08-05T08:58:54.488904+00:00
DGS5,2025-11-03,3.72,2026-08-05,2026-08-05,2026-08-05T08:58:54.488904+00:00
DGS5,2025-11-04,3.69,2026-08-05,2026-08-05,2026-08-05T08:58:54.488904+00:00
DGS5,2025-11-05,3.76,2026-08-05,2026-08-05,2026-08-05T08:58:54.488904+00:00
DGS5,2025-11-06,3.69,2026-08-05,2026-08-05,2026-08-05T08:58:54.488904+00:00
DGS5,2025-11-07,3.67,2026-08-05,2026-08-05,2026-08-05T08:58:54.488904+00:00
DGS5,2025-11-10,3.72,2026-08-05,2026-08-05,2026-08-05T08:58:54.488904+00:00
DGS5,2025-11-11,.,2026-08-05,2026-08-05,2026-08-05T08:58:54.488904+00:00
DGS5,2025-11-12,3.68,2026-08-05,2026-08-05,2026-08-05T08:58:54.488904+00:00
DGS5,2025-11-13,3.71,2026-08-05,2026-08-05,2026-08-05T08:58:54.488904+00:00
DGS5,2025-11-14,3.74,2026-08-05,2026-08-05,2026-08-05T08:58:54.488904+00:00
DGS5,2025-11-17,3.72,2026-08-05,2026-08-05,2026-08-05T08:58:54.488904+00:00
DGS5,2025-11-18,3.7,2026-08-05,2026-08-05,2026-08-05T08:58:54.488904+00:00
DGS5,2025-11-19,3.71,2026-08-05,2026-08-05,2026-08-05T08:58:54.488904+00:00
DGS5,2025-11-20,3.68,2026-08-05,2026-08-05,2026-08-05T08:58:54.488904+00:00
DGS5,2025-11-21,3.62,2026-08-05,2026-08-05,2026-08-05T08:58:54.488904+00:00
DGS5,2025-11-24,3.61,2026-08-05,2026-08-05,2026-08-05T08:58:54.488904+00:00
DGS5,2025-11-25,3.55,2026-08-05,2026-08-05,2026-08-05T08:58:54.488904+00:00
DGS5,2025-11-26,3.56,2026-08-05,2026-08-05,2026-08-05T08:58:54.488904+00:00
DGS5,2025-11-27,.,2026-08-05,2026-08-05,2026-08-05T08:58:54.488904+00:00
DGS5,2025-11-28,3.59,2026-08-05,2026-08-05,2026-08-05T08:58:54.488904+00:00
DGS5,2025-12-01,3.67,2026-08-05,2026-08-05,2026-08-05T08:58:54.488904+00:00
DGS5,2025-12-02,3.66,2026-08-05,2026-08-05,2026-08-05T08:58:54.488904+00:00
DGS5,2025-12-03,3.62,2026-08-05,2026-08-05,2026-08-05T08:58:54.488904+00:00
DGS5,2025-12-04,3.68,2026-08-05,2026-08-05,2026-08-05T08:58:54.488904+00:00
DGS5,2025-12-05,3.72,2026-08-05,2026-08-05,2026-08-05T08:58:54.488904+00:00
DGS5,2025-12-08,3.75,2026-08-05,2026-08-05,2026-08-05T08:58:54.488904+00:00
DGS5,2025-12-09,3.78,2026-08-05,2026-08-05,2026-08-05T08:58:54.488904+00:00
DGS5,2025-12-10,3.72,2026-08-05,2026-08-05,2026-08-05T08:58:54.488904+00:00
DGS5,2025-12-11,3.72,2026-08-05,2026-08-05,2026-08-05T08:58:54.488904+00:00
DGS5,2025-12-12,3.75,2026-08-05,2026-08-05,2026-08-05T08:58:54.488904+00:00
DGS5,2025-12-15,3.73,2026-08-05,2026-08-05,2026-08-05T08:58:54.488904+00:00
DGS5,2025-12-16,3.69,2026-08-05,2026-08-05,2026-08-05T08:58:54.488904+00:00
DGS5,2025-12-17,3.7,2026-08-05,2026-08-05,2026-08-05T08:58:54.488904+00:00
DGS5,2025-12-18,3.66,2026-08-05,2026-08-05,2026-08-05T08:58:54.488904+00:00
DGS5,2025-12-19,3.7,2026-08-05,2026-08-05,2026-08-05T08:58:54.488904+00:00
DGS5,2025-12-22,3.71,2026-08-05,2026-08-05,2026-08-05T08:58:54.488904+00:00
DGS5,2025-12-23,3.72,2026-08-05,2026-08-05,2026-08-05T08:58:54.488904+00:00
DGS5,2025-12-24,3.7,2026-08-05,2026-08-05,2026-08-05T08:58:54.488904+00:00
DGS5,2025-12-25,.,2026-08-05,2026-08-05,2026-08-05T08:58:54.488904+00:00
DGS5,2025-12-26,3.68,2026-08-05,2026-08-05,2026-08-05T08:58:54.488904+00:00
DGS5,2025-12-29,3.67,2026-08-05,2026-08-05,2026-08-05T08:58:54.488904+00:00
DGS5,2025-12-30,3.68,2026-08-05,2026-08-05,2026-08-05T08:58:54.488904+00:00
DGS5,2025-12-31,3.73,2026-08-05,2026-08-05,2026-08-05T08:58:54.488904+00:00
DGS5,2026-01-01,.,2026-08-05,2026-08-05,2026-08-05T08:58:54.488904+00:00
DGS5,2026-01-02,3.74,2026-08-05,2026-08-05,2026-08-05T08:58:54.488904+00:00
DGS5,2026-01-05,3.71,2026-08-05,2026-08-05,2026-08-05T08:58:54.488904+00:00
DGS5,2026-01-06,3.72,2026-08-05,2026-08-05,2026-08-05T08:58:54.488904+00:00
DGS5,2026-01-07,3.7,2026-08-05,2026-08-05,2026-08-05T08:58:54.488904+00:00
DGS5,2026-01-08,3.74,2026-08-05,2026-08-05,2026-08-05T08:58:54.488904+00:00
DGS5,2026-01-09,3.75,2026-08-05,2026-08-05,2026-08-05T08:58:54.488904+00:00
DGS5,2026-01-12,3.77,2026-08-05,2026-08-05,2026-08-05T08:58:54.488904+00:00
DGS5,2026-01-13,3.75,2026-08-05,2026-08-05,2026-08-05T08:58:54.488904+00:00
DGS5,2026-01-14,3.72,2026-08-05,2026-08-05,2026-08-05T08:58:54.488904+00:00
DGS5,2026-01-15,3.77,2026-08-05,2026-08-05,2026-08-05T08:58:54.488904+00:00
DGS5,2026-01-16,3.82,2026-08-05,2026-08-05,2026-08-05T08:58:54.488904+00:00
DGS5,2026-01-19,.,2026-08-05,2026-08-05,2026-08-05T08:58:54.488904+00:00
DGS5,2026-01-20,3.86,2026-08-05,2026-08-05,2026-08-05T08:58:54.488904+00:00
DGS5,2026-01-21,3.83,2026-08-05,2026-08-05,2026-08-05T08:58:54.488904+00:00
DGS5,2026-01-22,3.85,2026-08-05,2026-08-05,2026-08-05T08:58:54.488904+00:00
DGS5,2026-01-23,3.84,2026-08-05,2026-08-05,2026-08-05T08:58:54.488904+00:00
DGS5,2026-01-26,3.82,2026-08-05,2026-08-05,2026-08-05T08:58:54.488904+00:00
DGS5,2026-01-27,3.81,2026-08-05,2026-08-05,2026-08-05T08:58:54.488904+00:00
DGS5,2026-01-28,3.83,2026-08-05,2026-08-05,2026-08-05T08:58:54.488904+00:00
DGS5,2026-01-29,3.8,2026-08-05,2026-08-05,2026-08-05T08:58:54.488904+00:00
DGS5,2026-01-30,3.79,2026-08-05,2026-08-05,2026-08-05T08:58:54.488904+00:00
DGS5,2026-02-02,3.83,2026-08-05,2026-08-05,2026-08-05T08:58:54.488904+00:00
DGS5,2026-02-03,3.83,2026-08-05,2026-08-05,2026-08-05T08:58:54.488904+00:00
DGS5,2026-02-04,3.83,2026-08-05,2026-08-05,2026-08-05T08:58:54.488904+00:00
DGS5,2026-02-05,3.74,2026-08-05,2026-08-05,2026-08-05T08:58:54.488904+00:00
DGS5,2026-02-06,3.76,2026-08-05,2026-08-05,2026-08-05T08:58:54.488904+00:00
DGS5,2026-02-09,3.75,2026-08-05,2026-08-05,2026-08-05T08:58:54.488904+00:00
DGS5,2026-02-10,3.7,2026-08-05,2026-08-05,2026-08-05T08:58:54.488904+00:00
DGS5,2026-02-11,3.75,2026-08-05,2026-08-05,2026-08-05T08:58:54.488904+00:00
DGS5,2026-02-12,3.67,2026-08-05,2026-08-05,2026-08-05T08:58:54.488904+00:00
DGS5,2026-02-13,3.61,2026-08-05,2026-08-05,2026-08-05T08:58:54.488904+00:00
DGS5,2026-02-16,.,2026-08-05,2026-08-05,2026-08-05T08:58:54.488904+00:00
DGS5,2026-02-17,3.63,2026-08-05,2026-08-05,2026-08-05T08:58:54.488904+00:00
DGS5,2026-02-18,3.66,2026-08-05,2026-08-05,2026-08-05T08:58:54.488904+00:00
DGS5,2026-02-19,3.65,2026-08-05,2026-08-05,2026-08-05T08:58:54.488904+00:00
DGS5,2026-02-20,3.65,2026-08-05,2026-08-05,2026-08-05T08:58:54.488904+00:00
DGS5,2026-02-23,3.59,2026-08-05,2026-08-05,2026-08-05T08:58:54.488904+00:00
DGS5,2026-02-24,3.61,2026-08-05,2026-08-05,2026-08-05T08:58:54.488904+00:00
DGS5,2026-02-25,3.61,2026-08-05,2026-08-05,2026-08-05T08:58:54.488904+00:00
DGS5,2026-02-26,3.57,2026-08-05,2026-08-05,2026-08-05T08:58:54.488904+00:00
DGS5,2026-02-27,3.51,2026-08-05,2026-08-05,2026-08-05T08:58:54.488904+00:00
DGS5,2026-03-02,3.62,2026-08-05,2026-08-05,2026-08-05T08:58:54.488904+00:00
DGS5,2026-03-03,3.63,2026-08-05,2026-08-05,2026-08-05T08:58:54.488904+00:00
DGS5,2026-03-04,3.67,2026-08-05,2026-08-05,2026-08-05T08:58:54.488904+00:00
DGS5,2026-03-05,3.72,2026-08-05,2026-08-05,2026-08-05T08:58:54.488904+00:00
DGS5,2026-03-06,3.72,2026-08-05,2026-08-05,2026-08-05T08:58:54.488904+00:00
DGS5,2026-03-09,3.71,2026-08-05,2026-08-05,2026-08-05T08:58:54.488904+00:00
DGS5,2026-03-10,3.73,2026-08-05,2026-08-05,2026-08-05T08:58:54.488904+00:00
DGS5,2026-03-11,3.79,2026-08-05,2026-08-05,2026-08-05T08:58:54.488904+00:00
DGS5,2026-03-12,3.88,2026-08-05,2026-08-05,2026-08-05T08:58:54.488904+00:00
DGS5,2026-03-13,3.87,2026-08-05,2026-08-05,2026-08-05T08:58:54.488904+00:00
DGS5,2026-03-16,3.8,2026-08-05,2026-08-05,2026-08-05T08:58:54.488904+00:00
DGS5,2026-03-17,3.79,2026-08-05,2026-08-05,2026-08-05T08:58:54.488904+00:00
DGS5,2026-03-18,3.87,2026-08-05,2026-08-05,2026-08-05T08:58:54.488904+00:00
DGS5,2026-03-19,3.88,2026-08-05,2026-08-05,2026-08-05T08:58:54.488904+00:00
DGS5,2026-03-20,4.01,2026-08-05,2026-08-05,2026-08-05T08:58:54.488904+00:00
DGS5,2026-03-23,3.95,2026-08-05,2026-08-05,2026-08-05T08:58:54.488904+00:00
DGS5,2026-03-24,4.03,2026-08-05,2026-08-05,2026-08-05T08:58:54.488904+00:00
DGS5,2026-03-25,3.96,2026-08-05,2026-08-05,2026-08-05T08:58:54.488904+00:00
DGS5,2026-03-26,4.08,2026-08-05,2026-08-05,2026-08-05T08:58:54.488904+00:00
DGS5,2026-03-27,4.06,2026-08-05,2026-08-05,2026-08-05T08:58:54.488904+00:00
DGS5,2026-03-30,3.97,2026-08-05,2026-08-05,2026-08-05T08:58:54.488904+00:00
DGS5,2026-03-31,3.92,2026-08-05,2026-08-05,2026-08-05T08:58:54.488904+00:00
DGS5,2026-04-01,3.97,2026-08-05,2026-08-05,2026-08-05T08:58:54.488904+00:00
DGS5,2026-04-02,3.94,2026-08-05,2026-08-05,2026-08-05T08:58:54.488904+00:00
DGS5,2026-04-03,3.99,2026-08-05,2026-08-05,2026-08-05T08:58:54.488904+00:00
DGS5,2026-04-06,3.98,2026-08-05,2026-08-05,2026-08-05T08:58:54.488904+00:00
DGS5,2026-04-07,3.95,2026-08-05,2026-08-05,2026-08-05T08:58:54.488904+00:00
DGS5,2026-04-08,3.92,2026-08-05,2026-08-05,2026-08-05T08:58:54.488904+00:00
DGS5,2026-04-09,3.91,2026-08-05,2026-08-05,2026-08-05T08:58:54.488904+00:00
DGS5,2026-04-10,3.94,2026-08-05,2026-08-05,2026-08-05T08:58:54.488904+00:00
DGS5,2026-04-13,3.92,2026-08-05,2026-08-05,2026-08-05T08:58:54.488904+00:00
DGS5,2026-04-14,3.87,2026-08-05,2026-08-05,2026-08-05T08:58:54.488904+00:00
DGS5,2026-04-15,3.9,2026-08-05,2026-08-05,2026-08-05T08:58:54.488904+00:00
DGS5,2026-04-16,3.91,2026-08-05,2026-08-05,2026-08-05T08:58:54.488904+00:00
DGS5,2026-04-17,3.84,2026-08-05,2026-08-05,2026-08-05T08:58:54.488904+00:00
DGS5,2026-04-20,3.86,2026-08-05,2026-08-05,2026-08-05T08:58:54.488904+00:00
DGS5,2026-04-21,3.91,2026-08-05,2026-08-05,2026-08-05T08:58:54.488904+00:00
DGS5,2026-04-22,3.91,2026-08-05,2026-08-05,2026-08-05T08:58:54.488904+00:00
DGS5,2026-04-23,3.96,2026-08-05,2026-08-05,2026-08-05T08:58:54.488904+00:00
DGS5,2026-04-24,3.92,2026-08-05,2026-08-05,2026-08-05T08:58:54.488904+00:00
DGS5,2026-04-27,3.94,2026-08-05,2026-08-05,2026-08-05T08:58:54.488904+00:00
DGS5,2026-04-28,3.97,2026-08-05,2026-08-05,2026-08-05T08:58:54.488904+00:00
DGS5,2026-04-29,4.05,2026-08-05,2026-08-05,2026-08-05T08:58:54.488904+00:00
DGS5,2026-04-30,4.02,2026-08-05,2026-08-05,2026-08-05T08:58:54.488904+00:00
DGS5,2026-05-01,4.02,2026-08-05,2026-08-05,2026-08-05T08:58:54.488904+00:00
DGS5,2026-05-04,4.08,2026-08-05,2026-08-05,2026-08-05T08:58:54.488904+00:00
DGS5,2026-05-05,4.08,2026-08-05,2026-08-05,2026-08-05T08:58:54.488904+00:00
DGS5,2026-05-06,3.99,2026-08-05,2026-08-05,2026-08-05T08:58:54.488904+00:00
DGS5,2026-05-07,4.04,2026-08-05,2026-08-05,2026-08-05T08:58:54.488904+00:00
DGS5,2026-05-08,4.02,2026-08-05,2026-08-05,2026-08-05T08:58:54.488904+00:00
DGS5,2026-05-11,4.07,2026-08-05,2026-08-05,2026-08-05T08:58:54.488904+00:00
DGS5,2026-05-12,4.12,2026-08-05,2026-08-05,2026-08-05T08:58:54.488904+00:00
DGS5,2026-05-13,4.12,2026-08-05,2026-08-05,2026-08-05T08:58:54.488904+00:00
DGS5,2026-05-14,4.13,2026-08-05,2026-08-05,2026-08-05T08:58:54.488904+00:00
DGS5,2026-05-15,4.26,2026-08-05,2026-08-05,2026-08-05T08:58:54.488904+00:00
DGS5,2026-05-18,4.27,2026-08-05,2026-08-05,2026-08-05T08:58:54.488904+00:00
DGS5,2026-05-19,4.32,2026-08-05,2026-08-05,2026-08-05T08:58:54.488904+00:00
DGS5,2026-05-20,4.22,2026-08-05,2026-08-05,2026-08-05T08:58:54.488904+00:00
DGS5,2026-05-21,4.25,2026-08-05,2026-08-05,2026-08-05T08:58:54.488904+00:00
DGS5,2026-05-22,4.27,2026-08-05,2026-08-05,2026-08-05T08:58:54.488904+00:00
DGS5,2026-05-25,.,2026-08-05,2026-08-05,2026-08-05T08:58:54.488904+00:00
DGS5,2026-05-26,4.19,2026-08-05,2026-08-05,2026-08-05T08:58:54.488904+00:00
DGS5,2026-05-27,4.17,2026-08-05,2026-08-05,2026-08-05T08:58:54.488904+00:00
DGS5,2026-05-28,4.15,2026-08-05,2026-08-05,2026-08-05T08:58:54.488904+00:00
DGS5,2026-05-29,4.13,2026-08-05,2026-08-05,2026-08-05T08:58:54.488904+00:00
DGS5,2026-06-01,4.18,2026-08-05,2026-08-05,2026-08-05T08:58:54.488904+00:00
DGS5,2026-06-02,4.17,2026-08-05,2026-08-05,2026-08-05T08:58:54.488904+00:00
DGS5,2026-06-03,4.21,2026-08-05,2026-08-05,2026-08-05T08:58:54.488904+00:00
DGS5,2026-06-04,4.18,2026-08-05,2026-08-05,2026-08-05T08:58:54.488904+00:00
DGS5,2026-06-05,4.29,2026-08-05,2026-08-05,2026-08-05T08:58:54.488904+00:00
DGS5,2026-06-08,4.29,2026-08-05,2026-08-05,2026-08-05T08:58:54.488904+00:00
DGS5,2026-06-09,4.26,2026-08-05,2026-08-05,2026-08-05T08:58:54.488904+00:00
DGS5,2026-06-10,4.27,2026-08-05,2026-08-05,2026-08-05T08:58:54.488904+00:00
DGS5,2026-06-11,4.18,2026-08-05,2026-08-05,2026-08-05T08:58:54.488904+00:00
DGS5,2026-06-12,4.21,2026-08-05,2026-08-05,2026-08-05T08:58:54.488904+00:00
DGS5,2026-06-15,4.18,2026-08-05,2026-08-05,2026-08-05T08:58:54.488904+00:00
DGS5,2026-06-16,4.16,2026-08-05,2026-08-05,2026-08-05T08:58:54.488904+00:00
DGS5,2026-06-17,4.27,2026-08-05,2026-08-05,2026-08-05T08:58:54.488904+00:00
DGS5,2026-06-18,4.23,2026-08-05,2026-08-05,2026-08-05T08:58:54.488904+00:00
DGS5,2026-06-19,.,2026-08-05,2026-08-05,2026-08-05T08:58:54.488904+00:00
DGS5,2026-06-22,4.29,2026-08-05,2026-08-05,2026-08-05T08:58:54.488904+00:00
DGS5,2026-06-23,4.27,2026-08-05,2026-08-05,2026-08-05T08:58:54.488904+00:00
DGS5,2026-06-24,4.17,2026-08-05,2026-08-05,2026-08-05T08:58:54.488904+00:00
DGS5,2026-06-25,4.15,2026-08-05,2026-08-05,2026-08-05T08:58:54.488904+00:00
DGS5,2026-06-26,4.12,2026-08-05,2026-08-05,2026-08-05T08:58:54.488904+00:00
DGS5,2026-06-29,4.14,2026-08-05,2026-08-05,2026-08-05T08:58:54.488904+00:00
DGS5,2026-06-30,4.19,2026-08-05,2026-08-05,2026-08-05T08:58:54.488904+00:00
DGS5,2026-07-01,4.24,2026-08-05,2026-08-05,2026-08-05T08:58:54.488904+00:00
DGS5,2026-07-02,4.23,2026-08-05,2026-08-05,2026-08-05T08:58:54.488904+00:00
DGS5,2026-07-03,.,2026-08-05,2026-08-05,2026-08-05T08:58:54.488904+00:00
DGS5,2026-07-06,4.21,2026-08-05,2026-08-05,2026-08-05T08:58:54.488904+00:00
DGS5,2026-07-07,4.27,2026-08-05,2026-08-05,2026-08-05T08:58:54.488904+00:00
DGS5,2026-07-08,4.31,2026-08-05,2026-08-05,2026-08-05T08:58:54.488904+00:00
DGS5,2026-07-09,4.27,2026-08-05,2026-08-05,2026-08-05T08:58:54.488904+00:00
DGS5,2026-07-10,4.3,2026-08-05,2026-08-05,2026-08-05T08:58:54.488904+00:00
DGS5,2026-07-13,4.37,2026-08-05,2026-08-05,2026-08-05T08:58:54.488904+00:00
DGS5,2026-07-14,4.31,2026-08-05,2026-08-05,2026-08-05T08:58:54.488904+00:00
DGS5,2026-07-15,4.26,2026-08-05,2026-08-05,2026-08-05T08:58:54.488904+00:00
DGS5,2026-07-16,4.28,2026-08-05,2026-08-05,2026-08-05T08:58:54.488904+00:00
DGS5,2026-07-17,4.28,2026-08-05,2026-08-05,2026-08-05T08:58:54.488904+00:00
DGS5,2026-07-20,4.3300000000,2026-08-05,2026-08-05,2026-08-05T08:58:54.488904+00:00
DGS5,2026-07-21,4.3700000000,2026-08-05,2026-08-05,2026-08-05T08:58:54.488904+00:00
DGS5,2026-07-22,4.4100000000,2026-08-05,2026-08-05,2026-08-05T08:58:54.488904+00:00
DGS5,2026-07-23,4.4600000000,2026-08-05,2026-08-05,2026-08-05T08:58:54.488904+00:00
DGS5,2026-07-24,4.4300000000,2026-08-05,2026-08-05,2026-08-05T08:58:54.488904+00:00
DGS5,2026-07-27,4.4000000000,2026-08-05,2026-08-05,2026-08-05T08:58:54.488904+00:00
DGS5,2026-07-28,4.3500000000,2026-08-05,2026-08-05,2026-08-05T08:58:54.488904+00:00
DGS5,2026-07-29,4.3700000000,2026-08-05,2026-08-05,2026-08-05T08:58:54.488904+00:00
DGS5,2026-07-30,4.3800000000,2026-08-05,2026-08-05,2026-08-05T08:58:54.488904+00:00
DGS5,2026-07-31,4.4500000000,2026-08-05,2026-08-05,2026-08-05T08:58:54.488904+00:00
DGS5,2026-08-03,4.4000000000,2026-08-05,2026-08-05,2026-08-05T08:58:54.488904+00:00
DGS10,2022-08-05,2.83,2026-08-05,2026-08-05,2026-08-05T08:58:54.488904+00:00
DGS10,2022-08-08,2.77,2026-08-05,2026-08-05,2026-08-05T08:58:54.488904+00:00
DGS10,2022-08-09,2.80,2026-08-05,2026-08-05,2026-08-05T08:58:54.488904+00:00
DGS10,2022-08-10,2.78,2026-08-05,2026-08-05,2026-08-05T08:58:54.488904+00:00
DGS10,2022-08-11,2.87,2026-08-05,2026-08-05,2026-08-05T08:58:54.488904+00:00
DGS10,2022-08-12,2.84,2026-08-05,2026-08-05,2026-08-05T08:58:54.488904+00:00
DGS10,2022-08-15,2.79,2026-08-05,2026-08-05,2026-08-05T08:58:54.488904+00:00
DGS10,2022-08-16,2.82,2026-08-05,2026-08-05,2026-08-05T08:58:54.488904+00:00
DGS10,2022-08-17,2.89,2026-08-05,2026-08-05,2026-08-05T08:58:54.488904+00:00
DGS10,2022-08-18,2.88,2026-08-05,2026-08-05,2026-08-05T08:58:54.488904+00:00
DGS10,2022-08-19,2.98,2026-08-05,2026-08-05,2026-08-05T08:58:54.488904+00:00
DGS10,2022-08-22,3.03,2026-08-05,2026-08-05,2026-08-05T08:58:54.488904+00:00
DGS10,2022-08-23,3.05,2026-08-05,2026-08-05,2026-08-05T08:58:54.488904+00:00
DGS10,2022-08-24,3.11,2026-08-05,2026-08-05,2026-08-05T08:58:54.488904+00:00
DGS10,2022-08-25,3.03,2026-08-05,2026-08-05,2026-08-05T08:58:54.488904+00:00
DGS10,2022-08-26,3.04,2026-08-05,2026-08-05,2026-08-05T08:58:54.488904+00:00
DGS10,2022-08-29,3.12,2026-08-05,2026-08-05,2026-08-05T08:58:54.488904+00:00
DGS10,2022-08-30,3.11,2026-08-05,2026-08-05,2026-08-05T08:58:54.488904+00:00
DGS10,2022-08-31,3.15,2026-08-05,2026-08-05,2026-08-05T08:58:54.488904+00:00
DGS10,2022-09-01,3.26,2026-08-05,2026-08-05,2026-08-05T08:58:54.488904+00:00
DGS10,2022-09-02,3.20,2026-08-05,2026-08-05,2026-08-05T08:58:54.488904+00:00
DGS10,2022-09-05,.,2026-08-05,2026-08-05,2026-08-05T08:58:54.488904+00:00
DGS10,2022-09-06,3.33,2026-08-05,2026-08-05,2026-08-05T08:58:54.488904+00:00
DGS10,2022-09-07,3.27,2026-08-05,2026-08-05,2026-08-05T08:58:54.488904+00:00
DGS10,2022-09-08,3.29,2026-08-05,2026-08-05,2026-08-05T08:58:54.488904+00:00
DGS10,2022-09-09,3.33,2026-08-05,2026-08-05,2026-08-05T08:58:54.488904+00:00
DGS10,2022-09-12,3.37,2026-08-05,2026-08-05,2026-08-05T08:58:54.488904+00:00
DGS10,2022-09-13,3.42,2026-08-05,2026-08-05,2026-08-05T08:58:54.488904+00:00
DGS10,2022-09-14,3.41,2026-08-05,2026-08-05,2026-08-05T08:58:54.488904+00:00
DGS10,2022-09-15,3.45,2026-08-05,2026-08-05,2026-08-05T08:58:54.488904+00:00
DGS10,2022-09-16,3.45,2026-08-05,2026-08-05,2026-08-05T08:58:54.488904+00:00
DGS10,2022-09-19,3.49,2026-08-05,2026-08-05,2026-08-05T08:58:54.488904+00:00
DGS10,2022-09-20,3.57,2026-08-05,2026-08-05,2026-08-05T08:58:54.488904+00:00
DGS10,2022-09-21,3.51,2026-08-05,2026-08-05,2026-08-05T08:58:54.488904+00:00
DGS10,2022-09-22,3.70,2026-08-05,2026-08-05,2026-08-05T08:58:54.488904+00:00
DGS10,2022-09-23,3.69,2026-08-05,2026-08-05,2026-08-05T08:58:54.488904+00:00
DGS10,2022-09-26,3.88,2026-08-05,2026-08-05,2026-08-05T08:58:54.488904+00:00
DGS10,2022-09-27,3.97,2026-08-05,2026-08-05,2026-08-05T08:58:54.488904+00:00
DGS10,2022-09-28,3.72,2026-08-05,2026-08-05,2026-08-05T08:58:54.488904+00:00
DGS10,2022-09-29,3.76,2026-08-05,2026-08-05,2026-08-05T08:58:54.488904+00:00
DGS10,2022-09-30,3.83,2026-08-05,2026-08-05,2026-08-05T08:58:54.488904+00:00
DGS10,2022-10-03,3.67,2026-08-05,2026-08-05,2026-08-05T08:58:54.488904+00:00
DGS10,2022-10-04,3.62,2026-08-05,2026-08-05,2026-08-05T08:58:54.488904+00:00
DGS10,2022-10-05,3.76,2026-08-05,2026-08-05,2026-08-05T08:58:54.488904+00:00
DGS10,2022-10-06,3.83,2026-08-05,2026-08-05,2026-08-05T08:58:54.488904+00:00
DGS10,2022-10-07,3.89,2026-08-05,2026-08-05,2026-08-05T08:58:54.488904+00:00
DGS10,2022-10-10,.,2026-08-05,2026-08-05,2026-08-05T08:58:54.488904+00:00
DGS10,2022-10-11,3.93,2026-08-05,2026-08-05,2026-08-05T08:58:54.488904+00:00
DGS10,2022-10-12,3.91,2026-08-05,2026-08-05,2026-08-05T08:58:54.488904+00:00
DGS10,2022-10-13,3.97,2026-08-05,2026-08-05,2026-08-05T08:58:54.488904+00:00
DGS10,2022-10-14,4.00,2026-08-05,2026-08-05,2026-08-05T08:58:54.488904+00:00
DGS10,2022-10-17,4.02,2026-08-05,2026-08-05,2026-08-05T08:58:54.488904+00:00
DGS10,2022-10-18,4.01,2026-08-05,2026-08-05,2026-08-05T08:58:54.488904+00:00
DGS10,2022-10-19,4.14,2026-08-05,2026-08-05,2026-08-05T08:58:54.488904+00:00
DGS10,2022-10-20,4.24,2026-08-05,2026-08-05,2026-08-05T08:58:54.488904+00:00
DGS10,2022-10-21,4.21,2026-08-05,2026-08-05,2026-08-05T08:58:54.488904+00:00
DGS10,2022-10-24,4.25,2026-08-05,2026-08-05,2026-08-05T08:58:54.488904+00:00
DGS10,2022-10-25,4.10,2026-08-05,2026-08-05,2026-08-05T08:58:54.488904+00:00
DGS10,2022-10-26,4.04,2026-08-05,2026-08-05,2026-08-05T08:58:54.488904+00:00
DGS10,2022-10-27,3.96,2026-08-05,2026-08-05,2026-08-05T08:58:54.488904+00:00
DGS10,2022-10-28,4.02,2026-08-05,2026-08-05,2026-08-05T08:58:54.488904+00:00
DGS10,2022-10-31,4.10,2026-08-05,2026-08-05,2026-08-05T08:58:54.488904+00:00
DGS10,2022-11-01,4.07,2026-08-05,2026-08-05,2026-08-05T08:58:54.488904+00:00
DGS10,2022-11-02,4.10,2026-08-05,2026-08-05,2026-08-05T08:58:54.488904+00:00
DGS10,2022-11-03,4.14,2026-08-05,2026-08-05,2026-08-05T08:58:54.488904+00:00
DGS10,2022-11-04,4.17,2026-08-05,2026-08-05,2026-08-05T08:58:54.488904+00:00
DGS10,2022-11-07,4.22,2026-08-05,2026-08-05,2026-08-05T08:58:54.488904+00:00
DGS10,2022-11-08,4.14,2026-08-05,2026-08-05,2026-08-05T08:58:54.488904+00:00
DGS10,2022-11-09,4.12,2026-08-05,2026-08-05,2026-08-05T08:58:54.488904+00:00
DGS10,2022-11-10,3.82,2026-08-05,2026-08-05,2026-08-05T08:58:54.488904+00:00
DGS10,2022-11-11,.,2026-08-05,2026-08-05,2026-08-05T08:58:54.488904+00:00
DGS10,2022-11-14,3.88,2026-08-05,2026-08-05,2026-08-05T08:58:54.488904+00:00
DGS10,2022-11-15,3.80,2026-08-05,2026-08-05,2026-08-05T08:58:54.488904+00:00
DGS10,2022-11-16,3.67,2026-08-05,2026-08-05,2026-08-05T08:58:54.488904+00:00
DGS10,2022-11-17,3.77,2026-08-05,2026-08-05,2026-08-05T08:58:54.488904+00:00
DGS10,2022-11-18,3.82,2026-08-05,2026-08-05,2026-08-05T08:58:54.488904+00:00
DGS10,2022-11-21,3.83,2026-08-05,2026-08-05,2026-08-05T08:58:54.488904+00:00
DGS10,2022-11-22,3.76,2026-08-05,2026-08-05,2026-08-05T08:58:54.488904+00:00
DGS10,2022-11-23,3.71,2026-08-05,2026-08-05,2026-08-05T08:58:54.488904+00:00
DGS10,2022-11-24,.,2026-08-05,2026-08-05,2026-08-05T08:58:54.488904+00:00
DGS10,2022-11-25,3.68,2026-08-05,2026-08-05,2026-08-05T08:58:54.488904+00:00
DGS10,2022-11-28,3.69,2026-08-05,2026-08-05,2026-08-05T08:58:54.488904+00:00
DGS10,2022-11-29,3.75,2026-08-05,2026-08-05,2026-08-05T08:58:54.488904+00:00
DGS10,2022-11-30,3.68,2026-08-05,2026-08-05,2026-08-05T08:58:54.488904+00:00
DGS10,2022-12-01,3.53,2026-08-05,2026-08-05,2026-08-05T08:58:54.488904+00:00
DGS10,2022-12-02,3.51,2026-08-05,2026-08-05,2026-08-05T08:58:54.488904+00:00
DGS10,2022-12-05,3.60,2026-08-05,2026-08-05,2026-08-05T08:58:54.488904+00:00
DGS10,2022-12-06,3.51,2026-08-05,2026-08-05,2026-08-05T08:58:54.488904+00:00
DGS10,2022-12-07,3.42,2026-08-05,2026-08-05,2026-08-05T08:58:54.488904+00:00
DGS10,2022-12-08,3.48,2026-08-05,2026-08-05,2026-08-05T08:58:54.488904+00:00
DGS10,2022-12-09,3.57,2026-08-05,2026-08-05,2026-08-05T08:58:54.488904+00:00
DGS10,2022-12-12,3.61,2026-08-05,2026-08-05,2026-08-05T08:58:54.488904+00:00
DGS10,2022-12-13,3.51,2026-08-05,2026-08-05,2026-08-05T08:58:54.488904+00:00
DGS10,2022-12-14,3.49,2026-08-05,2026-08-05,2026-08-05T08:58:54.488904+00:00
DGS10,2022-12-15,3.44,2026-08-05,2026-08-05,2026-08-05T08:58:54.488904+00:00
DGS10,2022-12-16,3.48,2026-08-05,2026-08-05,2026-08-05T08:58:54.488904+00:00
DGS10,2022-12-19,3.57,2026-08-05,2026-08-05,2026-08-05T08:58:54.488904+00:00
DGS10,2022-12-20,3.69,2026-08-05,2026-08-05,2026-08-05T08:58:54.488904+00:00
DGS10,2022-12-21,3.68,2026-08-05,2026-08-05,2026-08-05T08:58:54.488904+00:00
DGS10,2022-12-22,3.67,2026-08-05,2026-08-05,2026-08-05T08:58:54.488904+00:00
DGS10,2022-12-23,3.75,2026-08-05,2026-08-05,2026-08-05T08:58:54.488904+00:00
DGS10,2022-12-26,.,2026-08-05,2026-08-05,2026-08-05T08:58:54.488904+00:00
DGS10,2022-12-27,3.84,2026-08-05,2026-08-05,2026-08-05T08:58:54.488904+00:00
DGS10,2022-12-28,3.88,2026-08-05,2026-08-05,2026-08-05T08:58:54.488904+00:00
DGS10,2022-12-29,3.83,2026-08-05,2026-08-05,2026-08-05T08:58:54.488904+00:00
DGS10,2022-12-30,3.88,2026-08-05,2026-08-05,2026-08-05T08:58:54.488904+00:00
DGS10,2023-01-02,.,2026-08-05,2026-08-05,2026-08-05T08:58:54.488904+00:00
DGS10,2023-01-03,3.79,2026-08-05,2026-08-05,2026-08-05T08:58:54.488904+00:00
DGS10,2023-01-04,3.69,2026-08-05,2026-08-05,2026-08-05T08:58:54.488904+00:00
DGS10,2023-01-05,3.71,2026-08-05,2026-08-05,2026-08-05T08:58:54.488904+00:00
DGS10,2023-01-06,3.55,2026-08-05,2026-08-05,2026-08-05T08:58:54.488904+00:00
DGS10,2023-01-09,3.53,2026-08-05,2026-08-05,2026-08-05T08:58:54.488904+00:00
DGS10,2023-01-10,3.61,2026-08-05,2026-08-05,2026-08-05T08:58:54.488904+00:00
DGS10,2023-01-11,3.54,2026-08-05,2026-08-05,2026-08-05T08:58:54.488904+00:00
DGS10,2023-01-12,3.43,2026-08-05,2026-08-05,2026-08-05T08:58:54.488904+00:00
DGS10,2023-01-13,3.49,2026-08-05,2026-08-05,2026-08-05T08:58:54.488904+00:00
DGS10,2023-01-16,.,2026-08-05,2026-08-05,2026-08-05T08:58:54.488904+00:00
DGS10,2023-01-17,3.53,2026-08-05,2026-08-05,2026-08-05T08:58:54.488904+00:00
DGS10,2023-01-18,3.37,2026-08-05,2026-08-05,2026-08-05T08:58:54.488904+00:00
DGS10,2023-01-19,3.39,2026-08-05,2026-08-05,2026-08-05T08:58:54.488904+00:00
DGS10,2023-01-20,3.48,2026-08-05,2026-08-05,2026-08-05T08:58:54.488904+00:00
DGS10,2023-01-23,3.52,2026-08-05,2026-08-05,2026-08-05T08:58:54.488904+00:00
DGS10,2023-01-24,3.46,2026-08-05,2026-08-05,2026-08-05T08:58:54.488904+00:00
DGS10,2023-01-25,3.46,2026-08-05,2026-08-05,2026-08-05T08:58:54.488904+00:00
DGS10,2023-01-26,3.49,2026-08-05,2026-08-05,2026-08-05T08:58:54.488904+00:00
DGS10,2023-01-27,3.52,2026-08-05,2026-08-05,2026-08-05T08:58:54.488904+00:00
DGS10,2023-01-30,3.55,2026-08-05,2026-08-05,2026-08-05T08:58:54.488904+00:00
DGS10,2023-01-31,3.52,2026-08-05,2026-08-05,2026-08-05T08:58:54.488904+00:00
DGS10,2023-02-01,3.39,2026-08-05,2026-08-05,2026-08-05T08:58:54.488904+00:00
DGS10,2023-02-02,3.40,2026-08-05,2026-08-05,2026-08-05T08:58:54.488904+00:00
DGS10,2023-02-03,3.53,2026-08-05,2026-08-05,2026-08-05T08:58:54.488904+00:00
DGS10,2023-02-06,3.63,2026-08-05,2026-08-05,2026-08-05T08:58:54.488904+00:00
DGS10,2023-02-07,3.67,2026-08-05,2026-08-05,2026-08-05T08:58:54.488904+00:00
DGS10,2023-02-08,3.63,2026-08-05,2026-08-05,2026-08-05T08:58:54.488904+00:00
DGS10,2023-02-09,3.67,2026-08-05,2026-08-05,2026-08-05T08:58:54.488904+00:00
DGS10,2023-02-10,3.74,2026-08-05,2026-08-05,2026-08-05T08:58:54.488904+00:00
DGS10,2023-02-13,3.72,2026-08-05,2026-08-05,2026-08-05T08:58:54.488904+00:00
DGS10,2023-02-14,3.77,2026-08-05,2026-08-05,2026-08-05T08:58:54.488904+00:00
DGS10,2023-02-15,3.81,2026-08-05,2026-08-05,2026-08-05T08:58:54.488904+00:00
DGS10,2023-02-16,3.86,2026-08-05,2026-08-05,2026-08-05T08:58:54.488904+00:00
DGS10,2023-02-17,3.82,2026-08-05,2026-08-05,2026-08-05T08:58:54.488904+00:00
DGS10,2023-02-20,.,2026-08-05,2026-08-05,2026-08-05T08:58:54.488904+00:00
DGS10,2023-02-21,3.95,2026-08-05,2026-08-05,2026-08-05T08:58:54.488904+00:00
DGS10,2023-02-22,3.93,2026-08-05,2026-08-05,2026-08-05T08:58:54.488904+00:00
DGS10,2023-02-23,3.88,2026-08-05,2026-08-05,2026-08-05T08:58:54.488904+00:00
DGS10,2023-02-24,3.95,2026-08-05,2026-08-05,2026-08-05T08:58:54.488904+00:00
DGS10,2023-02-27,3.92,2026-08-05,2026-08-05,2026-08-05T08:58:54.488904+00:00
DGS10,2023-02-28,3.92,2026-08-05,2026-08-05,2026-08-05T08:58:54.488904+00:00
DGS10,2023-03-01,4.01,2026-08-05,2026-08-05,2026-08-05T08:58:54.488904+00:00
DGS10,2023-03-02,4.08,2026-08-05,2026-08-05,2026-08-05T08:58:54.488904+00:00
DGS10,2023-03-03,3.97,2026-08-05,2026-08-05,2026-08-05T08:58:54.488904+00:00
DGS10,2023-03-06,3.98,2026-08-05,2026-08-05,2026-08-05T08:58:54.488904+00:00
DGS10,2023-03-07,3.97,2026-08-05,2026-08-05,2026-08-05T08:58:54.488904+00:00
DGS10,2023-03-08,3.98,2026-08-05,2026-08-05,2026-08-05T08:58:54.488904+00:00
DGS10,2023-03-09,3.93,2026-08-05,2026-08-05,2026-08-05T08:58:54.488904+00:00
DGS10,2023-03-10,3.70,2026-08-05,2026-08-05,2026-08-05T08:58:54.488904+00:00
DGS10,2023-03-13,3.55,2026-08-05,2026-08-05,2026-08-05T08:58:54.488904+00:00
DGS10,2023-03-14,3.64,2026-08-05,2026-08-05,2026-08-05T08:58:54.488904+00:00
DGS10,2023-03-15,3.51,2026-08-05,2026-08-05,2026-08-05T08:58:54.488904+00:00
DGS10,2023-03-16,3.56,2026-08-05,2026-08-05,2026-08-05T08:58:54.488904+00:00
DGS10,2023-03-17,3.39,2026-08-05,2026-08-05,2026-08-05T08:58:54.488904+00:00
DGS10,2023-03-20,3.47,2026-08-05,2026-08-05,2026-08-05T08:58:54.488904+00:00
DGS10,2023-03-21,3.59,2026-08-05,2026-08-05,2026-08-05T08:58:54.488904+00:00
DGS10,2023-03-22,3.48,2026-08-05,2026-08-05,2026-08-05T08:58:54.488904+00:00
DGS10,2023-03-23,3.38,2026-08-05,2026-08-05,2026-08-05T08:58:54.488904+00:00
DGS10,2023-03-24,3.38,2026-08-05,2026-08-05,2026-08-05T08:58:54.488904+00:00
DGS10,2023-03-27,3.53,2026-08-05,2026-08-05,2026-08-05T08:58:54.488904+00:00
DGS10,2023-03-28,3.55,2026-08-05,2026-08-05,2026-08-05T08:58:54.488904+00:00
DGS10,2023-03-29,3.57,2026-08-05,2026-08-05,2026-08-05T08:58:54.488904+00:00
DGS10,2023-03-30,3.55,2026-08-05,2026-08-05,2026-08-05T08:58:54.488904+00:00
DGS10,2023-03-31,3.48,2026-08-05,2026-08-05,2026-08-05T08:58:54.488904+00:00
DGS10,2023-04-03,3.43,2026-08-05,2026-08-05,2026-08-05T08:58:54.488904+00:00
DGS10,2023-04-04,3.35,2026-08-05,2026-08-05,2026-08-05T08:58:54.488904+00:00
DGS10,2023-04-05,3.30,2026-08-05,2026-08-05,2026-08-05T08:58:54.488904+00:00
DGS10,2023-04-06,3.30,2026-08-05,2026-08-05,2026-08-05T08:58:54.488904+00:00
DGS10,2023-04-07,3.39,2026-08-05,2026-08-05,2026-08-05T08:58:54.488904+00:00
DGS10,2023-04-10,3.41,2026-08-05,2026-08-05,2026-08-05T08:58:54.488904+00:00
DGS10,2023-04-11,3.43,2026-08-05,2026-08-05,2026-08-05T08:58:54.488904+00:00
DGS10,2023-04-12,3.41,2026-08-05,2026-08-05,2026-08-05T08:58:54.488904+00:00
DGS10,2023-04-13,3.45,2026-08-05,2026-08-05,2026-08-05T08:58:54.488904+00:00
DGS10,2023-04-14,3.52,2026-08-05,2026-08-05,2026-08-05T08:58:54.488904+00:00
DGS10,2023-04-17,3.60,2026-08-05,2026-08-05,2026-08-05T08:58:54.488904+00:00
DGS10,2023-04-18,3.58,2026-08-05,2026-08-05,2026-08-05T08:58:54.488904+00:00
DGS10,2023-04-19,3.60,2026-08-05,2026-08-05,2026-08-05T08:58:54.488904+00:00
DGS10,2023-04-20,3.54,2026-08-05,2026-08-05,2026-08-05T08:58:54.488904+00:00
DGS10,2023-04-21,3.57,2026-08-05,2026-08-05,2026-08-05T08:58:54.488904+00:00
DGS10,2023-04-24,3.52,2026-08-05,2026-08-05,2026-08-05T08:58:54.488904+00:00
DGS10,2023-04-25,3.40,2026-08-05,2026-08-05,2026-08-05T08:58:54.488904+00:00
DGS10,2023-04-26,3.43,2026-08-05,2026-08-05,2026-08-05T08:58:54.488904+00:00
DGS10,2023-04-27,3.53,2026-08-05,2026-08-05,2026-08-05T08:58:54.488904+00:00
DGS10,2023-04-28,3.44,2026-08-05,2026-08-05,2026-08-05T08:58:54.488904+00:00
DGS10,2023-05-01,3.59,2026-08-05,2026-08-05,2026-08-05T08:58:54.488904+00:00
DGS10,2023-05-02,3.44,2026-08-05,2026-08-05,2026-08-05T08:58:54.488904+00:00
DGS10,2023-05-03,3.38,2026-08-05,2026-08-05,2026-08-05T08:58:54.488904+00:00
DGS10,2023-05-04,3.37,2026-08-05,2026-08-05,2026-08-05T08:58:54.488904+00:00
DGS10,2023-05-05,3.44,2026-08-05,2026-08-05,2026-08-05T08:58:54.488904+00:00
DGS10,2023-05-08,3.52,2026-08-05,2026-08-05,2026-08-05T08:58:54.488904+00:00
DGS10,2023-05-09,3.53,2026-08-05,2026-08-05,2026-08-05T08:58:54.488904+00:00
DGS10,2023-05-10,3.43,2026-08-05,2026-08-05,2026-08-05T08:58:54.488904+00:00
DGS10,2023-05-11,3.39,2026-08-05,2026-08-05,2026-08-05T08:58:54.488904+00:00
DGS10,2023-05-12,3.46,2026-08-05,2026-08-05,2026-08-05T08:58:54.488904+00:00
DGS10,2023-05-15,3.50,2026-08-05,2026-08-05,2026-08-05T08:58:54.488904+00:00
DGS10,2023-05-16,3.54,2026-08-05,2026-08-05,2026-08-05T08:58:54.488904+00:00
DGS10,2023-05-17,3.57,2026-08-05,2026-08-05,2026-08-05T08:58:54.488904+00:00
DGS10,2023-05-18,3.65,2026-08-05,2026-08-05,2026-08-05T08:58:54.488904+00:00
DGS10,2023-05-19,3.70,2026-08-05,2026-08-05,2026-08-05T08:58:54.488904+00:00
DGS10,2023-05-22,3.72,2026-08-05,2026-08-05,2026-08-05T08:58:54.488904+00:00
DGS10,2023-05-23,3.70,2026-08-05,2026-08-05,2026-08-05T08:58:54.488904+00:00
DGS10,2023-05-24,3.73,2026-08-05,2026-08-05,2026-08-05T08:58:54.488904+00:00
DGS10,2023-05-25,3.83,2026-08-05,2026-08-05,2026-08-05T08:58:54.488904+00:00
DGS10,2023-05-26,3.80,2026-08-05,2026-08-05,2026-08-05T08:58:54.488904+00:00
DGS10,2023-05-29,.,2026-08-05,2026-08-05,2026-08-05T08:58:54.488904+00:00
DGS10,2023-05-30,3.69,2026-08-05,2026-08-05,2026-08-05T08:58:54.488904+00:00
DGS10,2023-05-31,3.64,2026-08-05,2026-08-05,2026-08-05T08:58:54.488904+00:00
DGS10,2023-06-01,3.61,2026-08-05,2026-08-05,2026-08-05T08:58:54.488904+00:00
DGS10,2023-06-02,3.69,2026-08-05,2026-08-05,2026-08-05T08:58:54.488904+00:00
DGS10,2023-06-05,3.69,2026-08-05,2026-08-05,2026-08-05T08:58:54.488904+00:00
DGS10,2023-06-06,3.70,2026-08-05,2026-08-05,2026-08-05T08:58:54.488904+00:00
DGS10,2023-06-07,3.79,2026-08-05,2026-08-05,2026-08-05T08:58:54.488904+00:00
DGS10,2023-06-08,3.73,2026-08-05,2026-08-05,2026-08-05T08:58:54.488904+00:00
DGS10,2023-06-09,3.75,2026-08-05,2026-08-05,2026-08-05T08:58:54.488904+00:00
DGS10,2023-06-12,3.73,2026-08-05,2026-08-05,2026-08-05T08:58:54.488904+00:00
DGS10,2023-06-13,3.84,2026-08-05,2026-08-05,2026-08-05T08:58:54.488904+00:00
DGS10,2023-06-14,3.83,2026-08-05,2026-08-05,2026-08-05T08:58:54.488904+00:00
DGS10,2023-06-15,3.72,2026-08-05,2026-08-05,2026-08-05T08:58:54.488904+00:00
DGS10,2023-06-16,3.77,2026-08-05,2026-08-05,2026-08-05T08:58:54.488904+00:00
DGS10,2023-06-19,.,2026-08-05,2026-08-05,2026-08-05T08:58:54.488904+00:00
DGS10,2023-06-20,3.74,2026-08-05,2026-08-05,2026-08-05T08:58:54.488904+00:00
DGS10,2023-06-21,3.72,2026-08-05,2026-08-05,2026-08-05T08:58:54.488904+00:00
DGS10,2023-06-22,3.80,2026-08-05,2026-08-05,2026-08-05T08:58:54.488904+00:00
DGS10,2023-06-23,3.74,2026-08-05,2026-08-05,2026-08-05T08:58:54.488904+00:00
DGS10,2023-06-26,3.72,2026-08-05,2026-08-05,2026-08-05T08:58:54.488904+00:00
DGS10,2023-06-27,3.77,2026-08-05,2026-08-05,2026-08-05T08:58:54.488904+00:00
DGS10,2023-06-28,3.71,2026-08-05,2026-08-05,2026-08-05T08:58:54.488904+00:00
DGS10,2023-06-29,3.85,2026-08-05,2026-08-05,2026-08-05T08:58:54.488904+00:00
DGS10,2023-06-30,3.81,2026-08-05,2026-08-05,2026-08-05T08:58:54.488904+00:00
DGS10,2023-07-03,3.86,2026-08-05,2026-08-05,2026-08-05T08:58:54.488904+00:00
DGS10,2023-07-04,.,2026-08-05,2026-08-05,2026-08-05T08:58:54.488904+00:00
DGS10,2023-07-05,3.95,2026-08-05,2026-08-05,2026-08-05T08:58:54.488904+00:00
DGS10,2023-07-06,4.05,2026-08-05,2026-08-05,2026-08-05T08:58:54.488904+00:00
DGS10,2023-07-07,4.06,2026-08-05,2026-08-05,2026-08-05T08:58:54.488904+00:00
DGS10,2023-07-10,4.01,2026-08-05,2026-08-05,2026-08-05T08:58:54.488904+00:00
DGS10,2023-07-11,3.99,2026-08-05,2026-08-05,2026-08-05T08:58:54.488904+00:00
DGS10,2023-07-12,3.86,2026-08-05,2026-08-05,2026-08-05T08:58:54.488904+00:00
DGS10,2023-07-13,3.76,2026-08-05,2026-08-05,2026-08-05T08:58:54.488904+00:00
DGS10,2023-07-14,3.83,2026-08-05,2026-08-05,2026-08-05T08:58:54.488904+00:00
DGS10,2023-07-17,3.81,2026-08-05,2026-08-05,2026-08-05T08:58:54.488904+00:00
DGS10,2023-07-18,3.80,2026-08-05,2026-08-05,2026-08-05T08:58:54.488904+00:00
DGS10,2023-07-19,3.75,2026-08-05,2026-08-05,2026-08-05T08:58:54.488904+00:00
DGS10,2023-07-20,3.85,2026-08-05,2026-08-05,2026-08-05T08:58:54.488904+00:00
DGS10,2023-07-21,3.84,2026-08-05,2026-08-05,2026-08-05T08:58:54.488904+00:00
DGS10,2023-07-24,3.86,2026-08-05,2026-08-05,2026-08-05T08:58:54.488904+00:00
DGS10,2023-07-25,3.91,2026-08-05,2026-08-05,2026-08-05T08:58:54.488904+00:00
DGS10,2023-07-26,3.86,2026-08-05,2026-08-05,2026-08-05T08:58:54.488904+00:00
DGS10,2023-07-27,4.01,2026-08-05,2026-08-05,2026-08-05T08:58:54.488904+00:00
DGS10,2023-07-28,3.96,2026-08-05,2026-08-05,2026-08-05T08:58:54.488904+00:00
DGS10,2023-07-31,3.97,2026-08-05,2026-08-05,2026-08-05T08:58:54.488904+00:00
DGS10,2023-08-01,4.05,2026-08-05,2026-08-05,2026-08-05T08:58:54.488904+00:00
DGS10,2023-08-02,4.08,2026-08-05,2026-08-05,2026-08-05T08:58:54.488904+00:00
DGS10,2023-08-03,4.20,2026-08-05,2026-08-05,2026-08-05T08:58:54.488904+00:00
DGS10,2023-08-04,4.05,2026-08-05,2026-08-05,2026-08-05T08:58:54.488904+00:00
DGS10,2023-08-07,4.09,2026-08-05,2026-08-05,2026-08-05T08:58:54.488904+00:00
DGS10,2023-08-08,4.02,2026-08-05,2026-08-05,2026-08-05T08:58:54.488904+00:00
DGS10,2023-08-09,4.00,2026-08-05,2026-08-05,2026-08-05T08:58:54.488904+00:00
DGS10,2023-08-10,4.09,2026-08-05,2026-08-05,2026-08-05T08:58:54.488904+00:00
DGS10,2023-08-11,4.16,2026-08-05,2026-08-05,2026-08-05T08:58:54.488904+00:00
DGS10,2023-08-14,4.19,2026-08-05,2026-08-05,2026-08-05T08:58:54.488904+00:00
DGS10,2023-08-15,4.21,2026-08-05,2026-08-05,2026-08-05T08:58:54.488904+00:00
DGS10,2023-08-16,4.28,2026-08-05,2026-08-05,2026-08-05T08:58:54.488904+00:00
DGS10,2023-08-17,4.30,2026-08-05,2026-08-05,2026-08-05T08:58:54.488904+00:00
DGS10,2023-08-18,4.26,2026-08-05,2026-08-05,2026-08-05T08:58:54.488904+00:00
DGS10,2023-08-21,4.34,2026-08-05,2026-08-05,2026-08-05T08:58:54.488904+00:00
DGS10,2023-08-22,4.34,2026-08-05,2026-08-05,2026-08-05T08:58:54.488904+00:00
DGS10,2023-08-23,4.19,2026-08-05,2026-08-05,2026-08-05T08:58:54.488904+00:00
DGS10,2023-08-24,4.23,2026-08-05,2026-08-05,2026-08-05T08:58:54.488904+00:00
DGS10,2023-08-25,4.25,2026-08-05,2026-08-05,2026-08-05T08:58:54.488904+00:00
DGS10,2023-08-28,4.20,2026-08-05,2026-08-05,2026-08-05T08:58:54.488904+00:00
DGS10,2023-08-29,4.12,2026-08-05,2026-08-05,2026-08-05T08:58:54.488904+00:00
DGS10,2023-08-30,4.12,2026-08-05,2026-08-05,2026-08-05T08:58:54.488904+00:00
DGS10,2023-08-31,4.09,2026-08-05,2026-08-05,2026-08-05T08:58:54.488904+00:00
DGS10,2023-09-01,4.18,2026-08-05,2026-08-05,2026-08-05T08:58:54.488904+00:00
DGS10,2023-09-04,.,2026-08-05,2026-08-05,2026-08-05T08:58:54.488904+00:00
DGS10,2023-09-05,4.27,2026-08-05,2026-08-05,2026-08-05T08:58:54.488904+00:00
DGS10,2023-09-06,4.30,2026-08-05,2026-08-05,2026-08-05T08:58:54.488904+00:00
DGS10,2023-09-07,4.27,2026-08-05,2026-08-05,2026-08-05T08:58:54.488904+00:00
DGS10,2023-09-08,4.26,2026-08-05,2026-08-05,2026-08-05T08:58:54.488904+00:00
DGS10,2023-09-11,4.29,2026-08-05,2026-08-05,2026-08-05T08:58:54.488904+00:00
DGS10,2023-09-12,4.27,2026-08-05,2026-08-05,2026-08-05T08:58:54.488904+00:00
DGS10,2023-09-13,4.25,2026-08-05,2026-08-05,2026-08-05T08:58:54.488904+00:00
DGS10,2023-09-14,4.29,2026-08-05,2026-08-05,2026-08-05T08:58:54.488904+00:00
DGS10,2023-09-15,4.33,2026-08-05,2026-08-05,2026-08-05T08:58:54.488904+00:00
DGS10,2023-09-18,4.32,2026-08-05,2026-08-05,2026-08-05T08:58:54.488904+00:00
DGS10,2023-09-19,4.37,2026-08-05,2026-08-05,2026-08-05T08:58:54.488904+00:00
DGS10,2023-09-20,4.35,2026-08-05,2026-08-05,2026-08-05T08:58:54.488904+00:00
DGS10,2023-09-21,4.49,2026-08-05,2026-08-05,2026-08-05T08:58:54.488904+00:00
DGS10,2023-09-22,4.44,2026-08-05,2026-08-05,2026-08-05T08:58:54.488904+00:00
DGS10,2023-09-25,4.55,2026-08-05,2026-08-05,2026-08-05T08:58:54.488904+00:00
DGS10,2023-09-26,4.56,2026-08-05,2026-08-05,2026-08-05T08:58:54.488904+00:00
DGS10,2023-09-27,4.61,2026-08-05,2026-08-05,2026-08-05T08:58:54.488904+00:00
DGS10,2023-09-28,4.59,2026-08-05,2026-08-05,2026-08-05T08:58:54.488904+00:00
DGS10,2023-09-29,4.59,2026-08-05,2026-08-05,2026-08-05T08:58:54.488904+00:00
DGS10,2023-10-02,4.69,2026-08-05,2026-08-05,2026-08-05T08:58:54.488904+00:00
DGS10,2023-10-03,4.81,2026-08-05,2026-08-05,2026-08-05T08:58:54.488904+00:00
DGS10,2023-10-04,4.73,2026-08-05,2026-08-05,2026-08-05T08:58:54.488904+00:00
DGS10,2023-10-05,4.72,2026-08-05,2026-08-05,2026-08-05T08:58:54.488904+00:00
DGS10,2023-10-06,4.78,2026-08-05,2026-08-05,2026-08-05T08:58:54.488904+00:00
DGS10,2023-10-09,.,2026-08-05,2026-08-05,2026-08-05T08:58:54.488904+00:00
DGS10,2023-10-10,4.66,2026-08-05,2026-08-05,2026-08-05T08:58:54.488904+00:00
DGS10,2023-10-11,4.58,2026-08-05,2026-08-05,2026-08-05T08:58:54.488904+00:00
DGS10,2023-10-12,4.70,2026-08-05,2026-08-05,2026-08-05T08:58:54.488904+00:00
DGS10,2023-10-13,4.63,2026-08-05,2026-08-05,2026-08-05T08:58:54.488904+00:00
DGS10,2023-10-16,4.71,2026-08-05,2026-08-05,2026-08-05T08:58:54.488904+00:00
DGS10,2023-10-17,4.83,2026-08-05,2026-08-05,2026-08-05T08:58:54.488904+00:00
DGS10,2023-10-18,4.91,2026-08-05,2026-08-05,2026-08-05T08:58:54.488904+00:00
DGS10,2023-10-19,4.98,2026-08-05,2026-08-05,2026-08-05T08:58:54.488904+00:00
DGS10,2023-10-20,4.93,2026-08-05,2026-08-05,2026-08-05T08:58:54.488904+00:00
DGS10,2023-10-23,4.86,2026-08-05,2026-08-05,2026-08-05T08:58:54.488904+00:00
DGS10,2023-10-24,4.83,2026-08-05,2026-08-05,2026-08-05T08:58:54.488904+00:00
DGS10,2023-10-25,4.95,2026-08-05,2026-08-05,2026-08-05T08:58:54.488904+00:00
DGS10,2023-10-26,4.86,2026-08-05,2026-08-05,2026-08-05T08:58:54.488904+00:00
DGS10,2023-10-27,4.84,2026-08-05,2026-08-05,2026-08-05T08:58:54.488904+00:00
DGS10,2023-10-30,4.88,2026-08-05,2026-08-05,2026-08-05T08:58:54.488904+00:00
DGS10,2023-10-31,4.88,2026-08-05,2026-08-05,2026-08-05T08:58:54.488904+00:00
DGS10,2023-11-01,4.77,2026-08-05,2026-08-05,2026-08-05T08:58:54.488904+00:00
DGS10,2023-11-02,4.67,2026-08-05,2026-08-05,2026-08-05T08:58:54.488904+00:00
DGS10,2023-11-03,4.57,2026-08-05,2026-08-05,2026-08-05T08:58:54.488904+00:00
DGS10,2023-11-06,4.67,2026-08-05,2026-08-05,2026-08-05T08:58:54.488904+00:00
DGS10,2023-11-07,4.58,2026-08-05,2026-08-05,2026-08-05T08:58:54.488904+00:00
DGS10,2023-11-08,4.49,2026-08-05,2026-08-05,2026-08-05T08:58:54.488904+00:00
DGS10,2023-11-09,4.62,2026-08-05,2026-08-05,2026-08-05T08:58:54.488904+00:00
DGS10,2023-11-10,4.61,2026-08-05,2026-08-05,2026-08-05T08:58:54.488904+00:00
DGS10,2023-11-13,4.63,2026-08-05,2026-08-05,2026-08-05T08:58:54.488904+00:00
DGS10,2023-11-14,4.44,2026-08-05,2026-08-05,2026-08-05T08:58:54.488904+00:00
DGS10,2023-11-15,4.53,2026-08-05,2026-08-05,2026-08-05T08:58:54.488904+00:00
DGS10,2023-11-16,4.45,2026-08-05,2026-08-05,2026-08-05T08:58:54.488904+00:00
DGS10,2023-11-17,4.44,2026-08-05,2026-08-05,2026-08-05T08:58:54.488904+00:00
DGS10,2023-11-20,4.42,2026-08-05,2026-08-05,2026-08-05T08:58:54.488904+00:00
DGS10,2023-11-21,4.41,2026-08-05,2026-08-05,2026-08-05T08:58:54.488904+00:00
DGS10,2023-11-22,4.42,2026-08-05,2026-08-05,2026-08-05T08:58:54.488904+00:00
DGS10,2023-11-23,.,2026-08-05,2026-08-05,2026-08-05T08:58:54.488904+00:00
DGS10,2023-11-24,4.47,2026-08-05,2026-08-05,2026-08-05T08:58:54.488904+00:00
DGS10,2023-11-27,4.39,2026-08-05,2026-08-05,2026-08-05T08:58:54.488904+00:00
DGS10,2023-11-28,4.34,2026-08-05,2026-08-05,2026-08-05T08:58:54.488904+00:00
DGS10,2023-11-29,4.27,2026-08-05,2026-08-05,2026-08-05T08:58:54.488904+00:00
DGS10,2023-11-30,4.37,2026-08-05,2026-08-05,2026-08-05T08:58:54.488904+00:00
DGS10,2023-12-01,4.22,2026-08-05,2026-08-05,2026-08-05T08:58:54.488904+00:00
DGS10,2023-12-04,4.28,2026-08-05,2026-08-05,2026-08-05T08:58:54.488904+00:00
DGS10,2023-12-05,4.18,2026-08-05,2026-08-05,2026-08-05T08:58:54.488904+00:00
DGS10,2023-12-06,4.12,2026-08-05,2026-08-05,2026-08-05T08:58:54.488904+00:00
DGS10,2023-12-07,4.14,2026-08-05,2026-08-05,2026-08-05T08:58:54.488904+00:00
DGS10,2023-12-08,4.23,2026-08-05,2026-08-05,2026-08-05T08:58:54.488904+00:00
DGS10,2023-12-11,4.23,2026-08-05,2026-08-05,2026-08-05T08:58:54.488904+00:00
DGS10,2023-12-12,4.20,2026-08-05,2026-08-05,2026-08-05T08:58:54.488904+00:00
DGS10,2023-12-13,4.04,2026-08-05,2026-08-05,2026-08-05T08:58:54.488904+00:00
DGS10,2023-12-14,3.92,2026-08-05,2026-08-05,2026-08-05T08:58:54.488904+00:00
DGS10,2023-12-15,3.91,2026-08-05,2026-08-05,2026-08-05T08:58:54.488904+00:00
DGS10,2023-12-18,3.95,2026-08-05,2026-08-05,2026-08-05T08:58:54.488904+00:00
DGS10,2023-12-19,3.93,2026-08-05,2026-08-05,2026-08-05T08:58:54.488904+00:00
DGS10,2023-12-20,3.86,2026-08-05,2026-08-05,2026-08-05T08:58:54.488904+00:00
DGS10,2023-12-21,3.89,2026-08-05,2026-08-05,2026-08-05T08:58:54.488904+00:00
DGS10,2023-12-22,3.90,2026-08-05,2026-08-05,2026-08-05T08:58:54.488904+00:00
DGS10,2023-12-25,.,2026-08-05,2026-08-05,2026-08-05T08:58:54.488904+00:00
DGS10,2023-12-26,3.89,2026-08-05,2026-08-05,2026-08-05T08:58:54.488904+00:00
DGS10,2023-12-27,3.79,2026-08-05,2026-08-05,2026-08-05T08:58:54.488904+00:00
DGS10,2023-12-28,3.84,2026-08-05,2026-08-05,2026-08-05T08:58:54.488904+00:00
DGS10,2023-12-29,3.88,2026-08-05,2026-08-05,2026-08-05T08:58:54.488904+00:00
DGS10,2024-01-01,.,2026-08-05,2026-08-05,2026-08-05T08:58:54.488904+00:00
DGS10,2024-01-02,3.95,2026-08-05,2026-08-05,2026-08-05T08:58:54.488904+00:00
DGS10,2024-01-03,3.91,2026-08-05,2026-08-05,2026-08-05T08:58:54.488904+00:00
DGS10,2024-01-04,3.99,2026-08-05,2026-08-05,2026-08-05T08:58:54.488904+00:00
DGS10,2024-01-05,4.05,2026-08-05,2026-08-05,2026-08-05T08:58:54.488904+00:00
DGS10,2024-01-08,4.01,2026-08-05,2026-08-05,2026-08-05T08:58:54.488904+00:00
DGS10,2024-01-09,4.02,2026-08-05,2026-08-05,2026-08-05T08:58:54.488904+00:00
DGS10,2024-01-10,4.04,2026-08-05,2026-08-05,2026-08-05T08:58:54.488904+00:00
DGS10,2024-01-11,3.98,2026-08-05,2026-08-05,2026-08-05T08:58:54.488904+00:00
DGS10,2024-01-12,3.96,2026-08-05,2026-08-05,2026-08-05T08:58:54.488904+00:00
DGS10,2024-01-15,.,2026-08-05,2026-08-05,2026-08-05T08:58:54.488904+00:00
DGS10,2024-01-16,4.07,2026-08-05,2026-08-05,2026-08-05T08:58:54.488904+00:00
DGS10,2024-01-17,4.10,2026-08-05,2026-08-05,2026-08-05T08:58:54.488904+00:00
DGS10,2024-01-18,4.14,2026-08-05,2026-08-05,2026-08-05T08:58:54.488904+00:00
DGS10,2024-01-19,4.15,2026-08-05,2026-08-05,2026-08-05T08:58:54.488904+00:00
DGS10,2024-01-22,4.11,2026-08-05,2026-08-05,2026-08-05T08:58:54.488904+00:00
DGS10,2024-01-23,4.14,2026-08-05,2026-08-05,2026-08-05T08:58:54.488904+00:00
DGS10,2024-01-24,4.18,2026-08-05,2026-08-05,2026-08-05T08:58:54.488904+00:00
DGS10,2024-01-25,4.14,2026-08-05,2026-08-05,2026-08-05T08:58:54.488904+00:00
DGS10,2024-01-26,4.15,2026-08-05,2026-08-05,2026-08-05T08:58:54.488904+00:00
DGS10,2024-01-29,4.08,2026-08-05,2026-08-05,2026-08-05T08:58:54.488904+00:00
DGS10,2024-01-30,4.06,2026-08-05,2026-08-05,2026-08-05T08:58:54.488904+00:00
DGS10,2024-01-31,3.99,2026-08-05,2026-08-05,2026-08-05T08:58:54.488904+00:00
DGS10,2024-02-01,3.87,2026-08-05,2026-08-05,2026-08-05T08:58:54.488904+00:00
DGS10,2024-02-02,4.03,2026-08-05,2026-08-05,2026-08-05T08:58:54.488904+00:00
DGS10,2024-02-05,4.17,2026-08-05,2026-08-05,2026-08-05T08:58:54.488904+00:00
DGS10,2024-02-06,4.09,2026-08-05,2026-08-05,2026-08-05T08:58:54.488904+00:00
DGS10,2024-02-07,4.09,2026-08-05,2026-08-05,2026-08-05T08:58:54.488904+00:00
DGS10,2024-02-08,4.15,2026-08-05,2026-08-05,2026-08-05T08:58:54.488904+00:00
DGS10,2024-02-09,4.17,2026-08-05,2026-08-05,2026-08-05T08:58:54.488904+00:00
DGS10,2024-02-12,4.17,2026-08-05,2026-08-05,2026-08-05T08:58:54.488904+00:00
DGS10,2024-02-13,4.31,2026-08-05,2026-08-05,2026-08-05T08:58:54.488904+00:00
DGS10,2024-02-14,4.27,2026-08-05,2026-08-05,2026-08-05T08:58:54.488904+00:00
DGS10,2024-02-15,4.24,2026-08-05,2026-08-05,2026-08-05T08:58:54.488904+00:00
DGS10,2024-02-16,4.3,2026-08-05,2026-08-05,2026-08-05T08:58:54.488904+00:00
DGS10,2024-02-19,.,2026-08-05,2026-08-05,2026-08-05T08:58:54.488904+00:00
DGS10,2024-02-20,4.27,2026-08-05,2026-08-05,2026-08-05T08:58:54.488904+00:00
DGS10,2024-02-21,4.32,2026-08-05,2026-08-05,2026-08-05T08:58:54.488904+00:00
DGS10,2024-02-22,4.33,2026-08-05,2026-08-05,2026-08-05T08:58:54.488904+00:00
DGS10,2024-02-23,4.26,2026-08-05,2026-08-05,2026-08-05T08:58:54.488904+00:00
DGS10,2024-02-26,4.28,2026-08-05,2026-08-05,2026-08-05T08:58:54.488904+00:00
DGS10,2024-02-27,4.31,2026-08-05,2026-08-05,2026-08-05T08:58:54.488904+00:00
DGS10,2024-02-28,4.27,2026-08-05,2026-08-05,2026-08-05T08:58:54.488904+00:00
DGS10,2024-02-29,4.25,2026-08-05,2026-08-05,2026-08-05T08:58:54.488904+00:00
DGS10,2024-03-01,4.19,2026-08-05,2026-08-05,2026-08-05T08:58:54.488904+00:00
DGS10,2024-03-04,4.22,2026-08-05,2026-08-05,2026-08-05T08:58:54.488904+00:00
DGS10,2024-03-05,4.13,2026-08-05,2026-08-05,2026-08-05T08:58:54.488904+00:00
DGS10,2024-03-06,4.11,2026-08-05,2026-08-05,2026-08-05T08:58:54.488904+00:00
DGS10,2024-03-07,4.09,2026-08-05,2026-08-05,2026-08-05T08:58:54.488904+00:00
DGS10,2024-03-08,4.09,2026-08-05,2026-08-05,2026-08-05T08:58:54.488904+00:00
DGS10,2024-03-11,4.1,2026-08-05,2026-08-05,2026-08-05T08:58:54.488904+00:00
DGS10,2024-03-12,4.16,2026-08-05,2026-08-05,2026-08-05T08:58:54.488904+00:00
DGS10,2024-03-13,4.19,2026-08-05,2026-08-05,2026-08-05T08:58:54.488904+00:00
DGS10,2024-03-14,4.29,2026-08-05,2026-08-05,2026-08-05T08:58:54.488904+00:00
DGS10,2024-03-15,4.31,2026-08-05,2026-08-05,2026-08-05T08:58:54.488904+00:00
DGS10,2024-03-18,4.34,2026-08-05,2026-08-05,2026-08-05T08:58:54.488904+00:00
DGS10,2024-03-19,4.3,2026-08-05,2026-08-05,2026-08-05T08:58:54.488904+00:00
DGS10,2024-03-20,4.27,2026-08-05,2026-08-05,2026-08-05T08:58:54.488904+00:00
DGS10,2024-03-21,4.27,2026-08-05,2026-08-05,2026-08-05T08:58:54.488904+00:00
DGS10,2024-03-22,4.22,2026-08-05,2026-08-05,2026-08-05T08:58:54.488904+00:00
DGS10,2024-03-25,4.25,2026-08-05,2026-08-05,2026-08-05T08:58:54.488904+00:00
DGS10,2024-03-26,4.24,2026-08-05,2026-08-05,2026-08-05T08:58:54.488904+00:00
DGS10,2024-03-27,4.2,2026-08-05,2026-08-05,2026-08-05T08:58:54.488904+00:00
DGS10,2024-03-28,4.2,2026-08-05,2026-08-05,2026-08-05T08:58:54.488904+00:00
DGS10,2024-03-29,.,2026-08-05,2026-08-05,2026-08-05T08:58:54.488904+00:00
DGS10,2024-04-01,4.33,2026-08-05,2026-08-05,2026-08-05T08:58:54.488904+00:00
DGS10,2024-04-02,4.36,2026-08-05,2026-08-05,2026-08-05T08:58:54.488904+00:00
DGS10,2024-04-03,4.36,2026-08-05,2026-08-05,2026-08-05T08:58:54.488904+00:00
DGS10,2024-04-04,4.31,2026-08-05,2026-08-05,2026-08-05T08:58:54.488904+00:00
DGS10,2024-04-05,4.39,2026-08-05,2026-08-05,2026-08-05T08:58:54.488904+00:00
DGS10,2024-04-08,4.42,2026-08-05,2026-08-05,2026-08-05T08:58:54.488904+00:00
DGS10,2024-04-09,4.36,2026-08-05,2026-08-05,2026-08-05T08:58:54.488904+00:00
DGS10,2024-04-10,4.55,2026-08-05,2026-08-05,2026-08-05T08:58:54.488904+00:00
DGS10,2024-04-11,4.56,2026-08-05,2026-08-05,2026-08-05T08:58:54.488904+00:00
DGS10,2024-04-12,4.5,2026-08-05,2026-08-05,2026-08-05T08:58:54.488904+00:00
DGS10,2024-04-15,4.63,2026-08-05,2026-08-05,2026-08-05T08:58:54.488904+00:00
DGS10,2024-04-16,4.67,2026-08-05,2026-08-05,2026-08-05T08:58:54.488904+00:00
DGS10,2024-04-17,4.59,2026-08-05,2026-08-05,2026-08-05T08:58:54.488904+00:00
DGS10,2024-04-18,4.64,2026-08-05,2026-08-05,2026-08-05T08:58:54.488904+00:00
DGS10,2024-04-19,4.62,2026-08-05,2026-08-05,2026-08-05T08:58:54.488904+00:00
DGS10,2024-04-22,4.62,2026-08-05,2026-08-05,2026-08-05T08:58:54.488904+00:00
DGS10,2024-04-23,4.61,2026-08-05,2026-08-05,2026-08-05T08:58:54.488904+00:00
DGS10,2024-04-24,4.65,2026-08-05,2026-08-05,2026-08-05T08:58:54.488904+00:00
DGS10,2024-04-25,4.7,2026-08-05,2026-08-05,2026-08-05T08:58:54.488904+00:00
DGS10,2024-04-26,4.67,2026-08-05,2026-08-05,2026-08-05T08:58:54.488904+00:00
DGS10,2024-04-29,4.63,2026-08-05,2026-08-05,2026-08-05T08:58:54.488904+00:00
DGS10,2024-04-30,4.69,2026-08-05,2026-08-05,2026-08-05T08:58:54.488904+00:00
DGS10,2024-05-01,4.63,2026-08-05,2026-08-05,2026-08-05T08:58:54.488904+00:00
DGS10,2024-05-02,4.58,2026-08-05,2026-08-05,2026-08-05T08:58:54.488904+00:00
DGS10,2024-05-03,4.5,2026-08-05,2026-08-05,2026-08-05T08:58:54.488904+00:00
DGS10,2024-05-06,4.49,2026-08-05,2026-08-05,2026-08-05T08:58:54.488904+00:00
DGS10,2024-05-07,4.47,2026-08-05,2026-08-05,2026-08-05T08:58:54.488904+00:00
DGS10,2024-05-08,4.48,2026-08-05,2026-08-05,2026-08-05T08:58:54.488904+00:00
DGS10,2024-05-09,4.45,2026-08-05,2026-08-05,2026-08-05T08:58:54.488904+00:00
DGS10,2024-05-10,4.5,2026-08-05,2026-08-05,2026-08-05T08:58:54.488904+00:00
DGS10,2024-05-13,4.48,2026-08-05,2026-08-05,2026-08-05T08:58:54.488904+00:00
DGS10,2024-05-14,4.45,2026-08-05,2026-08-05,2026-08-05T08:58:54.488904+00:00
DGS10,2024-05-15,4.36,2026-08-05,2026-08-05,2026-08-05T08:58:54.488904+00:00
DGS10,2024-05-16,4.38,2026-08-05,2026-08-05,2026-08-05T08:58:54.488904+00:00
DGS10,2024-05-17,4.42,2026-08-05,2026-08-05,2026-08-05T08:58:54.488904+00:00
DGS10,2024-05-20,4.44,2026-08-05,2026-08-05,2026-08-05T08:58:54.488904+00:00
DGS10,2024-05-21,4.41,2026-08-05,2026-08-05,2026-08-05T08:58:54.488904+00:00
DGS10,2024-05-22,4.43,2026-08-05,2026-08-05,2026-08-05T08:58:54.488904+00:00
DGS10,2024-05-23,4.47,2026-08-05,2026-08-05,2026-08-05T08:58:54.488904+00:00
DGS10,2024-05-24,4.46,2026-08-05,2026-08-05,2026-08-05T08:58:54.488904+00:00
DGS10,2024-05-27,.,2026-08-05,2026-08-05,2026-08-05T08:58:54.488904+00:00
DGS10,2024-05-28,4.54,2026-08-05,2026-08-05,2026-08-05T08:58:54.488904+00:00
DGS10,2024-05-29,4.61,2026-08-05,2026-08-05,2026-08-05T08:58:54.488904+00:00
DGS10,2024-05-30,4.55,2026-08-05,2026-08-05,2026-08-05T08:58:54.488904+00:00
DGS10,2024-05-31,4.51,2026-08-05,2026-08-05,2026-08-05T08:58:54.488904+00:00
DGS10,2024-06-03,4.41,2026-08-05,2026-08-05,2026-08-05T08:58:54.488904+00:00
DGS10,2024-06-04,4.33,2026-08-05,2026-08-05,2026-08-05T08:58:54.488904+00:00
DGS10,2024-06-05,4.29,2026-08-05,2026-08-05,2026-08-05T08:58:54.488904+00:00
DGS10,2024-06-06,4.28,2026-08-05,2026-08-05,2026-08-05T08:58:54.488904+00:00
DGS10,2024-06-07,4.43,2026-08-05,2026-08-05,2026-08-05T08:58:54.488904+00:00
DGS10,2024-06-10,4.47,2026-08-05,2026-08-05,2026-08-05T08:58:54.488904+00:00
DGS10,2024-06-11,4.39,2026-08-05,2026-08-05,2026-08-05T08:58:54.488904+00:00
DGS10,2024-06-12,4.31,2026-08-05,2026-08-05,2026-08-05T08:58:54.488904+00:00
DGS10,2024-06-13,4.24,2026-08-05,2026-08-05,2026-08-05T08:58:54.488904+00:00
DGS10,2024-06-14,4.2,2026-08-05,2026-08-05,2026-08-05T08:58:54.488904+00:00
DGS10,2024-06-17,4.28,2026-08-05,2026-08-05,2026-08-05T08:58:54.488904+00:00
DGS10,2024-06-18,4.22,2026-08-05,2026-08-05,2026-08-05T08:58:54.488904+00:00
DGS10,2024-06-19,.,2026-08-05,2026-08-05,2026-08-05T08:58:54.488904+00:00
DGS10,2024-06-20,4.25,2026-08-05,2026-08-05,2026-08-05T08:58:54.488904+00:00
DGS10,2024-06-21,4.25,2026-08-05,2026-08-05,2026-08-05T08:58:54.488904+00:00
DGS10,2024-06-24,4.25,2026-08-05,2026-08-05,2026-08-05T08:58:54.488904+00:00
DGS10,2024-06-25,4.23,2026-08-05,2026-08-05,2026-08-05T08:58:54.488904+00:00
DGS10,2024-06-26,4.32,2026-08-05,2026-08-05,2026-08-05T08:58:54.488904+00:00
DGS10,2024-06-27,4.29,2026-08-05,2026-08-05,2026-08-05T08:58:54.488904+00:00
DGS10,2024-06-28,4.36,2026-08-05,2026-08-05,2026-08-05T08:58:54.488904+00:00
DGS10,2024-07-01,4.48,2026-08-05,2026-08-05,2026-08-05T08:58:54.488904+00:00
DGS10,2024-07-02,4.43,2026-08-05,2026-08-05,2026-08-05T08:58:54.488904+00:00
DGS10,2024-07-03,4.36,2026-08-05,2026-08-05,2026-08-05T08:58:54.488904+00:00
DGS10,2024-07-04,.,2026-08-05,2026-08-05,2026-08-05T08:58:54.488904+00:00
DGS10,2024-07-05,4.28,2026-08-05,2026-08-05,2026-08-05T08:58:54.488904+00:00
DGS10,2024-07-08,4.28,2026-08-05,2026-08-05,2026-08-05T08:58:54.488904+00:00
DGS10,2024-07-09,4.3,2026-08-05,2026-08-05,2026-08-05T08:58:54.488904+00:00
DGS10,2024-07-10,4.28,2026-08-05,2026-08-05,2026-08-05T08:58:54.488904+00:00
DGS10,2024-07-11,4.2,2026-08-05,2026-08-05,2026-08-05T08:58:54.488904+00:00
DGS10,2024-07-12,4.18,2026-08-05,2026-08-05,2026-08-05T08:58:54.488904+00:00
DGS10,2024-07-15,4.23,2026-08-05,2026-08-05,2026-08-05T08:58:54.488904+00:00
DGS10,2024-07-16,4.17,2026-08-05,2026-08-05,2026-08-05T08:58:54.488904+00:00
DGS10,2024-07-17,4.16,2026-08-05,2026-08-05,2026-08-05T08:58:54.488904+00:00
DGS10,2024-07-18,4.2,2026-08-05,2026-08-05,2026-08-05T08:58:54.488904+00:00
DGS10,2024-07-19,4.25,2026-08-05,2026-08-05,2026-08-05T08:58:54.488904+00:00
DGS10,2024-07-22,4.26,2026-08-05,2026-08-05,2026-08-05T08:58:54.488904+00:00
DGS10,2024-07-23,4.25,2026-08-05,2026-08-05,2026-08-05T08:58:54.488904+00:00
DGS10,2024-07-24,4.28,2026-08-05,2026-08-05,2026-08-05T08:58:54.488904+00:00
DGS10,2024-07-25,4.27,2026-08-05,2026-08-05,2026-08-05T08:58:54.488904+00:00
DGS10,2024-07-26,4.2,2026-08-05,2026-08-05,2026-08-05T08:58:54.488904+00:00
DGS10,2024-07-29,4.17,2026-08-05,2026-08-05,2026-08-05T08:58:54.488904+00:00
DGS10,2024-07-30,4.15,2026-08-05,2026-08-05,2026-08-05T08:58:54.488904+00:00
DGS10,2024-07-31,4.09,2026-08-05,2026-08-05,2026-08-05T08:58:54.488904+00:00
DGS10,2024-08-01,3.99,2026-08-05,2026-08-05,2026-08-05T08:58:54.488904+00:00
DGS10,2024-08-02,3.8,2026-08-05,2026-08-05,2026-08-05T08:58:54.488904+00:00
DGS10,2024-08-05,3.78,2026-08-05,2026-08-05,2026-08-05T08:58:54.488904+00:00
DGS10,2024-08-06,3.9,2026-08-05,2026-08-05,2026-08-05T08:58:54.488904+00:00
DGS10,2024-08-07,3.96,2026-08-05,2026-08-05,2026-08-05T08:58:54.488904+00:00
DGS10,2024-08-08,3.99,2026-08-05,2026-08-05,2026-08-05T08:58:54.488904+00:00
DGS10,2024-08-09,3.94,2026-08-05,2026-08-05,2026-08-05T08:58:54.488904+00:00
DGS10,2024-08-12,3.9,2026-08-05,2026-08-05,2026-08-05T08:58:54.488904+00:00
DGS10,2024-08-13,3.85,2026-08-05,2026-08-05,2026-08-05T08:58:54.488904+00:00
DGS10,2024-08-14,3.83,2026-08-05,2026-08-05,2026-08-05T08:58:54.488904+00:00
DGS10,2024-08-15,3.92,2026-08-05,2026-08-05,2026-08-05T08:58:54.488904+00:00
DGS10,2024-08-16,3.89,2026-08-05,2026-08-05,2026-08-05T08:58:54.488904+00:00
DGS10,2024-08-19,3.86,2026-08-05,2026-08-05,2026-08-05T08:58:54.488904+00:00
DGS10,2024-08-20,3.82,2026-08-05,2026-08-05,2026-08-05T08:58:54.488904+00:00
DGS10,2024-08-21,3.79,2026-08-05,2026-08-05,2026-08-05T08:58:54.488904+00:00
DGS10,2024-08-22,3.86,2026-08-05,2026-08-05,2026-08-05T08:58:54.488904+00:00
DGS10,2024-08-23,3.81,2026-08-05,2026-08-05,2026-08-05T08:58:54.488904+00:00
DGS10,2024-08-26,3.82,2026-08-05,2026-08-05,2026-08-05T08:58:54.488904+00:00
DGS10,2024-08-27,3.83,2026-08-05,2026-08-05,2026-08-05T08:58:54.488904+00:00
DGS10,2024-08-28,3.84,2026-08-05,2026-08-05,2026-08-05T08:58:54.488904+00:00
DGS10,2024-08-29,3.87,2026-08-05,2026-08-05,2026-08-05T08:58:54.488904+00:00
DGS10,2024-08-30,3.91,2026-08-05,2026-08-05,2026-08-05T08:58:54.488904+00:00
DGS10,2024-09-02,.,2026-08-05,2026-08-05,2026-08-05T08:58:54.488904+00:00
DGS10,2024-09-03,3.84,2026-08-05,2026-08-05,2026-08-05T08:58:54.488904+00:00
DGS10,2024-09-04,3.77,2026-08-05,2026-08-05,2026-08-05T08:58:54.488904+00:00
DGS10,2024-09-05,3.73,2026-08-05,2026-08-05,2026-08-05T08:58:54.488904+00:00
DGS10,2024-09-06,3.72,2026-08-05,2026-08-05,2026-08-05T08:58:54.488904+00:00
DGS10,2024-09-09,3.7,2026-08-05,2026-08-05,2026-08-05T08:58:54.488904+00:00
DGS10,2024-09-10,3.65,2026-08-05,2026-08-05,2026-08-05T08:58:54.488904+00:00
DGS10,2024-09-11,3.65,2026-08-05,2026-08-05,2026-08-05T08:58:54.488904+00:00
DGS10,2024-09-12,3.68,2026-08-05,2026-08-05,2026-08-05T08:58:54.488904+00:00
DGS10,2024-09-13,3.66,2026-08-05,2026-08-05,2026-08-05T08:58:54.488904+00:00
DGS10,2024-09-16,3.63,2026-08-05,2026-08-05,2026-08-05T08:58:54.488904+00:00
DGS10,2024-09-17,3.65,2026-08-05,2026-08-05,2026-08-05T08:58:54.488904+00:00
DGS10,2024-09-18,3.7,2026-08-05,2026-08-05,2026-08-05T08:58:54.488904+00:00
DGS10,2024-09-19,3.73,2026-08-05,2026-08-05,2026-08-05T08:58:54.488904+00:00
DGS10,2024-09-20,3.73,2026-08-05,2026-08-05,2026-08-05T08:58:54.488904+00:00
DGS10,2024-09-23,3.75,2026-08-05,2026-08-05,2026-08-05T08:58:54.488904+00:00
DGS10,2024-09-24,3.74,2026-08-05,2026-08-05,2026-08-05T08:58:54.488904+00:00
DGS10,2024-09-25,3.79,2026-08-05,2026-08-05,2026-08-05T08:58:54.488904+00:00
DGS10,2024-09-26,3.79,2026-08-05,2026-08-05,2026-08-05T08:58:54.488904+00:00
DGS10,2024-09-27,3.75,2026-08-05,2026-08-05,2026-08-05T08:58:54.488904+00:00
DGS10,2024-09-30,3.81,2026-08-05,2026-08-05,2026-08-05T08:58:54.488904+00:00
DGS10,2024-10-01,3.74,2026-08-05,2026-08-05,2026-08-05T08:58:54.488904+00:00
DGS10,2024-10-02,3.79,2026-08-05,2026-08-05,2026-08-05T08:58:54.488904+00:00
DGS10,2024-10-03,3.85,2026-08-05,2026-08-05,2026-08-05T08:58:54.488904+00:00
DGS10,2024-10-04,3.98,2026-08-05,2026-08-05,2026-08-05T08:58:54.488904+00:00
DGS10,2024-10-07,4.03,2026-08-05,2026-08-05,2026-08-05T08:58:54.488904+00:00
DGS10,2024-10-08,4.04,2026-08-05,2026-08-05,2026-08-05T08:58:54.488904+00:00
DGS10,2024-10-09,4.06,2026-08-05,2026-08-05,2026-08-05T08:58:54.488904+00:00
DGS10,2024-10-10,4.09,2026-08-05,2026-08-05,2026-08-05T08:58:54.488904+00:00
DGS10,2024-10-11,4.08,2026-08-05,2026-08-05,2026-08-05T08:58:54.488904+00:00
DGS10,2024-10-14,.,2026-08-05,2026-08-05,2026-08-05T08:58:54.488904+00:00
DGS10,2024-10-15,4.03,2026-08-05,2026-08-05,2026-08-05T08:58:54.488904+00:00
DGS10,2024-10-16,4.02,2026-08-05,2026-08-05,2026-08-05T08:58:54.488904+00:00
DGS10,2024-10-17,4.09,2026-08-05,2026-08-05,2026-08-05T08:58:54.488904+00:00
DGS10,2024-10-18,4.08,2026-08-05,2026-08-05,2026-08-05T08:58:54.488904+00:00
DGS10,2024-10-21,4.19,2026-08-05,2026-08-05,2026-08-05T08:58:54.488904+00:00
DGS10,2024-10-22,4.2,2026-08-05,2026-08-05,2026-08-05T08:58:54.488904+00:00
DGS10,2024-10-23,4.24,2026-08-05,2026-08-05,2026-08-05T08:58:54.488904+00:00
DGS10,2024-10-24,4.21,2026-08-05,2026-08-05,2026-08-05T08:58:54.488904+00:00
DGS10,2024-10-25,4.25,2026-08-05,2026-08-05,2026-08-05T08:58:54.488904+00:00
DGS10,2024-10-28,4.28,2026-08-05,2026-08-05,2026-08-05T08:58:54.488904+00:00
DGS10,2024-10-29,4.28,2026-08-05,2026-08-05,2026-08-05T08:58:54.488904+00:00
DGS10,2024-10-30,4.29,2026-08-05,2026-08-05,2026-08-05T08:58:54.488904+00:00
DGS10,2024-10-31,4.28,2026-08-05,2026-08-05,2026-08-05T08:58:54.488904+00:00
DGS10,2024-11-01,4.37,2026-08-05,2026-08-05,2026-08-05T08:58:54.488904+00:00
DGS10,2024-11-04,4.31,2026-08-05,2026-08-05,2026-08-05T08:58:54.488904+00:00
DGS10,2024-11-05,4.26,2026-08-05,2026-08-05,2026-08-05T08:58:54.488904+00:00
DGS10,2024-11-06,4.42,2026-08-05,2026-08-05,2026-08-05T08:58:54.488904+00:00
DGS10,2024-11-07,4.31,2026-08-05,2026-08-05,2026-08-05T08:58:54.488904+00:00
DGS10,2024-11-08,4.3,2026-08-05,2026-08-05,2026-08-05T08:58:54.488904+00:00
DGS10,2024-11-11,.,2026-08-05,2026-08-05,2026-08-05T08:58:54.488904+00:00
DGS10,2024-11-12,4.43,2026-08-05,2026-08-05,2026-08-05T08:58:54.488904+00:00
DGS10,2024-11-13,4.44,2026-08-05,2026-08-05,2026-08-05T08:58:54.488904+00:00
DGS10,2024-11-14,4.43,2026-08-05,2026-08-05,2026-08-05T08:58:54.488904+00:00
DGS10,2024-11-15,4.43,2026-08-05,2026-08-05,2026-08-05T08:58:54.488904+00:00
DGS10,2024-11-18,4.42,2026-08-05,2026-08-05,2026-08-05T08:58:54.488904+00:00
DGS10,2024-11-19,4.39,2026-08-05,2026-08-05,2026-08-05T08:58:54.488904+00:00
DGS10,2024-11-20,4.41,2026-08-05,2026-08-05,2026-08-05T08:58:54.488904+00:00
DGS10,2024-11-21,4.43,2026-08-05,2026-08-05,2026-08-05T08:58:54.488904+00:00
DGS10,2024-11-22,4.41,2026-08-05,2026-08-05,2026-08-05T08:58:54.488904+00:00
DGS10,2024-11-25,4.27,2026-08-05,2026-08-05,2026-08-05T08:58:54.488904+00:00
DGS10,2024-11-26,4.3,2026-08-05,2026-08-05,2026-08-05T08:58:54.488904+00:00
DGS10,2024-11-27,4.25,2026-08-05,2026-08-05,2026-08-05T08:58:54.488904+00:00
DGS10,2024-11-28,.,2026-08-05,2026-08-05,2026-08-05T08:58:54.488904+00:00
DGS10,2024-11-29,4.18,2026-08-05,2026-08-05,2026-08-05T08:58:54.488904+00:00
DGS10,2024-12-02,4.19,2026-08-05,2026-08-05,2026-08-05T08:58:54.488904+00:00
DGS10,2024-12-03,4.23,2026-08-05,2026-08-05,2026-08-05T08:58:54.488904+00:00
DGS10,2024-12-04,4.19,2026-08-05,2026-08-05,2026-08-05T08:58:54.488904+00:00
DGS10,2024-12-05,4.17,2026-08-05,2026-08-05,2026-08-05T08:58:54.488904+00:00
DGS10,2024-12-06,4.15,2026-08-05,2026-08-05,2026-08-05T08:58:54.488904+00:00
DGS10,2024-12-09,4.2,2026-08-05,2026-08-05,2026-08-05T08:58:54.488904+00:00
DGS10,2024-12-10,4.22,2026-08-05,2026-08-05,2026-08-05T08:58:54.488904+00:00
DGS10,2024-12-11,4.26,2026-08-05,2026-08-05,2026-08-05T08:58:54.488904+00:00
DGS10,2024-12-12,4.32,2026-08-05,2026-08-05,2026-08-05T08:58:54.488904+00:00
DGS10,2024-12-13,4.4,2026-08-05,2026-08-05,2026-08-05T08:58:54.488904+00:00
DGS10,2024-12-16,4.39,2026-08-05,2026-08-05,2026-08-05T08:58:54.488904+00:00
DGS10,2024-12-17,4.4,2026-08-05,2026-08-05,2026-08-05T08:58:54.488904+00:00
DGS10,2024-12-18,4.5,2026-08-05,2026-08-05,2026-08-05T08:58:54.488904+00:00
DGS10,2024-12-19,4.57,2026-08-05,2026-08-05,2026-08-05T08:58:54.488904+00:00
DGS10,2024-12-20,4.52,2026-08-05,2026-08-05,2026-08-05T08:58:54.488904+00:00
DGS10,2024-12-23,4.59,2026-08-05,2026-08-05,2026-08-05T08:58:54.488904+00:00
DGS10,2024-12-24,4.59,2026-08-05,2026-08-05,2026-08-05T08:58:54.488904+00:00
DGS10,2024-12-25,.,2026-08-05,2026-08-05,2026-08-05T08:58:54.488904+00:00
DGS10,2024-12-26,4.58,2026-08-05,2026-08-05,2026-08-05T08:58:54.488904+00:00
DGS10,2024-12-27,4.62,2026-08-05,2026-08-05,2026-08-05T08:58:54.488904+00:00
DGS10,2024-12-30,4.55,2026-08-05,2026-08-05,2026-08-05T08:58:54.488904+00:00
DGS10,2024-12-31,4.58,2026-08-05,2026-08-05,2026-08-05T08:58:54.488904+00:00
DGS10,2025-01-01,.,2026-08-05,2026-08-05,2026-08-05T08:58:54.488904+00:00
DGS10,2025-01-02,4.57,2026-08-05,2026-08-05,2026-08-05T08:58:54.488904+00:00
DGS10,2025-01-03,4.6,2026-08-05,2026-08-05,2026-08-05T08:58:54.488904+00:00
DGS10,2025-01-06,4.62,2026-08-05,2026-08-05,2026-08-05T08:58:54.488904+00:00
DGS10,2025-01-07,4.67,2026-08-05,2026-08-05,2026-08-05T08:58:54.488904+00:00
DGS10,2025-01-08,4.67,2026-08-05,2026-08-05,2026-08-05T08:58:54.488904+00:00
DGS10,2025-01-09,4.68,2026-08-05,2026-08-05,2026-08-05T08:58:54.488904+00:00
DGS10,2025-01-10,4.77,2026-08-05,2026-08-05,2026-08-05T08:58:54.488904+00:00
DGS10,2025-01-13,4.79,2026-08-05,2026-08-05,2026-08-05T08:58:54.488904+00:00
DGS10,2025-01-14,4.78,2026-08-05,2026-08-05,2026-08-05T08:58:54.488904+00:00
DGS10,2025-01-15,4.66,2026-08-05,2026-08-05,2026-08-05T08:58:54.488904+00:00
DGS10,2025-01-16,4.61,2026-08-05,2026-08-05,2026-08-05T08:58:54.488904+00:00
DGS10,2025-01-17,4.61,2026-08-05,2026-08-05,2026-08-05T08:58:54.488904+00:00
DGS10,2025-01-20,.,2026-08-05,2026-08-05,2026-08-05T08:58:54.488904+00:00
DGS10,2025-01-21,4.57,2026-08-05,2026-08-05,2026-08-05T08:58:54.488904+00:00
DGS10,2025-01-22,4.6,2026-08-05,2026-08-05,2026-08-05T08:58:54.488904+00:00
DGS10,2025-01-23,4.65,2026-08-05,2026-08-05,2026-08-05T08:58:54.488904+00:00
DGS10,2025-01-24,4.63,2026-08-05,2026-08-05,2026-08-05T08:58:54.488904+00:00
DGS10,2025-01-27,4.53,2026-08-05,2026-08-05,2026-08-05T08:58:54.488904+00:00
DGS10,2025-01-28,4.55,2026-08-05,2026-08-05,2026-08-05T08:58:54.488904+00:00
DGS10,2025-01-29,4.55,2026-08-05,2026-08-05,2026-08-05T08:58:54.488904+00:00
DGS10,2025-01-30,4.52,2026-08-05,2026-08-05,2026-08-05T08:58:54.488904+00:00
DGS10,2025-01-31,4.58,2026-08-05,2026-08-05,2026-08-05T08:58:54.488904+00:00
DGS10,2025-02-03,4.54,2026-08-05,2026-08-05,2026-08-05T08:58:54.488904+00:00
DGS10,2025-02-04,4.52,2026-08-05,2026-08-05,2026-08-05T08:58:54.488904+00:00
DGS10,2025-02-05,4.43,2026-08-05,2026-08-05,2026-08-05T08:58:54.488904+00:00
DGS10,2025-02-06,4.45,2026-08-05,2026-08-05,2026-08-05T08:58:54.488904+00:00
DGS10,2025-02-07,4.49,2026-08-05,2026-08-05,2026-08-05T08:58:54.488904+00:00
DGS10,2025-02-10,4.51,2026-08-05,2026-08-05,2026-08-05T08:58:54.488904+00:00
DGS10,2025-02-11,4.54,2026-08-05,2026-08-05,2026-08-05T08:58:54.488904+00:00
DGS10,2025-02-12,4.62,2026-08-05,2026-08-05,2026-08-05T08:58:54.488904+00:00
DGS10,2025-02-13,4.52,2026-08-05,2026-08-05,2026-08-05T08:58:54.488904+00:00
DGS10,2025-02-14,4.47,2026-08-05,2026-08-05,2026-08-05T08:58:54.488904+00:00
DGS10,2025-02-17,.,2026-08-05,2026-08-05,2026-08-05T08:58:54.488904+00:00
DGS10,2025-02-18,4.55,2026-08-05,2026-08-05,2026-08-05T08:58:54.488904+00:00
DGS10,2025-02-19,4.53,2026-08-05,2026-08-05,2026-08-05T08:58:54.488904+00:00
DGS10,2025-02-20,4.5,2026-08-05,2026-08-05,2026-08-05T08:58:54.488904+00:00
DGS10,2025-02-21,4.42,2026-08-05,2026-08-05,2026-08-05T08:58:54.488904+00:00
DGS10,2025-02-24,4.4,2026-08-05,2026-08-05,2026-08-05T08:58:54.488904+00:00
DGS10,2025-02-25,4.3,2026-08-05,2026-08-05,2026-08-05T08:58:54.488904+00:00
DGS10,2025-02-26,4.25,2026-08-05,2026-08-05,2026-08-05T08:58:54.488904+00:00
DGS10,2025-02-27,4.29,2026-08-05,2026-08-05,2026-08-05T08:58:54.488904+00:00
DGS10,2025-02-28,4.24,2026-08-05,2026-08-05,2026-08-05T08:58:54.488904+00:00
DGS10,2025-03-03,4.16,2026-08-05,2026-08-05,2026-08-05T08:58:54.488904+00:00
DGS10,2025-03-04,4.22,2026-08-05,2026-08-05,2026-08-05T08:58:54.488904+00:00
DGS10,2025-03-05,4.28,2026-08-05,2026-08-05,2026-08-05T08:58:54.488904+00:00
DGS10,2025-03-06,4.29,2026-08-05,2026-08-05,2026-08-05T08:58:54.488904+00:00
DGS10,2025-03-07,4.32,2026-08-05,2026-08-05,2026-08-05T08:58:54.488904+00:00
DGS10,2025-03-10,4.22,2026-08-05,2026-08-05,2026-08-05T08:58:54.488904+00:00
DGS10,2025-03-11,4.28,2026-08-05,2026-08-05,2026-08-05T08:58:54.488904+00:00
DGS10,2025-03-12,4.32,2026-08-05,2026-08-05,2026-08-05T08:58:54.488904+00:00
DGS10,2025-03-13,4.27,2026-08-05,2026-08-05,2026-08-05T08:58:54.488904+00:00
DGS10,2025-03-14,4.31,2026-08-05,2026-08-05,2026-08-05T08:58:54.488904+00:00
DGS10,2025-03-17,4.31,2026-08-05,2026-08-05,2026-08-05T08:58:54.488904+00:00
DGS10,2025-03-18,4.29,2026-08-05,2026-08-05,2026-08-05T08:58:54.488904+00:00
DGS10,2025-03-19,4.25,2026-08-05,2026-08-05,2026-08-05T08:58:54.488904+00:00
DGS10,2025-03-20,4.24,2026-08-05,2026-08-05,2026-08-05T08:58:54.488904+00:00
DGS10,2025-03-21,4.25,2026-08-05,2026-08-05,2026-08-05T08:58:54.488904+00:00
DGS10,2025-03-24,4.34,2026-08-05,2026-08-05,2026-08-05T08:58:54.488904+00:00
DGS10,2025-03-25,4.31,2026-08-05,2026-08-05,2026-08-05T08:58:54.488904+00:00
DGS10,2025-03-26,4.35,2026-08-05,2026-08-05,2026-08-05T08:58:54.488904+00:00
DGS10,2025-03-27,4.38,2026-08-05,2026-08-05,2026-08-05T08:58:54.488904+00:00
DGS10,2025-03-28,4.27,2026-08-05,2026-08-05,2026-08-05T08:58:54.488904+00:00
DGS10,2025-03-31,4.23,2026-08-05,2026-08-05,2026-08-05T08:58:54.488904+00:00
DGS10,2025-04-01,4.17,2026-08-05,2026-08-05,2026-08-05T08:58:54.488904+00:00
DGS10,2025-04-02,4.2,2026-08-05,2026-08-05,2026-08-05T08:58:54.488904+00:00
DGS10,2025-04-03,4.06,2026-08-05,2026-08-05,2026-08-05T08:58:54.488904+00:00
DGS10,2025-04-04,4.01,2026-08-05,2026-08-05,2026-08-05T08:58:54.488904+00:00
DGS10,2025-04-07,4.15,2026-08-05,2026-08-05,2026-08-05T08:58:54.488904+00:00
DGS10,2025-04-08,4.26,2026-08-05,2026-08-05,2026-08-05T08:58:54.488904+00:00
DGS10,2025-04-09,4.34,2026-08-05,2026-08-05,2026-08-05T08:58:54.488904+00:00
DGS10,2025-04-10,4.4,2026-08-05,2026-08-05,2026-08-05T08:58:54.488904+00:00
DGS10,2025-04-11,4.48,2026-08-05,2026-08-05,2026-08-05T08:58:54.488904+00:00
DGS10,2025-04-14,4.38,2026-08-05,2026-08-05,2026-08-05T08:58:54.488904+00:00
DGS10,2025-04-15,4.35,2026-08-05,2026-08-05,2026-08-05T08:58:54.488904+00:00
DGS10,2025-04-16,4.29,2026-08-05,2026-08-05,2026-08-05T08:58:54.488904+00:00
DGS10,2025-04-17,4.34,2026-08-05,2026-08-05,2026-08-05T08:58:54.488904+00:00
DGS10,2025-04-18,.,2026-08-05,2026-08-05,2026-08-05T08:58:54.488904+00:00
DGS10,2025-04-21,4.42,2026-08-05,2026-08-05,2026-08-05T08:58:54.488904+00:00
DGS10,2025-04-22,4.41,2026-08-05,2026-08-05,2026-08-05T08:58:54.488904+00:00
DGS10,2025-04-23,4.4,2026-08-05,2026-08-05,2026-08-05T08:58:54.488904+00:00
DGS10,2025-04-24,4.32,2026-08-05,2026-08-05,2026-08-05T08:58:54.488904+00:00
DGS10,2025-04-25,4.29,2026-08-05,2026-08-05,2026-08-05T08:58:54.488904+00:00
DGS10,2025-04-28,4.23,2026-08-05,2026-08-05,2026-08-05T08:58:54.488904+00:00
DGS10,2025-04-29,4.19,2026-08-05,2026-08-05,2026-08-05T08:58:54.488904+00:00
DGS10,2025-04-30,4.17,2026-08-05,2026-08-05,2026-08-05T08:58:54.488904+00:00
DGS10,2025-05-01,4.25,2026-08-05,2026-08-05,2026-08-05T08:58:54.488904+00:00
DGS10,2025-05-02,4.33,2026-08-05,2026-08-05,2026-08-05T08:58:54.488904+00:00
DGS10,2025-05-05,4.36,2026-08-05,2026-08-05,2026-08-05T08:58:54.488904+00:00
DGS10,2025-05-06,4.3,2026-08-05,2026-08-05,2026-08-05T08:58:54.488904+00:00
DGS10,2025-05-07,4.26,2026-08-05,2026-08-05,2026-08-05T08:58:54.488904+00:00
DGS10,2025-05-08,4.37,2026-08-05,2026-08-05,2026-08-05T08:58:54.488904+00:00
DGS10,2025-05-09,4.37,2026-08-05,2026-08-05,2026-08-05T08:58:54.488904+00:00
DGS10,2025-05-12,4.45,2026-08-05,2026-08-05,2026-08-05T08:58:54.488904+00:00
DGS10,2025-05-13,4.49,2026-08-05,2026-08-05,2026-08-05T08:58:54.488904+00:00
DGS10,2025-05-14,4.53,2026-08-05,2026-08-05,2026-08-05T08:58:54.488904+00:00
DGS10,2025-05-15,4.45,2026-08-05,2026-08-05,2026-08-05T08:58:54.488904+00:00
DGS10,2025-05-16,4.43,2026-08-05,2026-08-05,2026-08-05T08:58:54.488904+00:00
DGS10,2025-05-19,4.46,2026-08-05,2026-08-05,2026-08-05T08:58:54.488904+00:00
DGS10,2025-05-20,4.48,2026-08-05,2026-08-05,2026-08-05T08:58:54.488904+00:00
DGS10,2025-05-21,4.58,2026-08-05,2026-08-05,2026-08-05T08:58:54.488904+00:00
DGS10,2025-05-22,4.54,2026-08-05,2026-08-05,2026-08-05T08:58:54.488904+00:00
DGS10,2025-05-23,4.51,2026-08-05,2026-08-05,2026-08-05T08:58:54.488904+00:00
DGS10,2025-05-26,.,2026-08-05,2026-08-05,2026-08-05T08:58:54.488904+00:00
DGS10,2025-05-27,4.43,2026-08-05,2026-08-05,2026-08-05T08:58:54.488904+00:00
DGS10,2025-05-28,4.47,2026-08-05,2026-08-05,2026-08-05T08:58:54.488904+00:00
DGS10,2025-05-29,4.43,2026-08-05,2026-08-05,2026-08-05T08:58:54.488904+00:00
DGS10,2025-05-30,4.41,2026-08-05,2026-08-05,2026-08-05T08:58:54.488904+00:00
DGS10,2025-06-02,4.46,2026-08-05,2026-08-05,2026-08-05T08:58:54.488904+00:00
DGS10,2025-06-03,4.46,2026-08-05,2026-08-05,2026-08-05T08:58:54.488904+00:00
DGS10,2025-06-04,4.37,2026-08-05,2026-08-05,2026-08-05T08:58:54.488904+00:00
DGS10,2025-06-05,4.4,2026-08-05,2026-08-05,2026-08-05T08:58:54.488904+00:00
DGS10,2025-06-06,4.51,2026-08-05,2026-08-05,2026-08-05T08:58:54.488904+00:00
DGS10,2025-06-09,4.49,2026-08-05,2026-08-05,2026-08-05T08:58:54.488904+00:00
DGS10,2025-06-10,4.47,2026-08-05,2026-08-05,2026-08-05T08:58:54.488904+00:00
DGS10,2025-06-11,4.41,2026-08-05,2026-08-05,2026-08-05T08:58:54.488904+00:00
DGS10,2025-06-12,4.36,2026-08-05,2026-08-05,2026-08-05T08:58:54.488904+00:00
DGS10,2025-06-13,4.41,2026-08-05,2026-08-05,2026-08-05T08:58:54.488904+00:00
DGS10,2025-06-16,4.46,2026-08-05,2026-08-05,2026-08-05T08:58:54.488904+00:00
DGS10,2025-06-17,4.39,2026-08-05,2026-08-05,2026-08-05T08:58:54.488904+00:00
DGS10,2025-06-18,4.38,2026-08-05,2026-08-05,2026-08-05T08:58:54.488904+00:00
DGS10,2025-06-19,.,2026-08-05,2026-08-05,2026-08-05T08:58:54.488904+00:00
DGS10,2025-06-20,4.38,2026-08-05,2026-08-05,2026-08-05T08:58:54.488904+00:00
DGS10,2025-06-23,4.34,2026-08-05,2026-08-05,2026-08-05T08:58:54.488904+00:00
DGS10,2025-06-24,4.3,2026-08-05,2026-08-05,2026-08-05T08:58:54.488904+00:00
DGS10,2025-06-25,4.29,2026-08-05,2026-08-05,2026-08-05T08:58:54.488904+00:00
DGS10,2025-06-26,4.26,2026-08-05,2026-08-05,2026-08-05T08:58:54.488904+00:00
DGS10,2025-06-27,4.29,2026-08-05,2026-08-05,2026-08-05T08:58:54.488904+00:00
DGS10,2025-06-30,4.24,2026-08-05,2026-08-05,2026-08-05T08:58:54.488904+00:00
DGS10,2025-07-01,4.26,2026-08-05,2026-08-05,2026-08-05T08:58:54.488904+00:00
DGS10,2025-07-02,4.3,2026-08-05,2026-08-05,2026-08-05T08:58:54.488904+00:00
DGS10,2025-07-03,4.35,2026-08-05,2026-08-05,2026-08-05T08:58:54.488904+00:00
DGS10,2025-07-04,.,2026-08-05,2026-08-05,2026-08-05T08:58:54.488904+00:00
DGS10,2025-07-07,4.4,2026-08-05,2026-08-05,2026-08-05T08:58:54.488904+00:00
DGS10,2025-07-08,4.42,2026-08-05,2026-08-05,2026-08-05T08:58:54.488904+00:00
DGS10,2025-07-09,4.34,2026-08-05,2026-08-05,2026-08-05T08:58:54.488904+00:00
DGS10,2025-07-10,4.35,2026-08-05,2026-08-05,2026-08-05T08:58:54.488904+00:00
DGS10,2025-07-11,4.43,2026-08-05,2026-08-05,2026-08-05T08:58:54.488904+00:00
DGS10,2025-07-14,4.43,2026-08-05,2026-08-05,2026-08-05T08:58:54.488904+00:00
DGS10,2025-07-15,4.5,2026-08-05,2026-08-05,2026-08-05T08:58:54.488904+00:00
DGS10,2025-07-16,4.46,2026-08-05,2026-08-05,2026-08-05T08:58:54.488904+00:00
DGS10,2025-07-17,4.47,2026-08-05,2026-08-05,2026-08-05T08:58:54.488904+00:00
DGS10,2025-07-18,4.44,2026-08-05,2026-08-05,2026-08-05T08:58:54.488904+00:00
DGS10,2025-07-21,4.38,2026-08-05,2026-08-05,2026-08-05T08:58:54.488904+00:00
DGS10,2025-07-22,4.35,2026-08-05,2026-08-05,2026-08-05T08:58:54.488904+00:00
DGS10,2025-07-23,4.4,2026-08-05,2026-08-05,2026-08-05T08:58:54.488904+00:00
DGS10,2025-07-24,4.43,2026-08-05,2026-08-05,2026-08-05T08:58:54.488904+00:00
DGS10,2025-07-25,4.4,2026-08-05,2026-08-05,2026-08-05T08:58:54.488904+00:00
DGS10,2025-07-28,4.42,2026-08-05,2026-08-05,2026-08-05T08:58:54.488904+00:00
DGS10,2025-07-29,4.34,2026-08-05,2026-08-05,2026-08-05T08:58:54.488904+00:00
DGS10,2025-07-30,4.38,2026-08-05,2026-08-05,2026-08-05T08:58:54.488904+00:00
DGS10,2025-07-31,4.37,2026-08-05,2026-08-05,2026-08-05T08:58:54.488904+00:00
DGS10,2025-08-01,4.23,2026-08-05,2026-08-05,2026-08-05T08:58:54.488904+00:00
DGS10,2025-08-04,4.22,2026-08-05,2026-08-05,2026-08-05T08:58:54.488904+00:00
DGS10,2025-08-05,4.22,2026-08-05,2026-08-05,2026-08-05T08:58:54.488904+00:00
DGS10,2025-08-06,4.22,2026-08-05,2026-08-05,2026-08-05T08:58:54.488904+00:00
DGS10,2025-08-07,4.23,2026-08-05,2026-08-05,2026-08-05T08:58:54.488904+00:00
DGS10,2025-08-08,4.27,2026-08-05,2026-08-05,2026-08-05T08:58:54.488904+00:00
DGS10,2025-08-11,4.27,2026-08-05,2026-08-05,2026-08-05T08:58:54.488904+00:00
DGS10,2025-08-12,4.29,2026-08-05,2026-08-05,2026-08-05T08:58:54.488904+00:00
DGS10,2025-08-13,4.24,2026-08-05,2026-08-05,2026-08-05T08:58:54.488904+00:00
DGS10,2025-08-14,4.29,2026-08-05,2026-08-05,2026-08-05T08:58:54.488904+00:00
DGS10,2025-08-15,4.33,2026-08-05,2026-08-05,2026-08-05T08:58:54.488904+00:00
DGS10,2025-08-18,4.34,2026-08-05,2026-08-05,2026-08-05T08:58:54.488904+00:00
DGS10,2025-08-19,4.3,2026-08-05,2026-08-05,2026-08-05T08:58:54.488904+00:00
DGS10,2025-08-20,4.29,2026-08-05,2026-08-05,2026-08-05T08:58:54.488904+00:00
DGS10,2025-08-21,4.33,2026-08-05,2026-08-05,2026-08-05T08:58:54.488904+00:00
DGS10,2025-08-22,4.26,2026-08-05,2026-08-05,2026-08-05T08:58:54.488904+00:00
DGS10,2025-08-25,4.28,2026-08-05,2026-08-05,2026-08-05T08:58:54.488904+00:00
DGS10,2025-08-26,4.26,2026-08-05,2026-08-05,2026-08-05T08:58:54.488904+00:00
DGS10,2025-08-27,4.24,2026-08-05,2026-08-05,2026-08-05T08:58:54.488904+00:00
DGS10,2025-08-28,4.22,2026-08-05,2026-08-05,2026-08-05T08:58:54.488904+00:00
DGS10,2025-08-29,4.23,2026-08-05,2026-08-05,2026-08-05T08:58:54.488904+00:00
DGS10,2025-09-01,.,2026-08-05,2026-08-05,2026-08-05T08:58:54.488904+00:00
DGS10,2025-09-02,4.28,2026-08-05,2026-08-05,2026-08-05T08:58:54.488904+00:00
DGS10,2025-09-03,4.22,2026-08-05,2026-08-05,2026-08-05T08:58:54.488904+00:00
DGS10,2025-09-04,4.17,2026-08-05,2026-08-05,2026-08-05T08:58:54.488904+00:00
DGS10,2025-09-05,4.1,2026-08-05,2026-08-05,2026-08-05T08:58:54.488904+00:00
DGS10,2025-09-08,4.05,2026-08-05,2026-08-05,2026-08-05T08:58:54.488904+00:00
DGS10,2025-09-09,4.08,2026-08-05,2026-08-05,2026-08-05T08:58:54.488904+00:00
DGS10,2025-09-10,4.04,2026-08-05,2026-08-05,2026-08-05T08:58:54.488904+00:00
DGS10,2025-09-11,4.01,2026-08-05,2026-08-05,2026-08-05T08:58:54.488904+00:00
DGS10,2025-09-12,4.06,2026-08-05,2026-08-05,2026-08-05T08:58:54.488904+00:00
DGS10,2025-09-15,4.05,2026-08-05,2026-08-05,2026-08-05T08:58:54.488904+00:00
DGS10,2025-09-16,4.04,2026-08-05,2026-08-05,2026-08-05T08:58:54.488904+00:00
DGS10,2025-09-17,4.06,2026-08-05,2026-08-05,2026-08-05T08:58:54.488904+00:00
DGS10,2025-09-18,4.11,2026-08-05,2026-08-05,2026-08-05T08:58:54.488904+00:00
DGS10,2025-09-19,4.14,2026-08-05,2026-08-05,2026-08-05T08:58:54.488904+00:00
DGS10,2025-09-22,4.15,2026-08-05,2026-08-05,2026-08-05T08:58:54.488904+00:00
DGS10,2025-09-23,4.12,2026-08-05,2026-08-05,2026-08-05T08:58:54.488904+00:00
DGS10,2025-09-24,4.16,2026-08-05,2026-08-05,2026-08-05T08:58:54.488904+00:00
DGS10,2025-09-25,4.18,2026-08-05,2026-08-05,2026-08-05T08:58:54.488904+00:00
DGS10,2025-09-26,4.2,2026-08-05,2026-08-05,2026-08-05T08:58:54.488904+00:00
DGS10,2025-09-29,4.15,2026-08-05,2026-08-05,2026-08-05T08:58:54.488904+00:00
DGS10,2025-09-30,4.16,2026-08-05,2026-08-05,2026-08-05T08:58:54.488904+00:00
DGS10,2025-10-01,4.12,2026-08-05,2026-08-05,2026-08-05T08:58:54.488904+00:00
DGS10,2025-10-02,4.1,2026-08-05,2026-08-05,2026-08-05T08:58:54.488904+00:00
DGS10,2025-10-03,4.13,2026-08-05,2026-08-05,2026-08-05T08:58:54.488904+00:00
DGS10,2025-10-06,4.18,2026-08-05,2026-08-05,2026-08-05T08:58:54.488904+00:00
DGS10,2025-10-07,4.14,2026-08-05,2026-08-05,2026-08-05T08:58:54.488904+00:00
DGS10,2025-10-08,4.13,2026-08-05,2026-08-05,2026-08-05T08:58:54.488904+00:00
DGS10,2025-10-09,4.14,2026-08-05,2026-08-05,2026-08-05T08:58:54.488904+00:00
DGS10,2025-10-10,4.05,2026-08-05,2026-08-05,2026-08-05T08:58:54.488904+00:00
DGS10,2025-10-13,.,2026-08-05,2026-08-05,2026-08-05T08:58:54.488904+00:00
DGS10,2025-10-14,4.03,2026-08-05,2026-08-05,2026-08-05T08:58:54.488904+00:00
DGS10,2025-10-15,4.05,2026-08-05,2026-08-05,2026-08-05T08:58:54.488904+00:00
DGS10,2025-10-16,3.99,2026-08-05,2026-08-05,2026-08-05T08:58:54.488904+00:00
DGS10,2025-10-17,4.02,2026-08-05,2026-08-05,2026-08-05T08:58:54.488904+00:00
DGS10,2025-10-20,4.0,2026-08-05,2026-08-05,2026-08-05T08:58:54.488904+00:00
DGS10,2025-10-21,3.98,2026-08-05,2026-08-05,2026-08-05T08:58:54.488904+00:00
DGS10,2025-10-22,3.97,2026-08-05,2026-08-05,2026-08-05T08:58:54.488904+00:00
DGS10,2025-10-23,4.01,2026-08-05,2026-08-05,2026-08-05T08:58:54.488904+00:00
DGS10,2025-10-24,4.02,2026-08-05,2026-08-05,2026-08-05T08:58:54.488904+00:00
DGS10,2025-10-27,4.01,2026-08-05,2026-08-05,2026-08-05T08:58:54.488904+00:00
DGS10,2025-10-28,3.99,2026-08-05,2026-08-05,2026-08-05T08:58:54.488904+00:00
DGS10,2025-10-29,4.08,2026-08-05,2026-08-05,2026-08-05T08:58:54.488904+00:00
DGS10,2025-10-30,4.11,2026-08-05,2026-08-05,2026-08-05T08:58:54.488904+00:00
DGS10,2025-10-31,4.11,2026-08-05,2026-08-05,2026-08-05T08:58:54.488904+00:00
DGS10,2025-11-03,4.13,2026-08-05,2026-08-05,2026-08-05T08:58:54.488904+00:00
DGS10,2025-11-04,4.1,2026-08-05,2026-08-05,2026-08-05T08:58:54.488904+00:00
DGS10,2025-11-05,4.17,2026-08-05,2026-08-05,2026-08-05T08:58:54.488904+00:00
DGS10,2025-11-06,4.11,2026-08-05,2026-08-05,2026-08-05T08:58:54.488904+00:00
DGS10,2025-11-07,4.11,2026-08-05,2026-08-05,2026-08-05T08:58:54.488904+00:00
DGS10,2025-11-10,4.13,2026-08-05,2026-08-05,2026-08-05T08:58:54.488904+00:00
DGS10,2025-11-11,.,2026-08-05,2026-08-05,2026-08-05T08:58:54.488904+00:00
DGS10,2025-11-12,4.08,2026-08-05,2026-08-05,2026-08-05T08:58:54.488904+00:00
DGS10,2025-11-13,4.11,2026-08-05,2026-08-05,2026-08-05T08:58:54.488904+00:00
DGS10,2025-11-14,4.14,2026-08-05,2026-08-05,2026-08-05T08:58:54.488904+00:00
DGS10,2025-11-17,4.13,2026-08-05,2026-08-05,2026-08-05T08:58:54.488904+00:00
DGS10,2025-11-18,4.12,2026-08-05,2026-08-05,2026-08-05T08:58:54.488904+00:00
DGS10,2025-11-19,4.13,2026-08-05,2026-08-05,2026-08-05T08:58:54.488904+00:00
DGS10,2025-11-20,4.1,2026-08-05,2026-08-05,2026-08-05T08:58:54.488904+00:00
DGS10,2025-11-21,4.06,2026-08-05,2026-08-05,2026-08-05T08:58:54.488904+00:00
DGS10,2025-11-24,4.04,2026-08-05,2026-08-05,2026-08-05T08:58:54.488904+00:00
DGS10,2025-11-25,4.01,2026-08-05,2026-08-05,2026-08-05T08:58:54.488904+00:00
DGS10,2025-11-26,4.0,2026-08-05,2026-08-05,2026-08-05T08:58:54.488904+00:00
DGS10,2025-11-27,.,2026-08-05,2026-08-05,2026-08-05T08:58:54.488904+00:00
DGS10,2025-11-28,4.02,2026-08-05,2026-08-05,2026-08-05T08:58:54.488904+00:00
DGS10,2025-12-01,4.09,2026-08-05,2026-08-05,2026-08-05T08:58:54.488904+00:00
DGS10,2025-12-02,4.09,2026-08-05,2026-08-05,2026-08-05T08:58:54.488904+00:00
DGS10,2025-12-03,4.06,2026-08-05,2026-08-05,2026-08-05T08:58:54.488904+00:00
DGS10,2025-12-04,4.11,2026-08-05,2026-08-05,2026-08-05T08:58:54.488904+00:00
DGS10,2025-12-05,4.14,2026-08-05,2026-08-05,2026-08-05T08:58:54.488904+00:00
DGS10,2025-12-08,4.17,2026-08-05,2026-08-05,2026-08-05T08:58:54.488904+00:00
DGS10,2025-12-09,4.18,2026-08-05,2026-08-05,2026-08-05T08:58:54.488904+00:00
DGS10,2025-12-10,4.13,2026-08-05,2026-08-05,2026-08-05T08:58:54.488904+00:00
DGS10,2025-12-11,4.14,2026-08-05,2026-08-05,2026-08-05T08:58:54.488904+00:00
DGS10,2025-12-12,4.19,2026-08-05,2026-08-05,2026-08-05T08:58:54.488904+00:00
DGS10,2025-12-15,4.18,2026-08-05,2026-08-05,2026-08-05T08:58:54.488904+00:00
DGS10,2025-12-16,4.15,2026-08-05,2026-08-05,2026-08-05T08:58:54.488904+00:00
DGS10,2025-12-17,4.16,2026-08-05,2026-08-05,2026-08-05T08:58:54.488904+00:00
DGS10,2025-12-18,4.12,2026-08-05,2026-08-05,2026-08-05T08:58:54.488904+00:00
DGS10,2025-12-19,4.16,2026-08-05,2026-08-05,2026-08-05T08:58:54.488904+00:00
DGS10,2025-12-22,4.17,2026-08-05,2026-08-05,2026-08-05T08:58:54.488904+00:00
DGS10,2025-12-23,4.18,2026-08-05,2026-08-05,2026-08-05T08:58:54.488904+00:00
DGS10,2025-12-24,4.15,2026-08-05,2026-08-05,2026-08-05T08:58:54.488904+00:00
DGS10,2025-12-25,.,2026-08-05,2026-08-05,2026-08-05T08:58:54.488904+00:00
DGS10,2025-12-26,4.14,2026-08-05,2026-08-05,2026-08-05T08:58:54.488904+00:00
DGS10,2025-12-29,4.12,2026-08-05,2026-08-05,2026-08-05T08:58:54.488904+00:00
DGS10,2025-12-30,4.14,2026-08-05,2026-08-05,2026-08-05T08:58:54.488904+00:00
DGS10,2025-12-31,4.18,2026-08-05,2026-08-05,2026-08-05T08:58:54.488904+00:00
DGS10,2026-01-01,.,2026-08-05,2026-08-05,2026-08-05T08:58:54.488904+00:00
DGS10,2026-01-02,4.19,2026-08-05,2026-08-05,2026-08-05T08:58:54.488904+00:00
DGS10,2026-01-05,4.17,2026-08-05,2026-08-05,2026-08-05T08:58:54.488904+00:00
DGS10,2026-01-06,4.18,2026-08-05,2026-08-05,2026-08-05T08:58:54.488904+00:00
DGS10,2026-01-07,4.15,2026-08-05,2026-08-05,2026-08-05T08:58:54.488904+00:00
DGS10,2026-01-08,4.19,2026-08-05,2026-08-05,2026-08-05T08:58:54.488904+00:00
DGS10,2026-01-09,4.18,2026-08-05,2026-08-05,2026-08-05T08:58:54.488904+00:00
DGS10,2026-01-12,4.19,2026-08-05,2026-08-05,2026-08-05T08:58:54.488904+00:00
DGS10,2026-01-13,4.18,2026-08-05,2026-08-05,2026-08-05T08:58:54.488904+00:00
DGS10,2026-01-14,4.15,2026-08-05,2026-08-05,2026-08-05T08:58:54.488904+00:00
DGS10,2026-01-15,4.17,2026-08-05,2026-08-05,2026-08-05T08:58:54.488904+00:00
DGS10,2026-01-16,4.24,2026-08-05,2026-08-05,2026-08-05T08:58:54.488904+00:00
DGS10,2026-01-19,.,2026-08-05,2026-08-05,2026-08-05T08:58:54.488904+00:00
DGS10,2026-01-20,4.3,2026-08-05,2026-08-05,2026-08-05T08:58:54.488904+00:00
DGS10,2026-01-21,4.26,2026-08-05,2026-08-05,2026-08-05T08:58:54.488904+00:00
DGS10,2026-01-22,4.26,2026-08-05,2026-08-05,2026-08-05T08:58:54.488904+00:00
DGS10,2026-01-23,4.24,2026-08-05,2026-08-05,2026-08-05T08:58:54.488904+00:00
DGS10,2026-01-26,4.22,2026-08-05,2026-08-05,2026-08-05T08:58:54.488904+00:00
DGS10,2026-01-27,4.24,2026-08-05,2026-08-05,2026-08-05T08:58:54.488904+00:00
DGS10,2026-01-28,4.26,2026-08-05,2026-08-05,2026-08-05T08:58:54.488904+00:00
DGS10,2026-01-29,4.24,2026-08-05,2026-08-05,2026-08-05T08:58:54.488904+00:00
DGS10,2026-01-30,4.26,2026-08-05,2026-08-05,2026-08-05T08:58:54.488904+00:00
DGS10,2026-02-02,4.29,2026-08-05,2026-08-05,2026-08-05T08:58:54.488904+00:00
DGS10,2026-02-03,4.28,2026-08-05,2026-08-05,2026-08-05T08:58:54.488904+00:00
DGS10,2026-02-04,4.29,2026-08-05,2026-08-05,2026-08-05T08:58:54.488904+00:00
DGS10,2026-02-05,4.21,2026-08-05,2026-08-05,2026-08-05T08:58:54.488904+00:00
DGS10,2026-02-06,4.22,2026-08-05,2026-08-05,2026-08-05T08:58:54.488904+00:00
DGS10,2026-02-09,4.22,2026-08-05,2026-08-05,2026-08-05T08:58:54.488904+00:00
DGS10,2026-02-10,4.16,2026-08-05,2026-08-05,2026-08-05T08:58:54.488904+00:00
DGS10,2026-02-11,4.18,2026-08-05,2026-08-05,2026-08-05T08:58:54.488904+00:00
DGS10,2026-02-12,4.09,2026-08-05,2026-08-05,2026-08-05T08:58:54.488904+00:00
DGS10,2026-02-13,4.04,2026-08-05,2026-08-05,2026-08-05T08:58:54.488904+00:00
DGS10,2026-02-16,.,2026-08-05,2026-08-05,2026-08-05T08:58:54.488904+00:00
DGS10,2026-02-17,4.05,2026-08-05,2026-08-05,2026-08-05T08:58:54.488904+00:00
DGS10,2026-02-18,4.09,2026-08-05,2026-08-05,2026-08-05T08:58:54.488904+00:00
DGS10,2026-02-19,4.08,2026-08-05,2026-08-05,2026-08-05T08:58:54.488904+00:00
DGS10,2026-02-20,4.08,2026-08-05,2026-08-05,2026-08-05T08:58:54.488904+00:00
DGS10,2026-02-23,4.03,2026-08-05,2026-08-05,2026-08-05T08:58:54.488904+00:00
DGS10,2026-02-24,4.04,2026-08-05,2026-08-05,2026-08-05T08:58:54.488904+00:00
DGS10,2026-02-25,4.05,2026-08-05,2026-08-05,2026-08-05T08:58:54.488904+00:00
DGS10,2026-02-26,4.02,2026-08-05,2026-08-05,2026-08-05T08:58:54.488904+00:00
DGS10,2026-02-27,3.97,2026-08-05,2026-08-05,2026-08-05T08:58:54.488904+00:00
DGS10,2026-03-02,4.05,2026-08-05,2026-08-05,2026-08-05T08:58:54.488904+00:00
DGS10,2026-03-03,4.06,2026-08-05,2026-08-05,2026-08-05T08:58:54.488904+00:00
DGS10,2026-03-04,4.09,2026-08-05,2026-08-05,2026-08-05T08:58:54.488904+00:00
DGS10,2026-03-05,4.13,2026-08-05,2026-08-05,2026-08-05T08:58:54.488904+00:00
DGS10,2026-03-06,4.15,2026-08-05,2026-08-05,2026-08-05T08:58:54.488904+00:00
DGS10,2026-03-09,4.12,2026-08-05,2026-08-05,2026-08-05T08:58:54.488904+00:00
DGS10,2026-03-10,4.15,2026-08-05,2026-08-05,2026-08-05T08:58:54.488904+00:00
DGS10,2026-03-11,4.21,2026-08-05,2026-08-05,2026-08-05T08:58:54.488904+00:00
DGS10,2026-03-12,4.27,2026-08-05,2026-08-05,2026-08-05T08:58:54.488904+00:00
DGS10,2026-03-13,4.28,2026-08-05,2026-08-05,2026-08-05T08:58:54.488904+00:00
DGS10,2026-03-16,4.23,2026-08-05,2026-08-05,2026-08-05T08:58:54.488904+00:00
DGS10,2026-03-17,4.2,2026-08-05,2026-08-05,2026-08-05T08:58:54.488904+00:00
DGS10,2026-03-18,4.26,2026-08-05,2026-08-05,2026-08-05T08:58:54.488904+00:00
DGS10,2026-03-19,4.25,2026-08-05,2026-08-05,2026-08-05T08:58:54.488904+00:00
DGS10,2026-03-20,4.39,2026-08-05,2026-08-05,2026-08-05T08:58:54.488904+00:00
DGS10,2026-03-23,4.34,2026-08-05,2026-08-05,2026-08-05T08:58:54.488904+00:00
DGS10,2026-03-24,4.39,2026-08-05,2026-08-05,2026-08-05T08:58:54.488904+00:00
DGS10,2026-03-25,4.33,2026-08-05,2026-08-05,2026-08-05T08:58:54.488904+00:00
DGS10,2026-03-26,4.42,2026-08-05,2026-08-05,2026-08-05T08:58:54.488904+00:00
DGS10,2026-03-27,4.44,2026-08-05,2026-08-05,2026-08-05T08:58:54.488904+00:00
DGS10,2026-03-30,4.35,2026-08-05,2026-08-05,2026-08-05T08:58:54.488904+00:00
DGS10,2026-03-31,4.3,2026-08-05,2026-08-05,2026-08-05T08:58:54.488904+00:00
DGS10,2026-04-01,4.33,2026-08-05,2026-08-05,2026-08-05T08:58:54.488904+00:00
DGS10,2026-04-02,4.31,2026-08-05,2026-08-05,2026-08-05T08:58:54.488904+00:00
DGS10,2026-04-03,4.35,2026-08-05,2026-08-05,2026-08-05T08:58:54.488904+00:00
DGS10,2026-04-06,4.34,2026-08-05,2026-08-05,2026-08-05T08:58:54.488904+00:00
DGS10,2026-04-07,4.33,2026-08-05,2026-08-05,2026-08-05T08:58:54.488904+00:00
DGS10,2026-04-08,4.29,2026-08-05,2026-08-05,2026-08-05T08:58:54.488904+00:00
DGS10,2026-04-09,4.29,2026-08-05,2026-08-05,2026-08-05T08:58:54.488904+00:00
DGS10,2026-04-10,4.31,2026-08-05,2026-08-05,2026-08-05T08:58:54.488904+00:00
DGS10,2026-04-13,4.3,2026-08-05,2026-08-05,2026-08-05T08:58:54.488904+00:00
DGS10,2026-04-14,4.26,2026-08-05,2026-08-05,2026-08-05T08:58:54.488904+00:00
DGS10,2026-04-15,4.29,2026-08-05,2026-08-05,2026-08-05T08:58:54.488904+00:00
DGS10,2026-04-16,4.32,2026-08-05,2026-08-05,2026-08-05T08:58:54.488904+00:00
DGS10,2026-04-17,4.26,2026-08-05,2026-08-05,2026-08-05T08:58:54.488904+00:00
DGS10,2026-04-20,4.26,2026-08-05,2026-08-05,2026-08-05T08:58:54.488904+00:00
DGS10,2026-04-21,4.3,2026-08-05,2026-08-05,2026-08-05T08:58:54.488904+00:00
DGS10,2026-04-22,4.3,2026-08-05,2026-08-05,2026-08-05T08:58:54.488904+00:00
DGS10,2026-04-23,4.34,2026-08-05,2026-08-05,2026-08-05T08:58:54.488904+00:00
DGS10,2026-04-24,4.31,2026-08-05,2026-08-05,2026-08-05T08:58:54.488904+00:00
DGS10,2026-04-27,4.35,2026-08-05,2026-08-05,2026-08-05T08:58:54.488904+00:00
DGS10,2026-04-28,4.36,2026-08-05,2026-08-05,2026-08-05T08:58:54.488904+00:00
DGS10,2026-04-29,4.42,2026-08-05,2026-08-05,2026-08-05T08:58:54.488904+00:00
DGS10,2026-04-30,4.4,2026-08-05,2026-08-05,2026-08-05T08:58:54.488904+00:00
DGS10,2026-05-01,4.39,2026-08-05,2026-08-05,2026-08-05T08:58:54.488904+00:00
DGS10,2026-05-04,4.45,2026-08-05,2026-08-05,2026-08-05T08:58:54.488904+00:00
DGS10,2026-05-05,4.43,2026-08-05,2026-08-05,2026-08-05T08:58:54.488904+00:00
DGS10,2026-05-06,4.36,2026-08-05,2026-08-05,2026-08-05T08:58:54.488904+00:00
DGS10,2026-05-07,4.41,2026-08-05,2026-08-05,2026-08-05T08:58:54.488904+00:00
DGS10,2026-05-08,4.38,2026-08-05,2026-08-05,2026-08-05T08:58:54.488904+00:00
DGS10,2026-05-11,4.42,2026-08-05,2026-08-05,2026-08-05T08:58:54.488904+00:00
DGS10,2026-05-12,4.46,2026-08-05,2026-08-05,2026-08-05T08:58:54.488904+00:00
DGS10,2026-05-13,4.46,2026-08-05,2026-08-05,2026-08-05T08:58:54.488904+00:00
DGS10,2026-05-14,4.47,2026-08-05,2026-08-05,2026-08-05T08:58:54.488904+00:00
DGS10,2026-05-15,4.59,2026-08-05,2026-08-05,2026-08-05T08:58:54.488904+00:00
DGS10,2026-05-18,4.61,2026-08-05,2026-08-05,2026-08-05T08:58:54.488904+00:00
DGS10,2026-05-19,4.67,2026-08-05,2026-08-05,2026-08-05T08:58:54.488904+00:00
DGS10,2026-05-20,4.57,2026-08-05,2026-08-05,2026-08-05T08:58:54.488904+00:00
DGS10,2026-05-21,4.57,2026-08-05,2026-08-05,2026-08-05T08:58:54.488904+00:00
DGS10,2026-05-22,4.56,2026-08-05,2026-08-05,2026-08-05T08:58:54.488904+00:00
DGS10,2026-05-25,.,2026-08-05,2026-08-05,2026-08-05T08:58:54.488904+00:00
DGS10,2026-05-26,4.5,2026-08-05,2026-08-05,2026-08-05T08:58:54.488904+00:00
DGS10,2026-05-27,4.48,2026-08-05,2026-08-05,2026-08-05T08:58:54.488904+00:00
DGS10,2026-05-28,4.45,2026-08-05,2026-08-05,2026-08-05T08:58:54.488904+00:00
DGS10,2026-05-29,4.45,2026-08-05,2026-08-05,2026-08-05T08:58:54.488904+00:00
DGS10,2026-06-01,4.47,2026-08-05,2026-08-05,2026-08-05T08:58:54.488904+00:00
DGS10,2026-06-02,4.46,2026-08-05,2026-08-05,2026-08-05T08:58:54.488904+00:00
DGS10,2026-06-03,4.49,2026-08-05,2026-08-05,2026-08-05T08:58:54.488904+00:00
DGS10,2026-06-04,4.47,2026-08-05,2026-08-05,2026-08-05T08:58:54.488904+00:00
DGS10,2026-06-05,4.55,2026-08-05,2026-08-05,2026-08-05T08:58:54.488904+00:00
DGS10,2026-06-08,4.56,2026-08-05,2026-08-05,2026-08-05T08:58:54.488904+00:00
DGS10,2026-06-09,4.53,2026-08-05,2026-08-05,2026-08-05T08:58:54.488904+00:00
DGS10,2026-06-10,4.55,2026-08-05,2026-08-05,2026-08-05T08:58:54.488904+00:00
DGS10,2026-06-11,4.45,2026-08-05,2026-08-05,2026-08-05T08:58:54.488904+00:00
DGS10,2026-06-12,4.48,2026-08-05,2026-08-05,2026-08-05T08:58:54.488904+00:00
DGS10,2026-06-15,4.47,2026-08-05,2026-08-05,2026-08-05T08:58:54.488904+00:00
DGS10,2026-06-16,4.43,2026-08-05,2026-08-05,2026-08-05T08:58:54.488904+00:00
DGS10,2026-06-17,4.49,2026-08-05,2026-08-05,2026-08-05T08:58:54.488904+00:00
DGS10,2026-06-18,4.46,2026-08-05,2026-08-05,2026-08-05T08:58:54.488904+00:00
DGS10,2026-06-19,.,2026-08-05,2026-08-05,2026-08-05T08:58:54.488904+00:00
DGS10,2026-06-22,4.51,2026-08-05,2026-08-05,2026-08-05T08:58:54.488904+00:00
DGS10,2026-06-23,4.5,2026-08-05,2026-08-05,2026-08-05T08:58:54.488904+00:00
DGS10,2026-06-24,4.41,2026-08-05,2026-08-05,2026-08-05T08:58:54.488904+00:00
DGS10,2026-06-25,4.4,2026-08-05,2026-08-05,2026-08-05T08:58:54.488904+00:00
DGS10,2026-06-26,4.38,2026-08-05,2026-08-05,2026-08-05T08:58:54.488904+00:00
DGS10,2026-06-29,4.38,2026-08-05,2026-08-05,2026-08-05T08:58:54.488904+00:00
DGS10,2026-06-30,4.44,2026-08-05,2026-08-05,2026-08-05T08:58:54.488904+00:00
DGS10,2026-07-01,4.48,2026-08-05,2026-08-05,2026-08-05T08:58:54.488904+00:00
DGS10,2026-07-02,4.49,2026-08-05,2026-08-05,2026-08-05T08:58:54.488904+00:00
DGS10,2026-07-03,.,2026-08-05,2026-08-05,2026-08-05T08:58:54.488904+00:00
DGS10,2026-07-06,4.48,2026-08-05,2026-08-05,2026-08-05T08:58:54.488904+00:00
DGS10,2026-07-07,4.55,2026-08-05,2026-08-05,2026-08-05T08:58:54.488904+00:00
DGS10,2026-07-08,4.56,2026-08-05,2026-08-05,2026-08-05T08:58:54.488904+00:00
DGS10,2026-07-09,4.54,2026-08-05,2026-08-05,2026-08-05T08:58:54.488904+00:00
DGS10,2026-07-10,4.56,2026-08-05,2026-08-05,2026-08-05T08:58:54.488904+00:00
DGS10,2026-07-13,4.62,2026-08-05,2026-08-05,2026-08-05T08:58:54.488904+00:00
DGS10,2026-07-14,4.58,2026-08-05,2026-08-05,2026-08-05T08:58:54.488904+00:00
DGS10,2026-07-15,4.55,2026-08-05,2026-08-05,2026-08-05T08:58:54.488904+00:00
DGS10,2026-07-16,4.57,2026-08-05,2026-08-05,2026-08-05T08:58:54.488904+00:00
DGS10,2026-07-17,4.55,2026-08-05,2026-08-05,2026-08-05T08:58:54.488904+00:00
DGS10,2026-07-20,4.6000000000,2026-08-05,2026-08-05,2026-08-05T08:58:54.488904+00:00
DGS10,2026-07-21,4.6300000000,2026-08-05,2026-08-05,2026-08-05T08:58:54.488904+00:00
DGS10,2026-07-22,4.6700000000,2026-08-05,2026-08-05,2026-08-05T08:58:54.488904+00:00
DGS10,2026-07-23,4.7100000000,2026-08-05,2026-08-05,2026-08-05T08:58:54.488904+00:00
DGS10,2026-07-24,4.6900000000,2026-08-05,2026-08-05,2026-08-05T08:58:54.488904+00:00
DGS10,2026-07-27,4.6500000000,2026-08-05,2026-08-05,2026-08-05T08:58:54.488904+00:00
DGS10,2026-07-28,4.6100000000,2026-08-05,2026-08-05,2026-08-05T08:58:54.488904+00:00
DGS10,2026-07-29,4.6700000000,2026-08-05,2026-08-05,2026-08-05T08:58:54.488904+00:00
DGS10,2026-07-30,4.6800000000,2026-08-05,2026-08-05,2026-08-05T08:58:54.488904+00:00
DGS10,2026-07-31,4.7500000000,2026-08-05,2026-08-05,2026-08-05T08:58:54.488904+00:00
DGS10,2026-08-03,4.7000000000,2026-08-05,2026-08-05,2026-08-05T08:58:54.488904+00:00
DGS30,2022-08-05,3.06,2026-08-05,2026-08-05,2026-08-05T08:58:54.488904+00:00
DGS30,2022-08-08,3.00,2026-08-05,2026-08-05,2026-08-05T08:58:54.488904+00:00
DGS30,2022-08-09,3.01,2026-08-05,2026-08-05,2026-08-05T08:58:54.488904+00:00
DGS30,2022-08-10,3.04,2026-08-05,2026-08-05,2026-08-05T08:58:54.488904+00:00
DGS30,2022-08-11,3.15,2026-08-05,2026-08-05,2026-08-05T08:58:54.488904+00:00
DGS30,2022-08-12,3.12,2026-08-05,2026-08-05,2026-08-05T08:58:54.488904+00:00
DGS30,2022-08-15,3.10,2026-08-05,2026-08-05,2026-08-05T08:58:54.488904+00:00
DGS30,2022-08-16,3.11,2026-08-05,2026-08-05,2026-08-05T08:58:54.488904+00:00
DGS30,2022-08-17,3.15,2026-08-05,2026-08-05,2026-08-05T08:58:54.488904+00:00
DGS30,2022-08-18,3.14,2026-08-05,2026-08-05,2026-08-05T08:58:54.488904+00:00
DGS30,2022-08-19,3.22,2026-08-05,2026-08-05,2026-08-05T08:58:54.488904+00:00
DGS30,2022-08-22,3.24,2026-08-05,2026-08-05,2026-08-05T08:58:54.488904+00:00
DGS30,2022-08-23,3.26,2026-08-05,2026-08-05,2026-08-05T08:58:54.488904+00:00
DGS30,2022-08-24,3.32,2026-08-05,2026-08-05,2026-08-05T08:58:54.488904+00:00
DGS30,2022-08-25,3.25,2026-08-05,2026-08-05,2026-08-05T08:58:54.488904+00:00
DGS30,2022-08-26,3.21,2026-08-05,2026-08-05,2026-08-05T08:58:54.488904+00:00
DGS30,2022-08-29,3.25,2026-08-05,2026-08-05,2026-08-05T08:58:54.488904+00:00
DGS30,2022-08-30,3.23,2026-08-05,2026-08-05,2026-08-05T08:58:54.488904+00:00
DGS30,2022-08-31,3.27,2026-08-05,2026-08-05,2026-08-05T08:58:54.488904+00:00
DGS30,2022-09-01,3.37,2026-08-05,2026-08-05,2026-08-05T08:58:54.488904+00:00
DGS30,2022-09-02,3.35,2026-08-05,2026-08-05,2026-08-05T08:58:54.488904+00:00
DGS30,2022-09-05,.,2026-08-05,2026-08-05,2026-08-05T08:58:54.488904+00:00
DGS30,2022-09-06,3.49,2026-08-05,2026-08-05,2026-08-05T08:58:54.488904+00:00
DGS30,2022-09-07,3.42,2026-08-05,2026-08-05,2026-08-05T08:58:54.488904+00:00
DGS30,2022-09-08,3.45,2026-08-05,2026-08-05,2026-08-05T08:58:54.488904+00:00
DGS30,2022-09-09,3.47,2026-08-05,2026-08-05,2026-08-05T08:58:54.488904+00:00
DGS30,2022-09-12,3.53,2026-08-05,2026-08-05,2026-08-05T08:58:54.488904+00:00
DGS30,2022-09-13,3.51,2026-08-05,2026-08-05,2026-08-05T08:58:54.488904+00:00
DGS30,2022-09-14,3.47,2026-08-05,2026-08-05,2026-08-05T08:58:54.488904+00:00
DGS30,2022-09-15,3.48,2026-08-05,2026-08-05,2026-08-05T08:58:54.488904+00:00
DGS30,2022-09-16,3.52,2026-08-05,2026-08-05,2026-08-05T08:58:54.488904+00:00
DGS30,2022-09-19,3.52,2026-08-05,2026-08-05,2026-08-05T08:58:54.488904+00:00
DGS30,2022-09-20,3.59,2026-08-05,2026-08-05,2026-08-05T08:58:54.488904+00:00
DGS30,2022-09-21,3.50,2026-08-05,2026-08-05,2026-08-05T08:58:54.488904+00:00
DGS30,2022-09-22,3.65,2026-08-05,2026-08-05,2026-08-05T08:58:54.488904+00:00
DGS30,2022-09-23,3.61,2026-08-05,2026-08-05,2026-08-05T08:58:54.488904+00:00
DGS30,2022-09-26,3.72,2026-08-05,2026-08-05,2026-08-05T08:58:54.488904+00:00
DGS30,2022-09-27,3.87,2026-08-05,2026-08-05,2026-08-05T08:58:54.488904+00:00
DGS30,2022-09-28,3.70,2026-08-05,2026-08-05,2026-08-05T08:58:54.488904+00:00
DGS30,2022-09-29,3.71,2026-08-05,2026-08-05,2026-08-05T08:58:54.488904+00:00
DGS30,2022-09-30,3.79,2026-08-05,2026-08-05,2026-08-05T08:58:54.488904+00:00
DGS30,2022-10-03,3.73,2026-08-05,2026-08-05,2026-08-05T08:58:54.488904+00:00
DGS30,2022-10-04,3.70,2026-08-05,2026-08-05,2026-08-05T08:58:54.488904+00:00
DGS30,2022-10-05,3.78,2026-08-05,2026-08-05,2026-08-05T08:58:54.488904+00:00
DGS30,2022-10-06,3.81,2026-08-05,2026-08-05,2026-08-05T08:58:54.488904+00:00
DGS30,2022-10-07,3.86,2026-08-05,2026-08-05,2026-08-05T08:58:54.488904+00:00
DGS30,2022-10-10,.,2026-08-05,2026-08-05,2026-08-05T08:58:54.488904+00:00
DGS30,2022-10-11,3.92,2026-08-05,2026-08-05,2026-08-05T08:58:54.488904+00:00
DGS30,2022-10-12,3.90,2026-08-05,2026-08-05,2026-08-05T08:58:54.488904+00:00
DGS30,2022-10-13,3.97,2026-08-05,2026-08-05,2026-08-05T08:58:54.488904+00:00
DGS30,2022-10-14,3.99,2026-08-05,2026-08-05,2026-08-05T08:58:54.488904+00:00
DGS30,2022-10-17,4.04,2026-08-05,2026-08-05,2026-08-05T08:58:54.488904+00:00
DGS30,2022-10-18,4.04,2026-08-05,2026-08-05,2026-08-05T08:58:54.488904+00:00
DGS30,2022-10-19,4.15,2026-08-05,2026-08-05,2026-08-05T08:58:54.488904+00:00
DGS30,2022-10-20,4.24,2026-08-05,2026-08-05,2026-08-05T08:58:54.488904+00:00
DGS30,2022-10-21,4.33,2026-08-05,2026-08-05,2026-08-05T08:58:54.488904+00:00
DGS30,2022-10-24,4.40,2026-08-05,2026-08-05,2026-08-05T08:58:54.488904+00:00
DGS30,2022-10-25,4.26,2026-08-05,2026-08-05,2026-08-05T08:58:54.488904+00:00
DGS30,2022-10-26,4.19,2026-08-05,2026-08-05,2026-08-05T08:58:54.488904+00:00
DGS30,2022-10-27,4.12,2026-08-05,2026-08-05,2026-08-05T08:58:54.488904+00:00
DGS30,2022-10-28,4.15,2026-08-05,2026-08-05,2026-08-05T08:58:54.488904+00:00
DGS30,2022-10-31,4.22,2026-08-05,2026-08-05,2026-08-05T08:58:54.488904+00:00
DGS30,2022-11-01,4.14,2026-08-05,2026-08-05,2026-08-05T08:58:54.488904+00:00
DGS30,2022-11-02,4.15,2026-08-05,2026-08-05,2026-08-05T08:58:54.488904+00:00
DGS30,2022-11-03,4.18,2026-08-05,2026-08-05,2026-08-05T08:58:54.488904+00:00
DGS30,2022-11-04,4.27,2026-08-05,2026-08-05,2026-08-05T08:58:54.488904+00:00
DGS30,2022-11-07,4.34,2026-08-05,2026-08-05,2026-08-05T08:58:54.488904+00:00
DGS30,2022-11-08,4.28,2026-08-05,2026-08-05,2026-08-05T08:58:54.488904+00:00
DGS30,2022-11-09,4.31,2026-08-05,2026-08-05,2026-08-05T08:58:54.488904+00:00
DGS30,2022-11-10,4.03,2026-08-05,2026-08-05,2026-08-05T08:58:54.488904+00:00
DGS30,2022-11-11,.,2026-08-05,2026-08-05,2026-08-05T08:58:54.488904+00:00
DGS30,2022-11-14,4.07,2026-08-05,2026-08-05,2026-08-05T08:58:54.488904+00:00
DGS30,2022-11-15,3.98,2026-08-05,2026-08-05,2026-08-05T08:58:54.488904+00:00
DGS30,2022-11-16,3.85,2026-08-05,2026-08-05,2026-08-05T08:58:54.488904+00:00
DGS30,2022-11-17,3.89,2026-08-05,2026-08-05,2026-08-05T08:58:54.488904+00:00
DGS30,2022-11-18,3.92,2026-08-05,2026-08-05,2026-08-05T08:58:54.488904+00:00
DGS30,2022-11-21,3.91,2026-08-05,2026-08-05,2026-08-05T08:58:54.488904+00:00
DGS30,2022-11-22,3.83,2026-08-05,2026-08-05,2026-08-05T08:58:54.488904+00:00
DGS30,2022-11-23,3.74,2026-08-05,2026-08-05,2026-08-05T08:58:54.488904+00:00
DGS30,2022-11-24,.,2026-08-05,2026-08-05,2026-08-05T08:58:54.488904+00:00
DGS30,2022-11-25,3.74,2026-08-05,2026-08-05,2026-08-05T08:58:54.488904+00:00
DGS30,2022-11-28,3.74,2026-08-05,2026-08-05,2026-08-05T08:58:54.488904+00:00
DGS30,2022-11-29,3.81,2026-08-05,2026-08-05,2026-08-05T08:58:54.488904+00:00
DGS30,2022-11-30,3.80,2026-08-05,2026-08-05,2026-08-05T08:58:54.488904+00:00
DGS30,2022-12-01,3.64,2026-08-05,2026-08-05,2026-08-05T08:58:54.488904+00:00
DGS30,2022-12-02,3.56,2026-08-05,2026-08-05,2026-08-05T08:58:54.488904+00:00
DGS30,2022-12-05,3.62,2026-08-05,2026-08-05,2026-08-05T08:58:54.488904+00:00
DGS30,2022-12-06,3.52,2026-08-05,2026-08-05,2026-08-05T08:58:54.488904+00:00
DGS30,2022-12-07,3.42,2026-08-05,2026-08-05,2026-08-05T08:58:54.488904+00:00
DGS30,2022-12-08,3.44,2026-08-05,2026-08-05,2026-08-05T08:58:54.488904+00:00
DGS30,2022-12-09,3.56,2026-08-05,2026-08-05,2026-08-05T08:58:54.488904+00:00
DGS30,2022-12-12,3.57,2026-08-05,2026-08-05,2026-08-05T08:58:54.488904+00:00
DGS30,2022-12-13,3.53,2026-08-05,2026-08-05,2026-08-05T08:58:54.488904+00:00
DGS30,2022-12-14,3.52,2026-08-05,2026-08-05,2026-08-05T08:58:54.488904+00:00
DGS30,2022-12-15,3.48,2026-08-05,2026-08-05,2026-08-05T08:58:54.488904+00:00
DGS30,2022-12-16,3.53,2026-08-05,2026-08-05,2026-08-05T08:58:54.488904+00:00
DGS30,2022-12-19,3.62,2026-08-05,2026-08-05,2026-08-05T08:58:54.488904+00:00
DGS30,2022-12-20,3.74,2026-08-05,2026-08-05,2026-08-05T08:58:54.488904+00:00
DGS30,2022-12-21,3.74,2026-08-05,2026-08-05,2026-08-05T08:58:54.488904+00:00
DGS30,2022-12-22,3.73,2026-08-05,2026-08-05,2026-08-05T08:58:54.488904+00:00
DGS30,2022-12-23,3.82,2026-08-05,2026-08-05,2026-08-05T08:58:54.488904+00:00
DGS30,2022-12-26,.,2026-08-05,2026-08-05,2026-08-05T08:58:54.488904+00:00
DGS30,2022-12-27,3.93,2026-08-05,2026-08-05,2026-08-05T08:58:54.488904+00:00
DGS30,2022-12-28,3.98,2026-08-05,2026-08-05,2026-08-05T08:58:54.488904+00:00
DGS30,2022-12-29,3.92,2026-08-05,2026-08-05,2026-08-05T08:58:54.488904+00:00
DGS30,2022-12-30,3.97,2026-08-05,2026-08-05,2026-08-05T08:58:54.488904+00:00
DGS30,2023-01-02,.,2026-08-05,2026-08-05,2026-08-05T08:58:54.488904+00:00
DGS30,2023-01-03,3.88,2026-08-05,2026-08-05,2026-08-05T08:58:54.488904+00:00
DGS30,2023-01-04,3.81,2026-08-05,2026-08-05,2026-08-05T08:58:54.488904+00:00
DGS30,2023-01-05,3.78,2026-08-05,2026-08-05,2026-08-05T08:58:54.488904+00:00
DGS30,2023-01-06,3.67,2026-08-05,2026-08-05,2026-08-05T08:58:54.488904+00:00
DGS30,2023-01-09,3.66,2026-08-05,2026-08-05,2026-08-05T08:58:54.488904+00:00
DGS30,2023-01-10,3.74,2026-08-05,2026-08-05,2026-08-05T08:58:54.488904+00:00
DGS30,2023-01-11,3.67,2026-08-05,2026-08-05,2026-08-05T08:58:54.488904+00:00
DGS30,2023-01-12,3.56,2026-08-05,2026-08-05,2026-08-05T08:58:54.488904+00:00
DGS30,2023-01-13,3.61,2026-08-05,2026-08-05,2026-08-05T08:58:54.488904+00:00
DGS30,2023-01-16,.,2026-08-05,2026-08-05,2026-08-05T08:58:54.488904+00:00
DGS30,2023-01-17,3.64,2026-08-05,2026-08-05,2026-08-05T08:58:54.488904+00:00
DGS30,2023-01-18,3.54,2026-08-05,2026-08-05,2026-08-05T08:58:54.488904+00:00
DGS30,2023-01-19,3.57,2026-08-05,2026-08-05,2026-08-05T08:58:54.488904+00:00
DGS30,2023-01-20,3.66,2026-08-05,2026-08-05,2026-08-05T08:58:54.488904+00:00
DGS30,2023-01-23,3.69,2026-08-05,2026-08-05,2026-08-05T08:58:54.488904+00:00
DGS30,2023-01-24,3.62,2026-08-05,2026-08-05,2026-08-05T08:58:54.488904+00:00
DGS30,2023-01-25,3.62,2026-08-05,2026-08-05,2026-08-05T08:58:54.488904+00:00
DGS30,2023-01-26,3.62,2026-08-05,2026-08-05,2026-08-05T08:58:54.488904+00:00
DGS30,2023-01-27,3.64,2026-08-05,2026-08-05,2026-08-05T08:58:54.488904+00:00
DGS30,2023-01-30,3.66,2026-08-05,2026-08-05,2026-08-05T08:58:54.488904+00:00
DGS30,2023-01-31,3.65,2026-08-05,2026-08-05,2026-08-05T08:58:54.488904+00:00
DGS30,2023-02-01,3.55,2026-08-05,2026-08-05,2026-08-05T08:58:54.488904+00:00
DGS30,2023-02-02,3.55,2026-08-05,2026-08-05,2026-08-05T08:58:54.488904+00:00
DGS30,2023-02-03,3.63,2026-08-05,2026-08-05,2026-08-05T08:58:54.488904+00:00
DGS30,2023-02-06,3.67,2026-08-05,2026-08-05,2026-08-05T08:58:54.488904+00:00
DGS30,2023-02-07,3.72,2026-08-05,2026-08-05,2026-08-05T08:58:54.488904+00:00
DGS30,2023-02-08,3.70,2026-08-05,2026-08-05,2026-08-05T08:58:54.488904+00:00
DGS30,2023-02-09,3.75,2026-08-05,2026-08-05,2026-08-05T08:58:54.488904+00:00
DGS30,2023-02-10,3.83,2026-08-05,2026-08-05,2026-08-05T08:58:54.488904+00:00
DGS30,2023-02-13,3.79,2026-08-05,2026-08-05,2026-08-05T08:58:54.488904+00:00
DGS30,2023-02-14,3.81,2026-08-05,2026-08-05,2026-08-05T08:58:54.488904+00:00
DGS30,2023-02-15,3.85,2026-08-05,2026-08-05,2026-08-05T08:58:54.488904+00:00
DGS30,2023-02-16,3.92,2026-08-05,2026-08-05,2026-08-05T08:58:54.488904+00:00
DGS30,2023-02-17,3.88,2026-08-05,2026-08-05,2026-08-05T08:58:54.488904+00:00
DGS30,2023-02-20,.,2026-08-05,2026-08-05,2026-08-05T08:58:54.488904+00:00
DGS30,2023-02-21,3.98,2026-08-05,2026-08-05,2026-08-05T08:58:54.488904+00:00
DGS30,2023-02-22,3.94,2026-08-05,2026-08-05,2026-08-05T08:58:54.488904+00:00
DGS30,2023-02-23,3.88,2026-08-05,2026-08-05,2026-08-05T08:58:54.488904+00:00
DGS30,2023-02-24,3.93,2026-08-05,2026-08-05,2026-08-05T08:58:54.488904+00:00
DGS30,2023-02-27,3.93,2026-08-05,2026-08-05,2026-08-05T08:58:54.488904+00:00
DGS30,2023-02-28,3.93,2026-08-05,2026-08-05,2026-08-05T08:58:54.488904+00:00
DGS30,2023-03-01,3.97,2026-08-05,2026-08-05,2026-08-05T08:58:54.488904+00:00
DGS30,2023-03-02,4.03,2026-08-05,2026-08-05,2026-08-05T08:58:54.488904+00:00
DGS30,2023-03-03,3.90,2026-08-05,2026-08-05,2026-08-05T08:58:54.488904+00:00
DGS30,2023-03-06,3.92,2026-08-05,2026-08-05,2026-08-05T08:58:54.488904+00:00
DGS30,2023-03-07,3.88,2026-08-05,2026-08-05,2026-08-05T08:58:54.488904+00:00
DGS30,2023-03-08,3.88,2026-08-05,2026-08-05,2026-08-05T08:58:54.488904+00:00
DGS30,2023-03-09,3.88,2026-08-05,2026-08-05,2026-08-05T08:58:54.488904+00:00
DGS30,2023-03-10,3.70,2026-08-05,2026-08-05,2026-08-05T08:58:54.488904+00:00
DGS30,2023-03-13,3.70,2026-08-05,2026-08-05,2026-08-05T08:58:54.488904+00:00
DGS30,2023-03-14,3.77,2026-08-05,2026-08-05,2026-08-05T08:58:54.488904+00:00
DGS30,2023-03-15,3.70,2026-08-05,2026-08-05,2026-08-05T08:58:54.488904+00:00
DGS30,2023-03-16,3.71,2026-08-05,2026-08-05,2026-08-05T08:58:54.488904+00:00
DGS30,2023-03-17,3.60,2026-08-05,2026-08-05,2026-08-05T08:58:54.488904+00:00
DGS30,2023-03-20,3.65,2026-08-05,2026-08-05,2026-08-05T08:58:54.488904+00:00
DGS30,2023-03-21,3.73,2026-08-05,2026-08-05,2026-08-05T08:58:54.488904+00:00
DGS30,2023-03-22,3.68,2026-08-05,2026-08-05,2026-08-05T08:58:54.488904+00:00
DGS30,2023-03-23,3.66,2026-08-05,2026-08-05,2026-08-05T08:58:54.488904+00:00
DGS30,2023-03-24,3.64,2026-08-05,2026-08-05,2026-08-05T08:58:54.488904+00:00
DGS30,2023-03-27,3.77,2026-08-05,2026-08-05,2026-08-05T08:58:54.488904+00:00
DGS30,2023-03-28,3.77,2026-08-05,2026-08-05,2026-08-05T08:58:54.488904+00:00
DGS30,2023-03-29,3.78,2026-08-05,2026-08-05,2026-08-05T08:58:54.488904+00:00
DGS30,2023-03-30,3.74,2026-08-05,2026-08-05,2026-08-05T08:58:54.488904+00:00
DGS30,2023-03-31,3.67,2026-08-05,2026-08-05,2026-08-05T08:58:54.488904+00:00
DGS30,2023-04-03,3.64,2026-08-05,2026-08-05,2026-08-05T08:58:54.488904+00:00
DGS30,2023-04-04,3.60,2026-08-05,2026-08-05,2026-08-05T08:58:54.488904+00:00
DGS30,2023-04-05,3.56,2026-08-05,2026-08-05,2026-08-05T08:58:54.488904+00:00
DGS30,2023-04-06,3.54,2026-08-05,2026-08-05,2026-08-05T08:58:54.488904+00:00
DGS30,2023-04-07,3.61,2026-08-05,2026-08-05,2026-08-05T08:58:54.488904+00:00
DGS30,2023-04-10,3.62,2026-08-05,2026-08-05,2026-08-05T08:58:54.488904+00:00
DGS30,2023-04-11,3.62,2026-08-05,2026-08-05,2026-08-05T08:58:54.488904+00:00
DGS30,2023-04-12,3.64,2026-08-05,2026-08-05,2026-08-05T08:58:54.488904+00:00
DGS30,2023-04-13,3.69,2026-08-05,2026-08-05,2026-08-05T08:58:54.488904+00:00
DGS30,2023-04-14,3.74,2026-08-05,2026-08-05,2026-08-05T08:58:54.488904+00:00
DGS30,2023-04-17,3.81,2026-08-05,2026-08-05,2026-08-05T08:58:54.488904+00:00
DGS30,2023-04-18,3.79,2026-08-05,2026-08-05,2026-08-05T08:58:54.488904+00:00
DGS30,2023-04-19,3.79,2026-08-05,2026-08-05,2026-08-05T08:58:54.488904+00:00
DGS30,2023-04-20,3.75,2026-08-05,2026-08-05,2026-08-05T08:58:54.488904+00:00
DGS30,2023-04-21,3.78,2026-08-05,2026-08-05,2026-08-05T08:58:54.488904+00:00
DGS30,2023-04-24,3.73,2026-08-05,2026-08-05,2026-08-05T08:58:54.488904+00:00
DGS30,2023-04-25,3.65,2026-08-05,2026-08-05,2026-08-05T08:58:54.488904+00:00
DGS30,2023-04-26,3.70,2026-08-05,2026-08-05,2026-08-05T08:58:54.488904+00:00
DGS30,2023-04-27,3.76,2026-08-05,2026-08-05,2026-08-05T08:58:54.488904+00:00
DGS30,2023-04-28,3.67,2026-08-05,2026-08-05,2026-08-05T08:58:54.488904+00:00
DGS30,2023-05-01,3.84,2026-08-05,2026-08-05,2026-08-05T08:58:54.488904+00:00
DGS30,2023-05-02,3.72,2026-08-05,2026-08-05,2026-08-05T08:58:54.488904+00:00
DGS30,2023-05-03,3.70,2026-08-05,2026-08-05,2026-08-05T08:58:54.488904+00:00
DGS30,2023-05-04,3.73,2026-08-05,2026-08-05,2026-08-05T08:58:54.488904+00:00
DGS30,2023-05-05,3.76,2026-08-05,2026-08-05,2026-08-05T08:58:54.488904+00:00
DGS30,2023-05-08,3.84,2026-08-05,2026-08-05,2026-08-05T08:58:54.488904+00:00
DGS30,2023-05-09,3.85,2026-08-05,2026-08-05,2026-08-05T08:58:54.488904+00:00
DGS30,2023-05-10,3.80,2026-08-05,2026-08-05,2026-08-05T08:58:54.488904+00:00
DGS30,2023-05-11,3.73,2026-08-05,2026-08-05,2026-08-05T08:58:54.488904+00:00
DGS30,2023-05-12,3.78,2026-08-05,2026-08-05,2026-08-05T08:58:54.488904+00:00
DGS30,2023-05-15,3.84,2026-08-05,2026-08-05,2026-08-05T08:58:54.488904+00:00
DGS30,2023-05-16,3.87,2026-08-05,2026-08-05,2026-08-05T08:58:54.488904+00:00
DGS30,2023-05-17,3.88,2026-08-05,2026-08-05,2026-08-05T08:58:54.488904+00:00
DGS30,2023-05-18,3.91,2026-08-05,2026-08-05,2026-08-05T08:58:54.488904+00:00
DGS30,2023-05-19,3.95,2026-08-05,2026-08-05,2026-08-05T08:58:54.488904+00:00
DGS30,2023-05-22,3.97,2026-08-05,2026-08-05,2026-08-05T08:58:54.488904+00:00
DGS30,2023-05-23,3.96,2026-08-05,2026-08-05,2026-08-05T08:58:54.488904+00:00
DGS30,2023-05-24,3.97,2026-08-05,2026-08-05,2026-08-05T08:58:54.488904+00:00
DGS30,2023-05-25,4.01,2026-08-05,2026-08-05,2026-08-05T08:58:54.488904+00:00
DGS30,2023-05-26,3.96,2026-08-05,2026-08-05,2026-08-05T08:58:54.488904+00:00
DGS30,2023-05-29,.,2026-08-05,2026-08-05,2026-08-05T08:58:54.488904+00:00
DGS30,2023-05-30,3.90,2026-08-05,2026-08-05,2026-08-05T08:58:54.488904+00:00
DGS30,2023-05-31,3.85,2026-08-05,2026-08-05,2026-08-05T08:58:54.488904+00:00
DGS30,2023-06-01,3.84,2026-08-05,2026-08-05,2026-08-05T08:58:54.488904+00:00
DGS30,2023-06-02,3.88,2026-08-05,2026-08-05,2026-08-05T08:58:54.488904+00:00
DGS30,2023-06-05,3.89,2026-08-05,2026-08-05,2026-08-05T08:58:54.488904+00:00
DGS30,2023-06-06,3.87,2026-08-05,2026-08-05,2026-08-05T08:58:54.488904+00:00
DGS30,2023-06-07,3.95,2026-08-05,2026-08-05,2026-08-05T08:58:54.488904+00:00
DGS30,2023-06-08,3.89,2026-08-05,2026-08-05,2026-08-05T08:58:54.488904+00:00
DGS30,2023-06-09,3.89,2026-08-05,2026-08-05,2026-08-05T08:58:54.488904+00:00
DGS30,2023-06-12,3.87,2026-08-05,2026-08-05,2026-08-05T08:58:54.488904+00:00
DGS30,2023-06-13,3.94,2026-08-05,2026-08-05,2026-08-05T08:58:54.488904+00:00
DGS30,2023-06-14,3.90,2026-08-05,2026-08-05,2026-08-05T08:58:54.488904+00:00
DGS30,2023-06-15,3.85,2026-08-05,2026-08-05,2026-08-05T08:58:54.488904+00:00
DGS30,2023-06-16,3.86,2026-08-05,2026-08-05,2026-08-05T08:58:54.488904+00:00
DGS30,2023-06-19,.,2026-08-05,2026-08-05,2026-08-05T08:58:54.488904+00:00
DGS30,2023-06-20,3.83,2026-08-05,2026-08-05,2026-08-05T08:58:54.488904+00:00
DGS30,2023-06-21,3.81,2026-08-05,2026-08-05,2026-08-05T08:58:54.488904+00:00
DGS30,2023-06-22,3.88,2026-08-05,2026-08-05,2026-08-05T08:58:54.488904+00:00
DGS30,2023-06-23,3.82,2026-08-05,2026-08-05,2026-08-05T08:58:54.488904+00:00
DGS30,2023-06-26,3.83,2026-08-05,2026-08-05,2026-08-05T08:58:54.488904+00:00
DGS30,2023-06-27,3.84,2026-08-05,2026-08-05,2026-08-05T08:58:54.488904+00:00
DGS30,2023-06-28,3.81,2026-08-05,2026-08-05,2026-08-05T08:58:54.488904+00:00
DGS30,2023-06-29,3.92,2026-08-05,2026-08-05,2026-08-05T08:58:54.488904+00:00
DGS30,2023-06-30,3.85,2026-08-05,2026-08-05,2026-08-05T08:58:54.488904+00:00
DGS30,2023-07-03,3.87,2026-08-05,2026-08-05,2026-08-05T08:58:54.488904+00:00
DGS30,2023-07-04,.,2026-08-05,2026-08-05,2026-08-05T08:58:54.488904+00:00
DGS30,2023-07-05,3.95,2026-08-05,2026-08-05,2026-08-05T08:58:54.488904+00:00
DGS30,2023-07-06,4.01,2026-08-05,2026-08-05,2026-08-05T08:58:54.488904+00:00
DGS30,2023-07-07,4.05,2026-08-05,2026-08-05,2026-08-05T08:58:54.488904+00:00
DGS30,2023-07-10,4.05,2026-08-05,2026-08-05,2026-08-05T08:58:54.488904+00:00
DGS30,2023-07-11,4.03,2026-08-05,2026-08-05,2026-08-05T08:58:54.488904+00:00
DGS30,2023-07-12,3.96,2026-08-05,2026-08-05,2026-08-05T08:58:54.488904+00:00
DGS30,2023-07-13,3.90,2026-08-05,2026-08-05,2026-08-05T08:58:54.488904+00:00
DGS30,2023-07-14,3.93,2026-08-05,2026-08-05,2026-08-05T08:58:54.488904+00:00
DGS30,2023-07-17,3.94,2026-08-05,2026-08-05,2026-08-05T08:58:54.488904+00:00
DGS30,2023-07-18,3.91,2026-08-05,2026-08-05,2026-08-05T08:58:54.488904+00:00
DGS30,2023-07-19,3.84,2026-08-05,2026-08-05,2026-08-05T08:58:54.488904+00:00
DGS30,2023-07-20,3.91,2026-08-05,2026-08-05,2026-08-05T08:58:54.488904+00:00
DGS30,2023-07-21,3.91,2026-08-05,2026-08-05,2026-08-05T08:58:54.488904+00:00
DGS30,2023-07-24,3.92,2026-08-05,2026-08-05,2026-08-05T08:58:54.488904+00:00
DGS30,2023-07-25,3.95,2026-08-05,2026-08-05,2026-08-05T08:58:54.488904+00:00
DGS30,2023-07-26,3.94,2026-08-05,2026-08-05,2026-08-05T08:58:54.488904+00:00
DGS30,2023-07-27,4.06,2026-08-05,2026-08-05,2026-08-05T08:58:54.488904+00:00
DGS30,2023-07-28,4.03,2026-08-05,2026-08-05,2026-08-05T08:58:54.488904+00:00
DGS30,2023-07-31,4.02,2026-08-05,2026-08-05,2026-08-05T08:58:54.488904+00:00
DGS30,2023-08-01,4.11,2026-08-05,2026-08-05,2026-08-05T08:58:54.488904+00:00
DGS30,2023-08-02,4.17,2026-08-05,2026-08-05,2026-08-05T08:58:54.488904+00:00
DGS30,2023-08-03,4.32,2026-08-05,2026-08-05,2026-08-05T08:58:54.488904+00:00
DGS30,2023-08-04,4.21,2026-08-05,2026-08-05,2026-08-05T08:58:54.488904+00:00
DGS30,2023-08-07,4.27,2026-08-05,2026-08-05,2026-08-05T08:58:54.488904+00:00
DGS30,2023-08-08,4.20,2026-08-05,2026-08-05,2026-08-05T08:58:54.488904+00:00
DGS30,2023-08-09,4.18,2026-08-05,2026-08-05,2026-08-05T08:58:54.488904+00:00
DGS30,2023-08-10,4.24,2026-08-05,2026-08-05,2026-08-05T08:58:54.488904+00:00
DGS30,2023-08-11,4.27,2026-08-05,2026-08-05,2026-08-05T08:58:54.488904+00:00
DGS30,2023-08-14,4.29,2026-08-05,2026-08-05,2026-08-05T08:58:54.488904+00:00
DGS30,2023-08-15,4.32,2026-08-05,2026-08-05,2026-08-05T08:58:54.488904+00:00
DGS30,2023-08-16,4.38,2026-08-05,2026-08-05,2026-08-05T08:58:54.488904+00:00
DGS30,2023-08-17,4.41,2026-08-05,2026-08-05,2026-08-05T08:58:54.488904+00:00
DGS30,2023-08-18,4.38,2026-08-05,2026-08-05,2026-08-05T08:58:54.488904+00:00
DGS30,2023-08-21,4.45,2026-08-05,2026-08-05,2026-08-05T08:58:54.488904+00:00
DGS30,2023-08-22,4.42,2026-08-05,2026-08-05,2026-08-05T08:58:54.488904+00:00
DGS30,2023-08-23,4.27,2026-08-05,2026-08-05,2026-08-05T08:58:54.488904+00:00
DGS30,2023-08-24,4.30,2026-08-05,2026-08-05,2026-08-05T08:58:54.488904+00:00
DGS30,2023-08-25,4.30,2026-08-05,2026-08-05,2026-08-05T08:58:54.488904+00:00
DGS30,2023-08-28,4.29,2026-08-05,2026-08-05,2026-08-05T08:58:54.488904+00:00
DGS30,2023-08-29,4.23,2026-08-05,2026-08-05,2026-08-05T08:58:54.488904+00:00
DGS30,2023-08-30,4.23,2026-08-05,2026-08-05,2026-08-05T08:58:54.488904+00:00
DGS30,2023-08-31,4.20,2026-08-05,2026-08-05,2026-08-05T08:58:54.488904+00:00
DGS30,2023-09-01,4.29,2026-08-05,2026-08-05,2026-08-05T08:58:54.488904+00:00
DGS30,2023-09-04,.,2026-08-05,2026-08-05,2026-08-05T08:58:54.488904+00:00
DGS30,2023-09-05,4.38,2026-08-05,2026-08-05,2026-08-05T08:58:54.488904+00:00
DGS30,2023-09-06,4.37,2026-08-05,2026-08-05,2026-08-05T08:58:54.488904+00:00
DGS30,2023-09-07,4.36,2026-08-05,2026-08-05,2026-08-05T08:58:54.488904+00:00
DGS30,2023-09-08,4.33,2026-08-05,2026-08-05,2026-08-05T08:58:54.488904+00:00
DGS30,2023-09-11,4.37,2026-08-05,2026-08-05,2026-08-05T08:58:54.488904+00:00
DGS30,2023-09-12,4.35,2026-08-05,2026-08-05,2026-08-05T08:58:54.488904+00:00
DGS30,2023-09-13,4.34,2026-08-05,2026-08-05,2026-08-05T08:58:54.488904+00:00
DGS30,2023-09-14,4.39,2026-08-05,2026-08-05,2026-08-05T08:58:54.488904+00:00
DGS30,2023-09-15,4.42,2026-08-05,2026-08-05,2026-08-05T08:58:54.488904+00:00
DGS30,2023-09-18,4.40,2026-08-05,2026-08-05,2026-08-05T08:58:54.488904+00:00
DGS30,2023-09-19,4.43,2026-08-05,2026-08-05,2026-08-05T08:58:54.488904+00:00
DGS30,2023-09-20,4.40,2026-08-05,2026-08-05,2026-08-05T08:58:54.488904+00:00
DGS30,2023-09-21,4.56,2026-08-05,2026-08-05,2026-08-05T08:58:54.488904+00:00
DGS30,2023-09-22,4.53,2026-08-05,2026-08-05,2026-08-05T08:58:54.488904+00:00
DGS30,2023-09-25,4.67,2026-08-05,2026-08-05,2026-08-05T08:58:54.488904+00:00
DGS30,2023-09-26,4.70,2026-08-05,2026-08-05,2026-08-05T08:58:54.488904+00:00
DGS30,2023-09-27,4.73,2026-08-05,2026-08-05,2026-08-05T08:58:54.488904+00:00
DGS30,2023-09-28,4.71,2026-08-05,2026-08-05,2026-08-05T08:58:54.488904+00:00
DGS30,2023-09-29,4.73,2026-08-05,2026-08-05,2026-08-05T08:58:54.488904+00:00
DGS30,2023-10-02,4.81,2026-08-05,2026-08-05,2026-08-05T08:58:54.488904+00:00
DGS30,2023-10-03,4.95,2026-08-05,2026-08-05,2026-08-05T08:58:54.488904+00:00
DGS30,2023-10-04,4.87,2026-08-05,2026-08-05,2026-08-05T08:58:54.488904+00:00
DGS30,2023-10-05,4.89,2026-08-05,2026-08-05,2026-08-05T08:58:54.488904+00:00
DGS30,2023-10-06,4.95,2026-08-05,2026-08-05,2026-08-05T08:58:54.488904+00:00
DGS30,2023-10-09,.,2026-08-05,2026-08-05,2026-08-05T08:58:54.488904+00:00
DGS30,2023-10-10,4.85,2026-08-05,2026-08-05,2026-08-05T08:58:54.488904+00:00
DGS30,2023-10-11,4.73,2026-08-05,2026-08-05,2026-08-05T08:58:54.488904+00:00
DGS30,2023-10-12,4.86,2026-08-05,2026-08-05,2026-08-05T08:58:54.488904+00:00
DGS30,2023-10-13,4.78,2026-08-05,2026-08-05,2026-08-05T08:58:54.488904+00:00
DGS30,2023-10-16,4.87,2026-08-05,2026-08-05,2026-08-05T08:58:54.488904+00:00
DGS30,2023-10-17,4.94,2026-08-05,2026-08-05,2026-08-05T08:58:54.488904+00:00
DGS30,2023-10-18,5.00,2026-08-05,2026-08-05,2026-08-05T08:58:54.488904+00:00
DGS30,2023-10-19,5.11,2026-08-05,2026-08-05,2026-08-05T08:58:54.488904+00:00
DGS30,2023-10-20,5.09,2026-08-05,2026-08-05,2026-08-05T08:58:54.488904+00:00
DGS30,2023-10-23,5.01,2026-08-05,2026-08-05,2026-08-05T08:58:54.488904+00:00
DGS30,2023-10-24,4.96,2026-08-05,2026-08-05,2026-08-05T08:58:54.488904+00:00
DGS30,2023-10-25,5.09,2026-08-05,2026-08-05,2026-08-05T08:58:54.488904+00:00
DGS30,2023-10-26,5.01,2026-08-05,2026-08-05,2026-08-05T08:58:54.488904+00:00
DGS30,2023-10-27,5.03,2026-08-05,2026-08-05,2026-08-05T08:58:54.488904+00:00
DGS30,2023-10-30,5.04,2026-08-05,2026-08-05,2026-08-05T08:58:54.488904+00:00
DGS30,2023-10-31,5.04,2026-08-05,2026-08-05,2026-08-05T08:58:54.488904+00:00
DGS30,2023-11-01,4.96,2026-08-05,2026-08-05,2026-08-05T08:58:54.488904+00:00
DGS30,2023-11-02,4.82,2026-08-05,2026-08-05,2026-08-05T08:58:54.488904+00:00
DGS30,2023-11-03,4.77,2026-08-05,2026-08-05,2026-08-05T08:58:54.488904+00:00
DGS30,2023-11-06,4.84,2026-08-05,2026-08-05,2026-08-05T08:58:54.488904+00:00
DGS30,2023-11-07,4.75,2026-08-05,2026-08-05,2026-08-05T08:58:54.488904+00:00
DGS30,2023-11-08,4.64,2026-08-05,2026-08-05,2026-08-05T08:58:54.488904+00:00
DGS30,2023-11-09,4.77,2026-08-05,2026-08-05,2026-08-05T08:58:54.488904+00:00
DGS30,2023-11-10,4.73,2026-08-05,2026-08-05,2026-08-05T08:58:54.488904+00:00
DGS30,2023-11-13,4.75,2026-08-05,2026-08-05,2026-08-05T08:58:54.488904+00:00
DGS30,2023-11-14,4.61,2026-08-05,2026-08-05,2026-08-05T08:58:54.488904+00:00
DGS30,2023-11-15,4.68,2026-08-05,2026-08-05,2026-08-05T08:58:54.488904+00:00
DGS30,2023-11-16,4.63,2026-08-05,2026-08-05,2026-08-05T08:58:54.488904+00:00
DGS30,2023-11-17,4.59,2026-08-05,2026-08-05,2026-08-05T08:58:54.488904+00:00
DGS30,2023-11-20,4.57,2026-08-05,2026-08-05,2026-08-05T08:58:54.488904+00:00
DGS30,2023-11-21,4.57,2026-08-05,2026-08-05,2026-08-05T08:58:54.488904+00:00
DGS30,2023-11-22,4.55,2026-08-05,2026-08-05,2026-08-05T08:58:54.488904+00:00
DGS30,2023-11-23,.,2026-08-05,2026-08-05,2026-08-05T08:58:54.488904+00:00
DGS30,2023-11-24,4.60,2026-08-05,2026-08-05,2026-08-05T08:58:54.488904+00:00
DGS30,2023-11-27,4.53,2026-08-05,2026-08-05,2026-08-05T08:58:54.488904+00:00
DGS30,2023-11-28,4.52,2026-08-05,2026-08-05,2026-08-05T08:58:54.488904+00:00
DGS30,2023-11-29,4.44,2026-08-05,2026-08-05,2026-08-05T08:58:54.488904+00:00
DGS30,2023-11-30,4.54,2026-08-05,2026-08-05,2026-08-05T08:58:54.488904+00:00
DGS30,2023-12-01,4.40,2026-08-05,2026-08-05,2026-08-05T08:58:54.488904+00:00
DGS30,2023-12-04,4.43,2026-08-05,2026-08-05,2026-08-05T08:58:54.488904+00:00
DGS30,2023-12-05,4.30,2026-08-05,2026-08-05,2026-08-05T08:58:54.488904+00:00
DGS30,2023-12-06,4.22,2026-08-05,2026-08-05,2026-08-05T08:58:54.488904+00:00
DGS30,2023-12-07,4.25,2026-08-05,2026-08-05,2026-08-05T08:58:54.488904+00:00
DGS30,2023-12-08,4.31,2026-08-05,2026-08-05,2026-08-05T08:58:54.488904+00:00
DGS30,2023-12-11,4.32,2026-08-05,2026-08-05,2026-08-05T08:58:54.488904+00:00
DGS30,2023-12-12,4.30,2026-08-05,2026-08-05,2026-08-05T08:58:54.488904+00:00
DGS30,2023-12-13,4.19,2026-08-05,2026-08-05,2026-08-05T08:58:54.488904+00:00
DGS30,2023-12-14,4.03,2026-08-05,2026-08-05,2026-08-05T08:58:54.488904+00:00
DGS30,2023-12-15,4.00,2026-08-05,2026-08-05,2026-08-05T08:58:54.488904+00:00
DGS30,2023-12-18,4.05,2026-08-05,2026-08-05,2026-08-05T08:58:54.488904+00:00
DGS30,2023-12-19,4.03,2026-08-05,2026-08-05,2026-08-05T08:58:54.488904+00:00
DGS30,2023-12-20,3.98,2026-08-05,2026-08-05,2026-08-05T08:58:54.488904+00:00
DGS30,2023-12-21,4.03,2026-08-05,2026-08-05,2026-08-05T08:58:54.488904+00:00
DGS30,2023-12-22,4.05,2026-08-05,2026-08-05,2026-08-05T08:58:54.488904+00:00
DGS30,2023-12-25,.,2026-08-05,2026-08-05,2026-08-05T08:58:54.488904+00:00
DGS30,2023-12-26,4.04,2026-08-05,2026-08-05,2026-08-05T08:58:54.488904+00:00
DGS30,2023-12-27,3.95,2026-08-05,2026-08-05,2026-08-05T08:58:54.488904+00:00
DGS30,2023-12-28,3.98,2026-08-05,2026-08-05,2026-08-05T08:58:54.488904+00:00
DGS30,2023-12-29,4.03,2026-08-05,2026-08-05,2026-08-05T08:58:54.488904+00:00
DGS30,2024-01-01,.,2026-08-05,2026-08-05,2026-08-05T08:58:54.488904+00:00
DGS30,2024-01-02,4.08,2026-08-05,2026-08-05,2026-08-05T08:58:54.488904+00:00
DGS30,2024-01-03,4.05,2026-08-05,2026-08-05,2026-08-05T08:58:54.488904+00:00
DGS30,2024-01-04,4.13,2026-08-05,2026-08-05,2026-08-05T08:58:54.488904+00:00
DGS30,2024-01-05,4.21,2026-08-05,2026-08-05,2026-08-05T08:58:54.488904+00:00
DGS30,2024-01-08,4.17,2026-08-05,2026-08-05,2026-08-05T08:58:54.488904+00:00
DGS30,2024-01-09,4.18,2026-08-05,2026-08-05,2026-08-05T08:58:54.488904+00:00
DGS30,2024-01-10,4.20,2026-08-05,2026-08-05,2026-08-05T08:58:54.488904+00:00
DGS30,2024-01-11,4.18,2026-08-05,2026-08-05,2026-08-05T08:58:54.488904+00:00
DGS30,2024-01-12,4.20,2026-08-05,2026-08-05,2026-08-05T08:58:54.488904+00:00
DGS30,2024-01-15,.,2026-08-05,2026-08-05,2026-08-05T08:58:54.488904+00:00
DGS30,2024-01-16,4.30,2026-08-05,2026-08-05,2026-08-05T08:58:54.488904+00:00
DGS30,2024-01-17,4.31,2026-08-05,2026-08-05,2026-08-05T08:58:54.488904+00:00
DGS30,2024-01-18,4.37,2026-08-05,2026-08-05,2026-08-05T08:58:54.488904+00:00
DGS30,2024-01-19,4.36,2026-08-05,2026-08-05,2026-08-05T08:58:54.488904+00:00
DGS30,2024-01-22,4.32,2026-08-05,2026-08-05,2026-08-05T08:58:54.488904+00:00
DGS30,2024-01-23,4.38,2026-08-05,2026-08-05,2026-08-05T08:58:54.488904+00:00
DGS30,2024-01-24,4.41,2026-08-05,2026-08-05,2026-08-05T08:58:54.488904+00:00
DGS30,2024-01-25,4.38,2026-08-05,2026-08-05,2026-08-05T08:58:54.488904+00:00
DGS30,2024-01-26,4.38,2026-08-05,2026-08-05,2026-08-05T08:58:54.488904+00:00
DGS30,2024-01-29,4.31,2026-08-05,2026-08-05,2026-08-05T08:58:54.488904+00:00
DGS30,2024-01-30,4.28,2026-08-05,2026-08-05,2026-08-05T08:58:54.488904+00:00
DGS30,2024-01-31,4.22,2026-08-05,2026-08-05,2026-08-05T08:58:54.488904+00:00
DGS30,2024-02-01,4.10,2026-08-05,2026-08-05,2026-08-05T08:58:54.488904+00:00
DGS30,2024-02-02,4.22,2026-08-05,2026-08-05,2026-08-05T08:58:54.488904+00:00
DGS30,2024-02-05,4.35,2026-08-05,2026-08-05,2026-08-05T08:58:54.488904+00:00
DGS30,2024-02-06,4.29,2026-08-05,2026-08-05,2026-08-05T08:58:54.488904+00:00
DGS30,2024-02-07,4.31,2026-08-05,2026-08-05,2026-08-05T08:58:54.488904+00:00
DGS30,2024-02-08,4.36,2026-08-05,2026-08-05,2026-08-05T08:58:54.488904+00:00
DGS30,2024-02-09,4.37,2026-08-05,2026-08-05,2026-08-05T08:58:54.488904+00:00
DGS30,2024-02-12,4.37,2026-08-05,2026-08-05,2026-08-05T08:58:54.488904+00:00
DGS30,2024-02-13,4.46,2026-08-05,2026-08-05,2026-08-05T08:58:54.488904+00:00
DGS30,2024-02-14,4.45,2026-08-05,2026-08-05,2026-08-05T08:58:54.488904+00:00
DGS30,2024-02-15,4.42,2026-08-05,2026-08-05,2026-08-05T08:58:54.488904+00:00
DGS30,2024-02-16,4.45,2026-08-05,2026-08-05,2026-08-05T08:58:54.488904+00:00
DGS30,2024-02-19,.,2026-08-05,2026-08-05,2026-08-05T08:58:54.488904+00:00
DGS30,2024-02-20,4.44,2026-08-05,2026-08-05,2026-08-05T08:58:54.488904+00:00
DGS30,2024-02-21,4.49,2026-08-05,2026-08-05,2026-08-05T08:58:54.488904+00:00
DGS30,2024-02-22,4.47,2026-08-05,2026-08-05,2026-08-05T08:58:54.488904+00:00
DGS30,2024-02-23,4.37,2026-08-05,2026-08-05,2026-08-05T08:58:54.488904+00:00
DGS30,2024-02-26,4.4,2026-08-05,2026-08-05,2026-08-05T08:58:54.488904+00:00
DGS30,2024-02-27,4.44,2026-08-05,2026-08-05,2026-08-05T08:58:54.488904+00:00
DGS30,2024-02-28,4.4,2026-08-05,2026-08-05,2026-08-05T08:58:54.488904+00:00
DGS30,2024-02-29,4.38,2026-08-05,2026-08-05,2026-08-05T08:58:54.488904+00:00
DGS30,2024-03-01,4.33,2026-08-05,2026-08-05,2026-08-05T08:58:54.488904+00:00
DGS30,2024-03-04,4.36,2026-08-05,2026-08-05,2026-08-05T08:58:54.488904+00:00
DGS30,2024-03-05,4.27,2026-08-05,2026-08-05,2026-08-05T08:58:54.488904+00:00
DGS30,2024-03-06,4.24,2026-08-05,2026-08-05,2026-08-05T08:58:54.488904+00:00
DGS30,2024-03-07,4.25,2026-08-05,2026-08-05,2026-08-05T08:58:54.488904+00:00
DGS30,2024-03-08,4.26,2026-08-05,2026-08-05,2026-08-05T08:58:54.488904+00:00
DGS30,2024-03-11,4.26,2026-08-05,2026-08-05,2026-08-05T08:58:54.488904+00:00
DGS30,2024-03-12,4.31,2026-08-05,2026-08-05,2026-08-05T08:58:54.488904+00:00
DGS30,2024-03-13,4.35,2026-08-05,2026-08-05,2026-08-05T08:58:54.488904+00:00
DGS30,2024-03-14,4.44,2026-08-05,2026-08-05,2026-08-05T08:58:54.488904+00:00
DGS30,2024-03-15,4.43,2026-08-05,2026-08-05,2026-08-05T08:58:54.488904+00:00
DGS30,2024-03-18,4.46,2026-08-05,2026-08-05,2026-08-05T08:58:54.488904+00:00
DGS30,2024-03-19,4.44,2026-08-05,2026-08-05,2026-08-05T08:58:54.488904+00:00
DGS30,2024-03-20,4.45,2026-08-05,2026-08-05,2026-08-05T08:58:54.488904+00:00
DGS30,2024-03-21,4.44,2026-08-05,2026-08-05,2026-08-05T08:58:54.488904+00:00
DGS30,2024-03-22,4.39,2026-08-05,2026-08-05,2026-08-05T08:58:54.488904+00:00
DGS30,2024-03-25,4.42,2026-08-05,2026-08-05,2026-08-05T08:58:54.488904+00:00
DGS30,2024-03-26,4.4,2026-08-05,2026-08-05,2026-08-05T08:58:54.488904+00:00
DGS30,2024-03-27,4.36,2026-08-05,2026-08-05,2026-08-05T08:58:54.488904+00:00
DGS30,2024-03-28,4.34,2026-08-05,2026-08-05,2026-08-05T08:58:54.488904+00:00
DGS30,2024-03-29,.,2026-08-05,2026-08-05,2026-08-05T08:58:54.488904+00:00
DGS30,2024-04-01,4.47,2026-08-05,2026-08-05,2026-08-05T08:58:54.488904+00:00
DGS30,2024-04-02,4.51,2026-08-05,2026-08-05,2026-08-05T08:58:54.488904+00:00
DGS30,2024-04-03,4.51,2026-08-05,2026-08-05,2026-08-05T08:58:54.488904+00:00
DGS30,2024-04-04,4.47,2026-08-05,2026-08-05,2026-08-05T08:58:54.488904+00:00
DGS30,2024-04-05,4.54,2026-08-05,2026-08-05,2026-08-05T08:58:54.488904+00:00
DGS30,2024-04-08,4.55,2026-08-05,2026-08-05,2026-08-05T08:58:54.488904+00:00
DGS30,2024-04-09,4.5,2026-08-05,2026-08-05,2026-08-05T08:58:54.488904+00:00
DGS30,2024-04-10,4.64,2026-08-05,2026-08-05,2026-08-05T08:58:54.488904+00:00
DGS30,2024-04-11,4.65,2026-08-05,2026-08-05,2026-08-05T08:58:54.488904+00:00
DGS30,2024-04-12,4.61,2026-08-05,2026-08-05,2026-08-05T08:58:54.488904+00:00
DGS30,2024-04-15,4.74,2026-08-05,2026-08-05,2026-08-05T08:58:54.488904+00:00
DGS30,2024-04-16,4.77,2026-08-05,2026-08-05,2026-08-05T08:58:54.488904+00:00
DGS30,2024-04-17,4.71,2026-08-05,2026-08-05,2026-08-05T08:58:54.488904+00:00
DGS30,2024-04-18,4.74,2026-08-05,2026-08-05,2026-08-05T08:58:54.488904+00:00
DGS30,2024-04-19,4.72,2026-08-05,2026-08-05,2026-08-05T08:58:54.488904+00:00
DGS30,2024-04-22,4.72,2026-08-05,2026-08-05,2026-08-05T08:58:54.488904+00:00
DGS30,2024-04-23,4.73,2026-08-05,2026-08-05,2026-08-05T08:58:54.488904+00:00
DGS30,2024-04-24,4.78,2026-08-05,2026-08-05,2026-08-05T08:58:54.488904+00:00
DGS30,2024-04-25,4.82,2026-08-05,2026-08-05,2026-08-05T08:58:54.488904+00:00
DGS30,2024-04-26,4.78,2026-08-05,2026-08-05,2026-08-05T08:58:54.488904+00:00
DGS30,2024-04-29,4.75,2026-08-05,2026-08-05,2026-08-05T08:58:54.488904+00:00
DGS30,2024-04-30,4.79,2026-08-05,2026-08-05,2026-08-05T08:58:54.488904+00:00
DGS30,2024-05-01,4.74,2026-08-05,2026-08-05,2026-08-05T08:58:54.488904+00:00
DGS30,2024-05-02,4.72,2026-08-05,2026-08-05,2026-08-05T08:58:54.488904+00:00
DGS30,2024-05-03,4.66,2026-08-05,2026-08-05,2026-08-05T08:58:54.488904+00:00
DGS30,2024-05-06,4.64,2026-08-05,2026-08-05,2026-08-05T08:58:54.488904+00:00
DGS30,2024-05-07,4.61,2026-08-05,2026-08-05,2026-08-05T08:58:54.488904+00:00
DGS30,2024-05-08,4.64,2026-08-05,2026-08-05,2026-08-05T08:58:54.488904+00:00
DGS30,2024-05-09,4.6,2026-08-05,2026-08-05,2026-08-05T08:58:54.488904+00:00
DGS30,2024-05-10,4.64,2026-08-05,2026-08-05,2026-08-05T08:58:54.488904+00:00
DGS30,2024-05-13,4.63,2026-08-05,2026-08-05,2026-08-05T08:58:54.488904+00:00
DGS30,2024-05-14,4.59,2026-08-05,2026-08-05,2026-08-05T08:58:54.488904+00:00
DGS30,2024-05-15,4.52,2026-08-05,2026-08-05,2026-08-05T08:58:54.488904+00:00
DGS30,2024-05-16,4.52,2026-08-05,2026-08-05,2026-08-05T08:58:54.488904+00:00
DGS30,2024-05-17,4.56,2026-08-05,2026-08-05,2026-08-05T08:58:54.488904+00:00
DGS30,2024-05-20,4.58,2026-08-05,2026-08-05,2026-08-05T08:58:54.488904+00:00
DGS30,2024-05-21,4.55,2026-08-05,2026-08-05,2026-08-05T08:58:54.488904+00:00
DGS30,2024-05-22,4.55,2026-08-05,2026-08-05,2026-08-05T08:58:54.488904+00:00
DGS30,2024-05-23,4.58,2026-08-05,2026-08-05,2026-08-05T08:58:54.488904+00:00
DGS30,2024-05-24,4.57,2026-08-05,2026-08-05,2026-08-05T08:58:54.488904+00:00
DGS30,2024-05-27,.,2026-08-05,2026-08-05,2026-08-05T08:58:54.488904+00:00
DGS30,2024-05-28,4.66,2026-08-05,2026-08-05,2026-08-05T08:58:54.488904+00:00
DGS30,2024-05-29,4.74,2026-08-05,2026-08-05,2026-08-05T08:58:54.488904+00:00
DGS30,2024-05-30,4.69,2026-08-05,2026-08-05,2026-08-05T08:58:54.488904+00:00
DGS30,2024-05-31,4.65,2026-08-05,2026-08-05,2026-08-05T08:58:54.488904+00:00
DGS30,2024-06-03,4.55,2026-08-05,2026-08-05,2026-08-05T08:58:54.488904+00:00
DGS30,2024-06-04,4.48,2026-08-05,2026-08-05,2026-08-05T08:58:54.488904+00:00
DGS30,2024-06-05,4.44,2026-08-05,2026-08-05,2026-08-05T08:58:54.488904+00:00
DGS30,2024-06-06,4.43,2026-08-05,2026-08-05,2026-08-05T08:58:54.488904+00:00
DGS30,2024-06-07,4.55,2026-08-05,2026-08-05,2026-08-05T08:58:54.488904+00:00
DGS30,2024-06-10,4.59,2026-08-05,2026-08-05,2026-08-05T08:58:54.488904+00:00
DGS30,2024-06-11,4.53,2026-08-05,2026-08-05,2026-08-05T08:58:54.488904+00:00
DGS30,2024-06-12,4.47,2026-08-05,2026-08-05,2026-08-05T08:58:54.488904+00:00
DGS30,2024-06-13,4.4,2026-08-05,2026-08-05,2026-08-05T08:58:54.488904+00:00
DGS30,2024-06-14,4.34,2026-08-05,2026-08-05,2026-08-05T08:58:54.488904+00:00
DGS30,2024-06-17,4.4,2026-08-05,2026-08-05,2026-08-05T08:58:54.488904+00:00
DGS30,2024-06-18,4.36,2026-08-05,2026-08-05,2026-08-05T08:58:54.488904+00:00
DGS30,2024-06-19,.,2026-08-05,2026-08-05,2026-08-05T08:58:54.488904+00:00
DGS30,2024-06-20,4.39,2026-08-05,2026-08-05,2026-08-05T08:58:54.488904+00:00
DGS30,2024-06-21,4.39,2026-08-05,2026-08-05,2026-08-05T08:58:54.488904+00:00
DGS30,2024-06-24,4.38,2026-08-05,2026-08-05,2026-08-05T08:58:54.488904+00:00
DGS30,2024-06-25,4.36,2026-08-05,2026-08-05,2026-08-05T08:58:54.488904+00:00
DGS30,2024-06-26,4.45,2026-08-05,2026-08-05,2026-08-05T08:58:54.488904+00:00
DGS30,2024-06-27,4.43,2026-08-05,2026-08-05,2026-08-05T08:58:54.488904+00:00
DGS30,2024-06-28,4.51,2026-08-05,2026-08-05,2026-08-05T08:58:54.488904+00:00
DGS30,2024-07-01,4.64,2026-08-05,2026-08-05,2026-08-05T08:58:54.488904+00:00
DGS30,2024-07-02,4.6,2026-08-05,2026-08-05,2026-08-05T08:58:54.488904+00:00
DGS30,2024-07-03,4.53,2026-08-05,2026-08-05,2026-08-05T08:58:54.488904+00:00
DGS30,2024-07-04,.,2026-08-05,2026-08-05,2026-08-05T08:58:54.488904+00:00
DGS30,2024-07-05,4.47,2026-08-05,2026-08-05,2026-08-05T08:58:54.488904+00:00
DGS30,2024-07-08,4.46,2026-08-05,2026-08-05,2026-08-05T08:58:54.488904+00:00
DGS30,2024-07-09,4.49,2026-08-05,2026-08-05,2026-08-05T08:58:54.488904+00:00
DGS30,2024-07-10,4.47,2026-08-05,2026-08-05,2026-08-05T08:58:54.488904+00:00
DGS30,2024-07-11,4.41,2026-08-05,2026-08-05,2026-08-05T08:58:54.488904+00:00
DGS30,2024-07-12,4.39,2026-08-05,2026-08-05,2026-08-05T08:58:54.488904+00:00
DGS30,2024-07-15,4.46,2026-08-05,2026-08-05,2026-08-05T08:58:54.488904+00:00
DGS30,2024-07-16,4.38,2026-08-05,2026-08-05,2026-08-05T08:58:54.488904+00:00
DGS30,2024-07-17,4.37,2026-08-05,2026-08-05,2026-08-05T08:58:54.488904+00:00
DGS30,2024-07-18,4.41,2026-08-05,2026-08-05,2026-08-05T08:58:54.488904+00:00
DGS30,2024-07-19,4.45,2026-08-05,2026-08-05,2026-08-05T08:58:54.488904+00:00
DGS30,2024-07-22,4.48,2026-08-05,2026-08-05,2026-08-05T08:58:54.488904+00:00
DGS30,2024-07-23,4.48,2026-08-05,2026-08-05,2026-08-05T08:58:54.488904+00:00
DGS30,2024-07-24,4.54,2026-08-05,2026-08-05,2026-08-05T08:58:54.488904+00:00
DGS30,2024-07-25,4.5,2026-08-05,2026-08-05,2026-08-05T08:58:54.488904+00:00
DGS30,2024-07-26,4.45,2026-08-05,2026-08-05,2026-08-05T08:58:54.488904+00:00
DGS30,2024-07-29,4.42,2026-08-05,2026-08-05,2026-08-05T08:58:54.488904+00:00
DGS30,2024-07-30,4.4,2026-08-05,2026-08-05,2026-08-05T08:58:54.488904+00:00
DGS30,2024-07-31,4.35,2026-08-05,2026-08-05,2026-08-05T08:58:54.488904+00:00
DGS30,2024-08-01,4.27,2026-08-05,2026-08-05,2026-08-05T08:58:54.488904+00:00
DGS30,2024-08-02,4.11,2026-08-05,2026-08-05,2026-08-05T08:58:54.488904+00:00
DGS30,2024-08-05,4.06,2026-08-05,2026-08-05,2026-08-05T08:58:54.488904+00:00
DGS30,2024-08-06,4.18,2026-08-05,2026-08-05,2026-08-05T08:58:54.488904+00:00
DGS30,2024-08-07,4.26,2026-08-05,2026-08-05,2026-08-05T08:58:54.488904+00:00
DGS30,2024-08-08,4.28,2026-08-05,2026-08-05,2026-08-05T08:58:54.488904+00:00
DGS30,2024-08-09,4.23,2026-08-05,2026-08-05,2026-08-05T08:58:54.488904+00:00
DGS30,2024-08-12,4.19,2026-08-05,2026-08-05,2026-08-05T08:58:54.488904+00:00
DGS30,2024-08-13,4.16,2026-08-05,2026-08-05,2026-08-05T08:58:54.488904+00:00
DGS30,2024-08-14,4.12,2026-08-05,2026-08-05,2026-08-05T08:58:54.488904+00:00
DGS30,2024-08-15,4.18,2026-08-05,2026-08-05,2026-08-05T08:58:54.488904+00:00
DGS30,2024-08-16,4.15,2026-08-05,2026-08-05,2026-08-05T08:58:54.488904+00:00
DGS30,2024-08-19,4.11,2026-08-05,2026-08-05,2026-08-05T08:58:54.488904+00:00
DGS30,2024-08-20,4.07,2026-08-05,2026-08-05,2026-08-05T08:58:54.488904+00:00
DGS30,2024-08-21,4.06,2026-08-05,2026-08-05,2026-08-05T08:58:54.488904+00:00
DGS30,2024-08-22,4.13,2026-08-05,2026-08-05,2026-08-05T08:58:54.488904+00:00
DGS30,2024-08-23,4.1,2026-08-05,2026-08-05,2026-08-05T08:58:54.488904+00:00
DGS30,2024-08-26,4.11,2026-08-05,2026-08-05,2026-08-05T08:58:54.488904+00:00
DGS30,2024-08-27,4.13,2026-08-05,2026-08-05,2026-08-05T08:58:54.488904+00:00
DGS30,2024-08-28,4.13,2026-08-05,2026-08-05,2026-08-05T08:58:54.488904+00:00
DGS30,2024-08-29,4.15,2026-08-05,2026-08-05,2026-08-05T08:58:54.488904+00:00
DGS30,2024-08-30,4.2,2026-08-05,2026-08-05,2026-08-05T08:58:54.488904+00:00
DGS30,2024-09-02,.,2026-08-05,2026-08-05,2026-08-05T08:58:54.488904+00:00
DGS30,2024-09-03,4.13,2026-08-05,2026-08-05,2026-08-05T08:58:54.488904+00:00
DGS30,2024-09-04,4.06,2026-08-05,2026-08-05,2026-08-05T08:58:54.488904+00:00
DGS30,2024-09-05,4.02,2026-08-05,2026-08-05,2026-08-05T08:58:54.488904+00:00
DGS30,2024-09-06,4.03,2026-08-05,2026-08-05,2026-08-05T08:58:54.488904+00:00
DGS30,2024-09-09,4.0,2026-08-05,2026-08-05,2026-08-05T08:58:54.488904+00:00
DGS30,2024-09-10,3.97,2026-08-05,2026-08-05,2026-08-05T08:58:54.488904+00:00
DGS30,2024-09-11,3.96,2026-08-05,2026-08-05,2026-08-05T08:58:54.488904+00:00
DGS30,2024-09-12,4.0,2026-08-05,2026-08-05,2026-08-05T08:58:54.488904+00:00
DGS30,2024-09-13,3.98,2026-08-05,2026-08-05,2026-08-05T08:58:54.488904+00:00
DGS30,2024-09-16,3.94,2026-08-05,2026-08-05,2026-08-05T08:58:54.488904+00:00
DGS30,2024-09-17,3.96,2026-08-05,2026-08-05,2026-08-05T08:58:54.488904+00:00
DGS30,2024-09-18,4.03,2026-08-05,2026-08-05,2026-08-05T08:58:54.488904+00:00
DGS30,2024-09-19,4.06,2026-08-05,2026-08-05,2026-08-05T08:58:54.488904+00:00
DGS30,2024-09-20,4.07,2026-08-05,2026-08-05,2026-08-05T08:58:54.488904+00:00
DGS30,2024-09-23,4.09,2026-08-05,2026-08-05,2026-08-05T08:58:54.488904+00:00
DGS30,2024-09-24,4.09,2026-08-05,2026-08-05,2026-08-05T08:58:54.488904+00:00
DGS30,2024-09-25,4.14,2026-08-05,2026-08-05,2026-08-05T08:58:54.488904+00:00
DGS30,2024-09-26,4.12,2026-08-05,2026-08-05,2026-08-05T08:58:54.488904+00:00
DGS30,2024-09-27,4.1,2026-08-05,2026-08-05,2026-08-05T08:58:54.488904+00:00
DGS30,2024-09-30,4.14,2026-08-05,2026-08-05,2026-08-05T08:58:54.488904+00:00
DGS30,2024-10-01,4.08,2026-08-05,2026-08-05,2026-08-05T08:58:54.488904+00:00
DGS30,2024-10-02,4.14,2026-08-05,2026-08-05,2026-08-05T08:58:54.488904+00:00
DGS30,2024-10-03,4.18,2026-08-05,2026-08-05,2026-08-05T08:58:54.488904+00:00
DGS30,2024-10-04,4.26,2026-08-05,2026-08-05,2026-08-05T08:58:54.488904+00:00
DGS30,2024-10-07,4.3,2026-08-05,2026-08-05,2026-08-05T08:58:54.488904+00:00
DGS30,2024-10-08,4.32,2026-08-05,2026-08-05,2026-08-05T08:58:54.488904+00:00
DGS30,2024-10-09,4.34,2026-08-05,2026-08-05,2026-08-05T08:58:54.488904+00:00
DGS30,2024-10-10,4.38,2026-08-05,2026-08-05,2026-08-05T08:58:54.488904+00:00
DGS30,2024-10-11,4.39,2026-08-05,2026-08-05,2026-08-05T08:58:54.488904+00:00
DGS30,2024-10-14,.,2026-08-05,2026-08-05,2026-08-05T08:58:54.488904+00:00
DGS30,2024-10-15,4.32,2026-08-05,2026-08-05,2026-08-05T08:58:54.488904+00:00
DGS30,2024-10-16,4.3,2026-08-05,2026-08-05,2026-08-05T08:58:54.488904+00:00
DGS30,2024-10-17,4.39,2026-08-05,2026-08-05,2026-08-05T08:58:54.488904+00:00
DGS30,2024-10-18,4.38,2026-08-05,2026-08-05,2026-08-05T08:58:54.488904+00:00
DGS30,2024-10-21,4.49,2026-08-05,2026-08-05,2026-08-05T08:58:54.488904+00:00
DGS30,2024-10-22,4.49,2026-08-05,2026-08-05,2026-08-05T08:58:54.488904+00:00
DGS30,2024-10-23,4.51,2026-08-05,2026-08-05,2026-08-05T08:58:54.488904+00:00
DGS30,2024-10-24,4.47,2026-08-05,2026-08-05,2026-08-05T08:58:54.488904+00:00
DGS30,2024-10-25,4.51,2026-08-05,2026-08-05,2026-08-05T08:58:54.488904+00:00
DGS30,2024-10-28,4.53,2026-08-05,2026-08-05,2026-08-05T08:58:54.488904+00:00
DGS30,2024-10-29,4.52,2026-08-05,2026-08-05,2026-08-05T08:58:54.488904+00:00
DGS30,2024-10-30,4.49,2026-08-05,2026-08-05,2026-08-05T08:58:54.488904+00:00
DGS30,2024-10-31,4.47,2026-08-05,2026-08-05,2026-08-05T08:58:54.488904+00:00
DGS30,2024-11-01,4.57,2026-08-05,2026-08-05,2026-08-05T08:58:54.488904+00:00
DGS30,2024-11-04,4.5,2026-08-05,2026-08-05,2026-08-05T08:58:54.488904+00:00
DGS30,2024-11-05,4.44,2026-08-05,2026-08-05,2026-08-05T08:58:54.488904+00:00
DGS30,2024-11-06,4.6,2026-08-05,2026-08-05,2026-08-05T08:58:54.488904+00:00
DGS30,2024-11-07,4.52,2026-08-05,2026-08-05,2026-08-05T08:58:54.488904+00:00
DGS30,2024-11-08,4.47,2026-08-05,2026-08-05,2026-08-05T08:58:54.488904+00:00
DGS30,2024-11-11,.,2026-08-05,2026-08-05,2026-08-05T08:58:54.488904+00:00
DGS30,2024-11-12,4.58,2026-08-05,2026-08-05,2026-08-05T08:58:54.488904+00:00
DGS30,2024-11-13,4.63,2026-08-05,2026-08-05,2026-08-05T08:58:54.488904+00:00
DGS30,2024-11-14,4.58,2026-08-05,2026-08-05,2026-08-05T08:58:54.488904+00:00
DGS30,2024-11-15,4.6,2026-08-05,2026-08-05,2026-08-05T08:58:54.488904+00:00
DGS30,2024-11-18,4.61,2026-08-05,2026-08-05,2026-08-05T08:58:54.488904+00:00
DGS30,2024-11-19,4.57,2026-08-05,2026-08-05,2026-08-05T08:58:54.488904+00:00
DGS30,2024-11-20,4.59,2026-08-05,2026-08-05,2026-08-05T08:58:54.488904+00:00
DGS30,2024-11-21,4.61,2026-08-05,2026-08-05,2026-08-05T08:58:54.488904+00:00
DGS30,2024-11-22,4.6,2026-08-05,2026-08-05,2026-08-05T08:58:54.488904+00:00
DGS30,2024-11-25,4.45,2026-08-05,2026-08-05,2026-08-05T08:58:54.488904+00:00
DGS30,2024-11-26,4.48,2026-08-05,2026-08-05,2026-08-05T08:58:54.488904+00:00
DGS30,2024-11-27,4.44,2026-08-05,2026-08-05,2026-08-05T08:58:54.488904+00:00
DGS30,2024-11-28,.,2026-08-05,2026-08-05,2026-08-05T08:58:54.488904+00:00
DGS30,2024-11-29,4.36,2026-08-05,2026-08-05,2026-08-05T08:58:54.488904+00:00
DGS30,2024-12-02,4.36,2026-08-05,2026-08-05,2026-08-05T08:58:54.488904+00:00
DGS30,2024-12-03,4.4,2026-08-05,2026-08-05,2026-08-05T08:58:54.488904+00:00
DGS30,2024-12-04,4.35,2026-08-05,2026-08-05,2026-08-05T08:58:54.488904+00:00
DGS30,2024-12-05,4.33,2026-08-05,2026-08-05,2026-08-05T08:58:54.488904+00:00
DGS30,2024-12-06,4.34,2026-08-05,2026-08-05,2026-08-05T08:58:54.488904+00:00
DGS30,2024-12-09,4.39,2026-08-05,2026-08-05,2026-08-05T08:58:54.488904+00:00
DGS30,2024-12-10,4.41,2026-08-05,2026-08-05,2026-08-05T08:58:54.488904+00:00
DGS30,2024-12-11,4.48,2026-08-05,2026-08-05,2026-08-05T08:58:54.488904+00:00
DGS30,2024-12-12,4.55,2026-08-05,2026-08-05,2026-08-05T08:58:54.488904+00:00
DGS30,2024-12-13,4.61,2026-08-05,2026-08-05,2026-08-05T08:58:54.488904+00:00
DGS30,2024-12-16,4.6,2026-08-05,2026-08-05,2026-08-05T08:58:54.488904+00:00
DGS30,2024-12-17,4.59,2026-08-05,2026-08-05,2026-08-05T08:58:54.488904+00:00
DGS30,2024-12-18,4.65,2026-08-05,2026-08-05,2026-08-05T08:58:54.488904+00:00
DGS30,2024-12-19,4.74,2026-08-05,2026-08-05,2026-08-05T08:58:54.488904+00:00
DGS30,2024-12-20,4.72,2026-08-05,2026-08-05,2026-08-05T08:58:54.488904+00:00
DGS30,2024-12-23,4.78,2026-08-05,2026-08-05,2026-08-05T08:58:54.488904+00:00
DGS30,2024-12-24,4.76,2026-08-05,2026-08-05,2026-08-05T08:58:54.488904+00:00
DGS30,2024-12-25,.,2026-08-05,2026-08-05,2026-08-05T08:58:54.488904+00:00
DGS30,2024-12-26,4.76,2026-08-05,2026-08-05,2026-08-05T08:58:54.488904+00:00
DGS30,2024-12-27,4.82,2026-08-05,2026-08-05,2026-08-05T08:58:54.488904+00:00
DGS30,2024-12-30,4.77,2026-08-05,2026-08-05,2026-08-05T08:58:54.488904+00:00
DGS30,2024-12-31,4.78,2026-08-05,2026-08-05,2026-08-05T08:58:54.488904+00:00
DGS30,2025-01-01,.,2026-08-05,2026-08-05,2026-08-05T08:58:54.488904+00:00
DGS30,2025-01-02,4.79,2026-08-05,2026-08-05,2026-08-05T08:58:54.488904+00:00
DGS30,2025-01-03,4.82,2026-08-05,2026-08-05,2026-08-05T08:58:54.488904+00:00
DGS30,2025-01-06,4.85,2026-08-05,2026-08-05,2026-08-05T08:58:54.488904+00:00
DGS30,2025-01-07,4.91,2026-08-05,2026-08-05,2026-08-05T08:58:54.488904+00:00
DGS30,2025-01-08,4.91,2026-08-05,2026-08-05,2026-08-05T08:58:54.488904+00:00
DGS30,2025-01-09,4.92,2026-08-05,2026-08-05,2026-08-05T08:58:54.488904+00:00
DGS30,2025-01-10,4.96,2026-08-05,2026-08-05,2026-08-05T08:58:54.488904+00:00
DGS30,2025-01-13,4.97,2026-08-05,2026-08-05,2026-08-05T08:58:54.488904+00:00
DGS30,2025-01-14,4.98,2026-08-05,2026-08-05,2026-08-05T08:58:54.488904+00:00
DGS30,2025-01-15,4.88,2026-08-05,2026-08-05,2026-08-05T08:58:54.488904+00:00
DGS30,2025-01-16,4.84,2026-08-05,2026-08-05,2026-08-05T08:58:54.488904+00:00
DGS30,2025-01-17,4.84,2026-08-05,2026-08-05,2026-08-05T08:58:54.488904+00:00
DGS30,2025-01-20,.,2026-08-05,2026-08-05,2026-08-05T08:58:54.488904+00:00
DGS30,2025-01-21,4.8,2026-08-05,2026-08-05,2026-08-05T08:58:54.488904+00:00
DGS30,2025-01-22,4.82,2026-08-05,2026-08-05,2026-08-05T08:58:54.488904+00:00
DGS30,2025-01-23,4.87,2026-08-05,2026-08-05,2026-08-05T08:58:54.488904+00:00
DGS30,2025-01-24,4.85,2026-08-05,2026-08-05,2026-08-05T08:58:54.488904+00:00
DGS30,2025-01-27,4.76,2026-08-05,2026-08-05,2026-08-05T08:58:54.488904+00:00
DGS30,2025-01-28,4.78,2026-08-05,2026-08-05,2026-08-05T08:58:54.488904+00:00
DGS30,2025-01-29,4.79,2026-08-05,2026-08-05,2026-08-05T08:58:54.488904+00:00
DGS30,2025-01-30,4.76,2026-08-05,2026-08-05,2026-08-05T08:58:54.488904+00:00
DGS30,2025-01-31,4.83,2026-08-05,2026-08-05,2026-08-05T08:58:54.488904+00:00
DGS30,2025-02-03,4.77,2026-08-05,2026-08-05,2026-08-05T08:58:54.488904+00:00
DGS30,2025-02-04,4.75,2026-08-05,2026-08-05,2026-08-05T08:58:54.488904+00:00
DGS30,2025-02-05,4.64,2026-08-05,2026-08-05,2026-08-05T08:58:54.488904+00:00
DGS30,2025-02-06,4.65,2026-08-05,2026-08-05,2026-08-05T08:58:54.488904+00:00
DGS30,2025-02-07,4.69,2026-08-05,2026-08-05,2026-08-05T08:58:54.488904+00:00
DGS30,2025-02-10,4.71,2026-08-05,2026-08-05,2026-08-05T08:58:54.488904+00:00
DGS30,2025-02-11,4.75,2026-08-05,2026-08-05,2026-08-05T08:58:54.488904+00:00
DGS30,2025-02-12,4.83,2026-08-05,2026-08-05,2026-08-05T08:58:54.488904+00:00
DGS30,2025-02-13,4.72,2026-08-05,2026-08-05,2026-08-05T08:58:54.488904+00:00
DGS30,2025-02-14,4.69,2026-08-05,2026-08-05,2026-08-05T08:58:54.488904+00:00
DGS30,2025-02-17,.,2026-08-05,2026-08-05,2026-08-05T08:58:54.488904+00:00
DGS30,2025-02-18,4.77,2026-08-05,2026-08-05,2026-08-05T08:58:54.488904+00:00
DGS30,2025-02-19,4.76,2026-08-05,2026-08-05,2026-08-05T08:58:54.488904+00:00
DGS30,2025-02-20,4.74,2026-08-05,2026-08-05,2026-08-05T08:58:54.488904+00:00
DGS30,2025-02-21,4.67,2026-08-05,2026-08-05,2026-08-05T08:58:54.488904+00:00
DGS30,2025-02-24,4.66,2026-08-05,2026-08-05,2026-08-05T08:58:54.488904+00:00
DGS30,2025-02-25,4.55,2026-08-05,2026-08-05,2026-08-05T08:58:54.488904+00:00
DGS30,2025-02-26,4.51,2026-08-05,2026-08-05,2026-08-05T08:58:54.488904+00:00
DGS30,2025-02-27,4.56,2026-08-05,2026-08-05,2026-08-05T08:58:54.488904+00:00
DGS30,2025-02-28,4.51,2026-08-05,2026-08-05,2026-08-05T08:58:54.488904+00:00
DGS30,2025-03-03,4.45,2026-08-05,2026-08-05,2026-08-05T08:58:54.488904+00:00
DGS30,2025-03-04,4.53,2026-08-05,2026-08-05,2026-08-05T08:58:54.488904+00:00
DGS30,2025-03-05,4.57,2026-08-05,2026-08-05,2026-08-05T08:58:54.488904+00:00
DGS30,2025-03-06,4.58,2026-08-05,2026-08-05,2026-08-05T08:58:54.488904+00:00
DGS30,2025-03-07,4.62,2026-08-05,2026-08-05,2026-08-05T08:58:54.488904+00:00
DGS30,2025-03-10,4.54,2026-08-05,2026-08-05,2026-08-05T08:58:54.488904+00:00
DGS30,2025-03-11,4.59,2026-08-05,2026-08-05,2026-08-05T08:58:54.488904+00:00
DGS30,2025-03-12,4.63,2026-08-05,2026-08-05,2026-08-05T08:58:54.488904+00:00
DGS30,2025-03-13,4.59,2026-08-05,2026-08-05,2026-08-05T08:58:54.488904+00:00
DGS30,2025-03-14,4.62,2026-08-05,2026-08-05,2026-08-05T08:58:54.488904+00:00
DGS30,2025-03-17,4.6,2026-08-05,2026-08-05,2026-08-05T08:58:54.488904+00:00
DGS30,2025-03-18,4.58,2026-08-05,2026-08-05,2026-08-05T08:58:54.488904+00:00
DGS30,2025-03-19,4.56,2026-08-05,2026-08-05,2026-08-05T08:58:54.488904+00:00
DGS30,2025-03-20,4.55,2026-08-05,2026-08-05,2026-08-05T08:58:54.488904+00:00
DGS30,2025-03-21,4.59,2026-08-05,2026-08-05,2026-08-05T08:58:54.488904+00:00
DGS30,2025-03-24,4.66,2026-08-05,2026-08-05,2026-08-05T08:58:54.488904+00:00
DGS30,2025-03-25,4.65,2026-08-05,2026-08-05,2026-08-05T08:58:54.488904+00:00
DGS30,2025-03-26,4.69,2026-08-05,2026-08-05,2026-08-05T08:58:54.488904+00:00
DGS30,2025-03-27,4.73,2026-08-05,2026-08-05,2026-08-05T08:58:54.488904+00:00
DGS30,2025-03-28,4.64,2026-08-05,2026-08-05,2026-08-05T08:58:54.488904+00:00
DGS30,2025-03-31,4.59,2026-08-05,2026-08-05,2026-08-05T08:58:54.488904+00:00
DGS30,2025-04-01,4.52,2026-08-05,2026-08-05,2026-08-05T08:58:54.488904+00:00
DGS30,2025-04-02,4.54,2026-08-05,2026-08-05,2026-08-05T08:58:54.488904+00:00
DGS30,2025-04-03,4.49,2026-08-05,2026-08-05,2026-08-05T08:58:54.488904+00:00
DGS30,2025-04-04,4.41,2026-08-05,2026-08-05,2026-08-05T08:58:54.488904+00:00
DGS30,2025-04-07,4.58,2026-08-05,2026-08-05,2026-08-05T08:58:54.488904+00:00
DGS30,2025-04-08,4.71,2026-08-05,2026-08-05,2026-08-05T08:58:54.488904+00:00
DGS30,2025-04-09,4.72,2026-08-05,2026-08-05,2026-08-05T08:58:54.488904+00:00
DGS30,2025-04-10,4.86,2026-08-05,2026-08-05,2026-08-05T08:58:54.488904+00:00
DGS30,2025-04-11,4.85,2026-08-05,2026-08-05,2026-08-05T08:58:54.488904+00:00
DGS30,2025-04-14,4.8,2026-08-05,2026-08-05,2026-08-05T08:58:54.488904+00:00
DGS30,2025-04-15,4.79,2026-08-05,2026-08-05,2026-08-05T08:58:54.488904+00:00
DGS30,2025-04-16,4.74,2026-08-05,2026-08-05,2026-08-05T08:58:54.488904+00:00
DGS30,2025-04-17,4.8,2026-08-05,2026-08-05,2026-08-05T08:58:54.488904+00:00
DGS30,2025-04-18,.,2026-08-05,2026-08-05,2026-08-05T08:58:54.488904+00:00
DGS30,2025-04-21,4.91,2026-08-05,2026-08-05,2026-08-05T08:58:54.488904+00:00
DGS30,2025-04-22,4.88,2026-08-05,2026-08-05,2026-08-05T08:58:54.488904+00:00
DGS30,2025-04-23,4.83,2026-08-05,2026-08-05,2026-08-05T08:58:54.488904+00:00
DGS30,2025-04-24,4.77,2026-08-05,2026-08-05,2026-08-05T08:58:54.488904+00:00
DGS30,2025-04-25,4.74,2026-08-05,2026-08-05,2026-08-05T08:58:54.488904+00:00
DGS30,2025-04-28,4.69,2026-08-05,2026-08-05,2026-08-05T08:58:54.488904+00:00
DGS30,2025-04-29,4.64,2026-08-05,2026-08-05,2026-08-05T08:58:54.488904+00:00
DGS30,2025-04-30,4.66,2026-08-05,2026-08-05,2026-08-05T08:58:54.488904+00:00
DGS30,2025-05-01,4.74,2026-08-05,2026-08-05,2026-08-05T08:58:54.488904+00:00
DGS30,2025-05-02,4.79,2026-08-05,2026-08-05,2026-08-05T08:58:54.488904+00:00
DGS30,2025-05-05,4.83,2026-08-05,2026-08-05,2026-08-05T08:58:54.488904+00:00
DGS30,2025-05-06,4.81,2026-08-05,2026-08-05,2026-08-05T08:58:54.488904+00:00
DGS30,2025-05-07,4.77,2026-08-05,2026-08-05,2026-08-05T08:58:54.488904+00:00
DGS30,2025-05-08,4.83,2026-08-05,2026-08-05,2026-08-05T08:58:54.488904+00:00
DGS30,2025-05-09,4.83,2026-08-05,2026-08-05,2026-08-05T08:58:54.488904+00:00
DGS30,2025-05-12,4.89,2026-08-05,2026-08-05,2026-08-05T08:58:54.488904+00:00
DGS30,2025-05-13,4.94,2026-08-05,2026-08-05,2026-08-05T08:58:54.488904+00:00
DGS30,2025-05-14,4.97,2026-08-05,2026-08-05,2026-08-05T08:58:54.488904+00:00
DGS30,2025-05-15,4.91,2026-08-05,2026-08-05,2026-08-05T08:58:54.488904+00:00
DGS30,2025-05-16,4.89,2026-08-05,2026-08-05,2026-08-05T08:58:54.488904+00:00
DGS30,2025-05-19,4.92,2026-08-05,2026-08-05,2026-08-05T08:58:54.488904+00:00
DGS30,2025-05-20,4.96,2026-08-05,2026-08-05,2026-08-05T08:58:54.488904+00:00
DGS30,2025-05-21,5.08,2026-08-05,2026-08-05,2026-08-05T08:58:54.488904+00:00
DGS30,2025-05-22,5.05,2026-08-05,2026-08-05,2026-08-05T08:58:54.488904+00:00
DGS30,2025-05-23,5.04,2026-08-05,2026-08-05,2026-08-05T08:58:54.488904+00:00
DGS30,2025-05-26,.,2026-08-05,2026-08-05,2026-08-05T08:58:54.488904+00:00
DGS30,2025-05-27,4.94,2026-08-05,2026-08-05,2026-08-05T08:58:54.488904+00:00
DGS30,2025-05-28,4.97,2026-08-05,2026-08-05,2026-08-05T08:58:54.488904+00:00
DGS30,2025-05-29,4.92,2026-08-05,2026-08-05,2026-08-05T08:58:54.488904+00:00
DGS30,2025-05-30,4.92,2026-08-05,2026-08-05,2026-08-05T08:58:54.488904+00:00
DGS30,2025-06-02,4.99,2026-08-05,2026-08-05,2026-08-05T08:58:54.488904+00:00
DGS30,2025-06-03,4.98,2026-08-05,2026-08-05,2026-08-05T08:58:54.488904+00:00
DGS30,2025-06-04,4.89,2026-08-05,2026-08-05,2026-08-05T08:58:54.488904+00:00
DGS30,2025-06-05,4.88,2026-08-05,2026-08-05,2026-08-05T08:58:54.488904+00:00
DGS30,2025-06-06,4.97,2026-08-05,2026-08-05,2026-08-05T08:58:54.488904+00:00
DGS30,2025-06-09,4.95,2026-08-05,2026-08-05,2026-08-05T08:58:54.488904+00:00
DGS30,2025-06-10,4.93,2026-08-05,2026-08-05,2026-08-05T08:58:54.488904+00:00
DGS30,2025-06-11,4.91,2026-08-05,2026-08-05,2026-08-05T08:58:54.488904+00:00
DGS30,2025-06-12,4.84,2026-08-05,2026-08-05,2026-08-05T08:58:54.488904+00:00
DGS30,2025-06-13,4.9,2026-08-05,2026-08-05,2026-08-05T08:58:54.488904+00:00
DGS30,2025-06-16,4.96,2026-08-05,2026-08-05,2026-08-05T08:58:54.488904+00:00
DGS30,2025-06-17,4.88,2026-08-05,2026-08-05,2026-08-05T08:58:54.488904+00:00
DGS30,2025-06-18,4.88,2026-08-05,2026-08-05,2026-08-05T08:58:54.488904+00:00
DGS30,2025-06-19,.,2026-08-05,2026-08-05,2026-08-05T08:58:54.488904+00:00
DGS30,2025-06-20,4.89,2026-08-05,2026-08-05,2026-08-05T08:58:54.488904+00:00
DGS30,2025-06-23,4.87,2026-08-05,2026-08-05,2026-08-05T08:58:54.488904+00:00
DGS30,2025-06-24,4.83,2026-08-05,2026-08-05,2026-08-05T08:58:54.488904+00:00
DGS30,2025-06-25,4.83,2026-08-05,2026-08-05,2026-08-05T08:58:54.488904+00:00
DGS30,2025-06-26,4.81,2026-08-05,2026-08-05,2026-08-05T08:58:54.488904+00:00
DGS30,2025-06-27,4.85,2026-08-05,2026-08-05,2026-08-05T08:58:54.488904+00:00
DGS30,2025-06-30,4.78,2026-08-05,2026-08-05,2026-08-05T08:58:54.488904+00:00
DGS30,2025-07-01,4.78,2026-08-05,2026-08-05,2026-08-05T08:58:54.488904+00:00
DGS30,2025-07-02,4.82,2026-08-05,2026-08-05,2026-08-05T08:58:54.488904+00:00
DGS30,2025-07-03,4.86,2026-08-05,2026-08-05,2026-08-05T08:58:54.488904+00:00
DGS30,2025-07-04,.,2026-08-05,2026-08-05,2026-08-05T08:58:54.488904+00:00
DGS30,2025-07-07,4.92,2026-08-05,2026-08-05,2026-08-05T08:58:54.488904+00:00
DGS30,2025-07-08,4.94,2026-08-05,2026-08-05,2026-08-05T08:58:54.488904+00:00
DGS30,2025-07-09,4.87,2026-08-05,2026-08-05,2026-08-05T08:58:54.488904+00:00
DGS30,2025-07-10,4.86,2026-08-05,2026-08-05,2026-08-05T08:58:54.488904+00:00
DGS30,2025-07-11,4.96,2026-08-05,2026-08-05,2026-08-05T08:58:54.488904+00:00
DGS30,2025-07-14,4.97,2026-08-05,2026-08-05,2026-08-05T08:58:54.488904+00:00
DGS30,2025-07-15,5.01,2026-08-05,2026-08-05,2026-08-05T08:58:54.488904+00:00
DGS30,2025-07-16,5.01,2026-08-05,2026-08-05,2026-08-05T08:58:54.488904+00:00
DGS30,2025-07-17,5.01,2026-08-05,2026-08-05,2026-08-05T08:58:54.488904+00:00
DGS30,2025-07-18,5.0,2026-08-05,2026-08-05,2026-08-05T08:58:54.488904+00:00
DGS30,2025-07-21,4.94,2026-08-05,2026-08-05,2026-08-05T08:58:54.488904+00:00
DGS30,2025-07-22,4.9,2026-08-05,2026-08-05,2026-08-05T08:58:54.488904+00:00
DGS30,2025-07-23,4.95,2026-08-05,2026-08-05,2026-08-05T08:58:54.488904+00:00
DGS30,2025-07-24,4.96,2026-08-05,2026-08-05,2026-08-05T08:58:54.488904+00:00
DGS30,2025-07-25,4.92,2026-08-05,2026-08-05,2026-08-05T08:58:54.488904+00:00
DGS30,2025-07-28,4.96,2026-08-05,2026-08-05,2026-08-05T08:58:54.488904+00:00
DGS30,2025-07-29,4.86,2026-08-05,2026-08-05,2026-08-05T08:58:54.488904+00:00
DGS30,2025-07-30,4.89,2026-08-05,2026-08-05,2026-08-05T08:58:54.488904+00:00
DGS30,2025-07-31,4.89,2026-08-05,2026-08-05,2026-08-05T08:58:54.488904+00:00
DGS30,2025-08-01,4.81,2026-08-05,2026-08-05,2026-08-05T08:58:54.488904+00:00
DGS30,2025-08-04,4.8,2026-08-05,2026-08-05,2026-08-05T08:58:54.488904+00:00
DGS30,2025-08-05,4.78,2026-08-05,2026-08-05,2026-08-05T08:58:54.488904+00:00
DGS30,2025-08-06,4.81,2026-08-05,2026-08-05,2026-08-05T08:58:54.488904+00:00
DGS30,2025-08-07,4.81,2026-08-05,2026-08-05,2026-08-05T08:58:54.488904+00:00
DGS30,2025-08-08,4.85,2026-08-05,2026-08-05,2026-08-05T08:58:54.488904+00:00
DGS30,2025-08-11,4.84,2026-08-05,2026-08-05,2026-08-05T08:58:54.488904+00:00
DGS30,2025-08-12,4.88,2026-08-05,2026-08-05,2026-08-05T08:58:54.488904+00:00
DGS30,2025-08-13,4.83,2026-08-05,2026-08-05,2026-08-05T08:58:54.488904+00:00
DGS30,2025-08-14,4.88,2026-08-05,2026-08-05,2026-08-05T08:58:54.488904+00:00
DGS30,2025-08-15,4.92,2026-08-05,2026-08-05,2026-08-05T08:58:54.488904+00:00
DGS30,2025-08-18,4.94,2026-08-05,2026-08-05,2026-08-05T08:58:54.488904+00:00
DGS30,2025-08-19,4.9,2026-08-05,2026-08-05,2026-08-05T08:58:54.488904+00:00
DGS30,2025-08-20,4.89,2026-08-05,2026-08-05,2026-08-05T08:58:54.488904+00:00
DGS30,2025-08-21,4.92,2026-08-05,2026-08-05,2026-08-05T08:58:54.488904+00:00
DGS30,2025-08-22,4.88,2026-08-05,2026-08-05,2026-08-05T08:58:54.488904+00:00
DGS30,2025-08-25,4.89,2026-08-05,2026-08-05,2026-08-05T08:58:54.488904+00:00
DGS30,2025-08-26,4.9,2026-08-05,2026-08-05,2026-08-05T08:58:54.488904+00:00
DGS30,2025-08-27,4.91,2026-08-05,2026-08-05,2026-08-05T08:58:54.488904+00:00
DGS30,2025-08-28,4.88,2026-08-05,2026-08-05,2026-08-05T08:58:54.488904+00:00
DGS30,2025-08-29,4.92,2026-08-05,2026-08-05,2026-08-05T08:58:54.488904+00:00
DGS30,2025-09-01,.,2026-08-05,2026-08-05,2026-08-05T08:58:54.488904+00:00
DGS30,2025-09-02,4.97,2026-08-05,2026-08-05,2026-08-05T08:58:54.488904+00:00
DGS30,2025-09-03,4.9,2026-08-05,2026-08-05,2026-08-05T08:58:54.488904+00:00
DGS30,2025-09-04,4.86,2026-08-05,2026-08-05,2026-08-05T08:58:54.488904+00:00
DGS30,2025-09-05,4.78,2026-08-05,2026-08-05,2026-08-05T08:58:54.488904+00:00
DGS30,2025-09-08,4.69,2026-08-05,2026-08-05,2026-08-05T08:58:54.488904+00:00
DGS30,2025-09-09,4.72,2026-08-05,2026-08-05,2026-08-05T08:58:54.488904+00:00
DGS30,2025-09-10,4.69,2026-08-05,2026-08-05,2026-08-05T08:58:54.488904+00:00
DGS30,2025-09-11,4.65,2026-08-05,2026-08-05,2026-08-05T08:58:54.488904+00:00
DGS30,2025-09-12,4.68,2026-08-05,2026-08-05,2026-08-05T08:58:54.488904+00:00
DGS30,2025-09-15,4.66,2026-08-05,2026-08-05,2026-08-05T08:58:54.488904+00:00
DGS30,2025-09-16,4.65,2026-08-05,2026-08-05,2026-08-05T08:58:54.488904+00:00
DGS30,2025-09-17,4.66,2026-08-05,2026-08-05,2026-08-05T08:58:54.488904+00:00
DGS30,2025-09-18,4.72,2026-08-05,2026-08-05,2026-08-05T08:58:54.488904+00:00
DGS30,2025-09-19,4.75,2026-08-05,2026-08-05,2026-08-05T08:58:54.488904+00:00
DGS30,2025-09-22,4.77,2026-08-05,2026-08-05,2026-08-05T08:58:54.488904+00:00
DGS30,2025-09-23,4.73,2026-08-05,2026-08-05,2026-08-05T08:58:54.488904+00:00
DGS30,2025-09-24,4.76,2026-08-05,2026-08-05,2026-08-05T08:58:54.488904+00:00
DGS30,2025-09-25,4.75,2026-08-05,2026-08-05,2026-08-05T08:58:54.488904+00:00
DGS30,2025-09-26,4.77,2026-08-05,2026-08-05,2026-08-05T08:58:54.488904+00:00
DGS30,2025-09-29,4.71,2026-08-05,2026-08-05,2026-08-05T08:58:54.488904+00:00
DGS30,2025-09-30,4.73,2026-08-05,2026-08-05,2026-08-05T08:58:54.488904+00:00
DGS30,2025-10-01,4.72,2026-08-05,2026-08-05,2026-08-05T08:58:54.488904+00:00
DGS30,2025-10-02,4.69,2026-08-05,2026-08-05,2026-08-05T08:58:54.488904+00:00
DGS30,2025-10-03,4.71,2026-08-05,2026-08-05,2026-08-05T08:58:54.488904+00:00
DGS30,2025-10-06,4.76,2026-08-05,2026-08-05,2026-08-05T08:58:54.488904+00:00
DGS30,2025-10-07,4.73,2026-08-05,2026-08-05,2026-08-05T08:58:54.488904+00:00
DGS30,2025-10-08,4.72,2026-08-05,2026-08-05,2026-08-05T08:58:54.488904+00:00
DGS30,2025-10-09,4.72,2026-08-05,2026-08-05,2026-08-05T08:58:54.488904+00:00
DGS30,2025-10-10,4.63,2026-08-05,2026-08-05,2026-08-05T08:58:54.488904+00:00
DGS30,2025-10-13,.,2026-08-05,2026-08-05,2026-08-05T08:58:54.488904+00:00
DGS30,2025-10-14,4.62,2026-08-05,2026-08-05,2026-08-05T08:58:54.488904+00:00
DGS30,2025-10-15,4.64,2026-08-05,2026-08-05,2026-08-05T08:58:54.488904+00:00
DGS30,2025-10-16,4.58,2026-08-05,2026-08-05,2026-08-05T08:58:54.488904+00:00
DGS30,2025-10-17,4.6,2026-08-05,2026-08-05,2026-08-05T08:58:54.488904+00:00
DGS30,2025-10-20,4.58,2026-08-05,2026-08-05,2026-08-05T08:58:54.488904+00:00
DGS30,2025-10-21,4.55,2026-08-05,2026-08-05,2026-08-05T08:58:54.488904+00:00
DGS30,2025-10-22,4.54,2026-08-05,2026-08-05,2026-08-05T08:58:54.488904+00:00
DGS30,2025-10-23,4.58,2026-08-05,2026-08-05,2026-08-05T08:58:54.488904+00:00
DGS30,2025-10-24,4.59,2026-08-05,2026-08-05,2026-08-05T08:58:54.488904+00:00
DGS30,2025-10-27,4.57,2026-08-05,2026-08-05,2026-08-05T08:58:54.488904+00:00
DGS30,2025-10-28,4.55,2026-08-05,2026-08-05,2026-08-05T08:58:54.488904+00:00
DGS30,2025-10-29,4.61,2026-08-05,2026-08-05,2026-08-05T08:58:54.488904+00:00
DGS30,2025-10-30,4.65,2026-08-05,2026-08-05,2026-08-05T08:58:54.488904+00:00
DGS30,2025-10-31,4.67,2026-08-05,2026-08-05,2026-08-05T08:58:54.488904+00:00
DGS30,2025-11-03,4.69,2026-08-05,2026-08-05,2026-08-05T08:58:54.488904+00:00
DGS30,2025-11-04,4.67,2026-08-05,2026-08-05,2026-08-05T08:58:54.488904+00:00
DGS30,2025-11-05,4.74,2026-08-05,2026-08-05,2026-08-05T08:58:54.488904+00:00
DGS30,2025-11-06,4.69,2026-08-05,2026-08-05,2026-08-05T08:58:54.488904+00:00
DGS30,2025-11-07,4.7,2026-08-05,2026-08-05,2026-08-05T08:58:54.488904+00:00
DGS30,2025-11-10,4.71,2026-08-05,2026-08-05,2026-08-05T08:58:54.488904+00:00
DGS30,2025-11-11,.,2026-08-05,2026-08-05,2026-08-05T08:58:54.488904+00:00
DGS30,2025-11-12,4.67,2026-08-05,2026-08-05,2026-08-05T08:58:54.488904+00:00
DGS30,2025-11-13,4.7,2026-08-05,2026-08-05,2026-08-05T08:58:54.488904+00:00
DGS30,2025-11-14,4.74,2026-08-05,2026-08-05,2026-08-05T08:58:54.488904+00:00
DGS30,2025-11-17,4.73,2026-08-05,2026-08-05,2026-08-05T08:58:54.488904+00:00
DGS30,2025-11-18,4.74,2026-08-05,2026-08-05,2026-08-05T08:58:54.488904+00:00
DGS30,2025-11-19,4.75,2026-08-05,2026-08-05,2026-08-05T08:58:54.488904+00:00
DGS30,2025-11-20,4.73,2026-08-05,2026-08-05,2026-08-05T08:58:54.488904+00:00
DGS30,2025-11-21,4.71,2026-08-05,2026-08-05,2026-08-05T08:58:54.488904+00:00
DGS30,2025-11-24,4.68,2026-08-05,2026-08-05,2026-08-05T08:58:54.488904+00:00
DGS30,2025-11-25,4.67,2026-08-05,2026-08-05,2026-08-05T08:58:54.488904+00:00
DGS30,2025-11-26,4.64,2026-08-05,2026-08-05,2026-08-05T08:58:54.488904+00:00
DGS30,2025-11-27,.,2026-08-05,2026-08-05,2026-08-05T08:58:54.488904+00:00
DGS30,2025-11-28,4.67,2026-08-05,2026-08-05,2026-08-05T08:58:54.488904+00:00
DGS30,2025-12-01,4.74,2026-08-05,2026-08-05,2026-08-05T08:58:54.488904+00:00
DGS30,2025-12-02,4.74,2026-08-05,2026-08-05,2026-08-05T08:58:54.488904+00:00
DGS30,2025-12-03,4.73,2026-08-05,2026-08-05,2026-08-05T08:58:54.488904+00:00
DGS30,2025-12-04,4.76,2026-08-05,2026-08-05,2026-08-05T08:58:54.488904+00:00
DGS30,2025-12-05,4.79,2026-08-05,2026-08-05,2026-08-05T08:58:54.488904+00:00
DGS30,2025-12-08,4.81,2026-08-05,2026-08-05,2026-08-05T08:58:54.488904+00:00
DGS30,2025-12-09,4.8,2026-08-05,2026-08-05,2026-08-05T08:58:54.488904+00:00
DGS30,2025-12-10,4.78,2026-08-05,2026-08-05,2026-08-05T08:58:54.488904+00:00
DGS30,2025-12-11,4.79,2026-08-05,2026-08-05,2026-08-05T08:58:54.488904+00:00
DGS30,2025-12-12,4.85,2026-08-05,2026-08-05,2026-08-05T08:58:54.488904+00:00
DGS30,2025-12-15,4.84,2026-08-05,2026-08-05,2026-08-05T08:58:54.488904+00:00
DGS30,2025-12-16,4.82,2026-08-05,2026-08-05,2026-08-05T08:58:54.488904+00:00
DGS30,2025-12-17,4.83,2026-08-05,2026-08-05,2026-08-05T08:58:54.488904+00:00
DGS30,2025-12-18,4.8,2026-08-05,2026-08-05,2026-08-05T08:58:54.488904+00:00
DGS30,2025-12-19,4.82,2026-08-05,2026-08-05,2026-08-05T08:58:54.488904+00:00
DGS30,2025-12-22,4.84,2026-08-05,2026-08-05,2026-08-05T08:58:54.488904+00:00
DGS30,2025-12-23,4.83,2026-08-05,2026-08-05,2026-08-05T08:58:54.488904+00:00
DGS30,2025-12-24,4.79,2026-08-05,2026-08-05,2026-08-05T08:58:54.488904+00:00
DGS30,2025-12-25,.,2026-08-05,2026-08-05,2026-08-05T08:58:54.488904+00:00
DGS30,2025-12-26,4.81,2026-08-05,2026-08-05,2026-08-05T08:58:54.488904+00:00
DGS30,2025-12-29,4.8,2026-08-05,2026-08-05,2026-08-05T08:58:54.488904+00:00
DGS30,2025-12-30,4.81,2026-08-05,2026-08-05,2026-08-05T08:58:54.488904+00:00
DGS30,2025-12-31,4.84,2026-08-05,2026-08-05,2026-08-05T08:58:54.488904+00:00
DGS30,2026-01-01,.,2026-08-05,2026-08-05,2026-08-05T08:58:54.488904+00:00
DGS30,2026-01-02,4.86,2026-08-05,2026-08-05,2026-08-05T08:58:54.488904+00:00
DGS30,2026-01-05,4.85,2026-08-05,2026-08-05,2026-08-05T08:58:54.488904+00:00
DGS30,2026-01-06,4.86,2026-08-05,2026-08-05,2026-08-05T08:58:54.488904+00:00
DGS30,2026-01-07,4.82,2026-08-05,2026-08-05,2026-08-05T08:58:54.488904+00:00
DGS30,2026-01-08,4.85,2026-08-05,2026-08-05,2026-08-05T08:58:54.488904+00:00
DGS30,2026-01-09,4.82,2026-08-05,2026-08-05,2026-08-05T08:58:54.488904+00:00
DGS30,2026-01-12,4.83,2026-08-05,2026-08-05,2026-08-05T08:58:54.488904+00:00
DGS30,2026-01-13,4.83,2026-08-05,2026-08-05,2026-08-05T08:58:54.488904+00:00
DGS30,2026-01-14,4.79,2026-08-05,2026-08-05,2026-08-05T08:58:54.488904+00:00
DGS30,2026-01-15,4.79,2026-08-05,2026-08-05,2026-08-05T08:58:54.488904+00:00
DGS30,2026-01-16,4.83,2026-08-05,2026-08-05,2026-08-05T08:58:54.488904+00:00
DGS30,2026-01-19,.,2026-08-05,2026-08-05,2026-08-05T08:58:54.488904+00:00
DGS30,2026-01-20,4.91,2026-08-05,2026-08-05,2026-08-05T08:58:54.488904+00:00
DGS30,2026-01-21,4.87,2026-08-05,2026-08-05,2026-08-05T08:58:54.488904+00:00
DGS30,2026-01-22,4.84,2026-08-05,2026-08-05,2026-08-05T08:58:54.488904+00:00
DGS30,2026-01-23,4.82,2026-08-05,2026-08-05,2026-08-05T08:58:54.488904+00:00
DGS30,2026-01-26,4.8,2026-08-05,2026-08-05,2026-08-05T08:58:54.488904+00:00
DGS30,2026-01-27,4.83,2026-08-05,2026-08-05,2026-08-05T08:58:54.488904+00:00
DGS30,2026-01-28,4.85,2026-08-05,2026-08-05,2026-08-05T08:58:54.488904+00:00
DGS30,2026-01-29,4.85,2026-08-05,2026-08-05,2026-08-05T08:58:54.488904+00:00
DGS30,2026-01-30,4.87,2026-08-05,2026-08-05,2026-08-05T08:58:54.488904+00:00
DGS30,2026-02-02,4.9,2026-08-05,2026-08-05,2026-08-05T08:58:54.488904+00:00
DGS30,2026-02-03,4.9,2026-08-05,2026-08-05,2026-08-05T08:58:54.488904+00:00
DGS30,2026-02-04,4.91,2026-08-05,2026-08-05,2026-08-05T08:58:54.488904+00:00
DGS30,2026-02-05,4.85,2026-08-05,2026-08-05,2026-08-05T08:58:54.488904+00:00
DGS30,2026-02-06,4.85,2026-08-05,2026-08-05,2026-08-05T08:58:54.488904+00:00
DGS30,2026-02-09,4.85,2026-08-05,2026-08-05,2026-08-05T08:58:54.488904+00:00
DGS30,2026-02-10,4.78,2026-08-05,2026-08-05,2026-08-05T08:58:54.488904+00:00
DGS30,2026-02-11,4.82,2026-08-05,2026-08-05,2026-08-05T08:58:54.488904+00:00
DGS30,2026-02-12,4.72,2026-08-05,2026-08-05,2026-08-05T08:58:54.488904+00:00
DGS30,2026-02-13,4.69,2026-08-05,2026-08-05,2026-08-05T08:58:54.488904+00:00
DGS30,2026-02-16,.,2026-08-05,2026-08-05,2026-08-05T08:58:54.488904+00:00
DGS30,2026-02-17,4.68,2026-08-05,2026-08-05,2026-08-05T08:58:54.488904+00:00
DGS30,2026-02-18,4.71,2026-08-05,2026-08-05,2026-08-05T08:58:54.488904+00:00
DGS30,2026-02-19,4.7,2026-08-05,2026-08-05,2026-08-05T08:58:54.488904+00:00
DGS30,2026-02-20,4.72,2026-08-05,2026-08-05,2026-08-05T08:58:54.488904+00:00
DGS30,2026-02-23,4.7,2026-08-05,2026-08-05,2026-08-05T08:58:54.488904+00:00
DGS30,2026-02-24,4.7,2026-08-05,2026-08-05,2026-08-05T08:58:54.488904+00:00
DGS30,2026-02-25,4.7,2026-08-05,2026-08-05,2026-08-05T08:58:54.488904+00:00
DGS30,2026-02-26,4.67,2026-08-05,2026-08-05,2026-08-05T08:58:54.488904+00:00
DGS30,2026-02-27,4.64,2026-08-05,2026-08-05,2026-08-05T08:58:54.488904+00:00
DGS30,2026-03-02,4.7,2026-08-05,2026-08-05,2026-08-05T08:58:54.488904+00:00
DGS30,2026-03-03,4.7,2026-08-05,2026-08-05,2026-08-05T08:58:54.488904+00:00
DGS30,2026-03-04,4.72,2026-08-05,2026-08-05,2026-08-05T08:58:54.488904+00:00
DGS30,2026-03-05,4.74,2026-08-05,2026-08-05,2026-08-05T08:58:54.488904+00:00
DGS30,2026-03-06,4.77,2026-08-05,2026-08-05,2026-08-05T08:58:54.488904+00:00
DGS30,2026-03-09,4.72,2026-08-05,2026-08-05,2026-08-05T08:58:54.488904+00:00
DGS30,2026-03-10,4.78,2026-08-05,2026-08-05,2026-08-05T08:58:54.488904+00:00
DGS30,2026-03-11,4.86,2026-08-05,2026-08-05,2026-08-05T08:58:54.488904+00:00
DGS30,2026-03-12,4.88,2026-08-05,2026-08-05,2026-08-05T08:58:54.488904+00:00
DGS30,2026-03-13,4.9,2026-08-05,2026-08-05,2026-08-05T08:58:54.488904+00:00
DGS30,2026-03-16,4.86,2026-08-05,2026-08-05,2026-08-05T08:58:54.488904+00:00
DGS30,2026-03-17,4.85,2026-08-05,2026-08-05,2026-08-05T08:58:54.488904+00:00
DGS30,2026-03-18,4.88,2026-08-05,2026-08-05,2026-08-05T08:58:54.488904+00:00
DGS30,2026-03-19,4.83,2026-08-05,2026-08-05,2026-08-05T08:58:54.488904+00:00
DGS30,2026-03-20,4.96,2026-08-05,2026-08-05,2026-08-05T08:58:54.488904+00:00
DGS30,2026-03-23,4.91,2026-08-05,2026-08-05,2026-08-05T08:58:54.488904+00:00
DGS30,2026-03-24,4.94,2026-08-05,2026-08-05,2026-08-05T08:58:54.488904+00:00
DGS30,2026-03-25,4.89,2026-08-05,2026-08-05,2026-08-05T08:58:54.488904+00:00
DGS30,2026-03-26,4.93,2026-08-05,2026-08-05,2026-08-05T08:58:54.488904+00:00
DGS30,2026-03-27,4.98,2026-08-05,2026-08-05,2026-08-05T08:58:54.488904+00:00
DGS30,2026-03-30,4.91,2026-08-05,2026-08-05,2026-08-05T08:58:54.488904+00:00
DGS30,2026-03-31,4.88,2026-08-05,2026-08-05,2026-08-05T08:58:54.488904+00:00
DGS30,2026-04-01,4.91,2026-08-05,2026-08-05,2026-08-05T08:58:54.488904+00:00
DGS30,2026-04-02,4.88,2026-08-05,2026-08-05,2026-08-05T08:58:54.488904+00:00
DGS30,2026-04-03,4.91,2026-08-05,2026-08-05,2026-08-05T08:58:54.488904+00:00
DGS30,2026-04-06,4.89,2026-08-05,2026-08-05,2026-08-05T08:58:54.488904+00:00
DGS30,2026-04-07,4.9,2026-08-05,2026-08-05,2026-08-05T08:58:54.488904+00:00
DGS30,2026-04-08,4.89,2026-08-05,2026-08-05,2026-08-05T08:58:54.488904+00:00
DGS30,2026-04-09,4.9,2026-08-05,2026-08-05,2026-08-05T08:58:54.488904+00:00
DGS30,2026-04-10,4.91,2026-08-05,2026-08-05,2026-08-05T08:58:54.488904+00:00
DGS30,2026-04-13,4.9,2026-08-05,2026-08-05,2026-08-05T08:58:54.488904+00:00
DGS30,2026-04-14,4.87,2026-08-05,2026-08-05,2026-08-05T08:58:54.488904+00:00
DGS30,2026-04-15,4.89,2026-08-05,2026-08-05,2026-08-05T08:58:54.488904+00:00
DGS30,2026-04-16,4.93,2026-08-05,2026-08-05,2026-08-05T08:58:54.488904+00:00
DGS30,2026-04-17,4.88,2026-08-05,2026-08-05,2026-08-05T08:58:54.488904+00:00
DGS30,2026-04-20,4.88,2026-08-05,2026-08-05,2026-08-05T08:58:54.488904+00:00
DGS30,2026-04-21,4.89,2026-08-05,2026-08-05,2026-08-05T08:58:54.488904+00:00
DGS30,2026-04-22,4.9,2026-08-05,2026-08-05,2026-08-05T08:58:54.488904+00:00
DGS30,2026-04-23,4.92,2026-08-05,2026-08-05,2026-08-05T08:58:54.488904+00:00
DGS30,2026-04-24,4.91,2026-08-05,2026-08-05,2026-08-05T08:58:54.488904+00:00
DGS30,2026-04-27,4.94,2026-08-05,2026-08-05,2026-08-05T08:58:54.488904+00:00
DGS30,2026-04-28,4.94,2026-08-05,2026-08-05,2026-08-05T08:58:54.488904+00:00
DGS30,2026-04-29,4.98,2026-08-05,2026-08-05,2026-08-05T08:58:54.488904+00:00
DGS30,2026-04-30,4.98,2026-08-05,2026-08-05,2026-08-05T08:58:54.488904+00:00
DGS30,2026-05-01,4.97,2026-08-05,2026-08-05,2026-08-05T08:58:54.488904+00:00
DGS30,2026-05-04,5.02,2026-08-05,2026-08-05,2026-08-05T08:58:54.488904+00:00
DGS30,2026-05-05,4.98,2026-08-05,2026-08-05,2026-08-05T08:58:54.488904+00:00
DGS30,2026-05-06,4.94,2026-08-05,2026-08-05,2026-08-05T08:58:54.488904+00:00
DGS30,2026-05-07,4.97,2026-08-05,2026-08-05,2026-08-05T08:58:54.488904+00:00
DGS30,2026-05-08,4.95,2026-08-05,2026-08-05,2026-08-05T08:58:54.488904+00:00
DGS30,2026-05-11,4.98,2026-08-05,2026-08-05,2026-08-05T08:58:54.488904+00:00
DGS30,2026-05-12,5.03,2026-08-05,2026-08-05,2026-08-05T08:58:54.488904+00:00
DGS30,2026-05-13,5.03,2026-08-05,2026-08-05,2026-08-05T08:58:54.488904+00:00
DGS30,2026-05-14,5.02,2026-08-05,2026-08-05,2026-08-05T08:58:54.488904+00:00
DGS30,2026-05-15,5.12,2026-08-05,2026-08-05,2026-08-05T08:58:54.488904+00:00
DGS30,2026-05-18,5.14,2026-08-05,2026-08-05,2026-08-05T08:58:54.488904+00:00
DGS30,2026-05-19,5.18,2026-08-05,2026-08-05,2026-08-05T08:58:54.488904+00:00
DGS30,2026-05-20,5.11,2026-08-05,2026-08-05,2026-08-05T08:58:54.488904+00:00
DGS30,2026-05-21,5.1,2026-08-05,2026-08-05,2026-08-05T08:58:54.488904+00:00
DGS30,2026-05-22,5.07,2026-08-05,2026-08-05,2026-08-05T08:58:54.488904+00:00
DGS30,2026-05-25,.,2026-08-05,2026-08-05,2026-08-05T08:58:54.488904+00:00
DGS30,2026-05-26,5.03,2026-08-05,2026-08-05,2026-08-05T08:58:54.488904+00:00
DGS30,2026-05-27,5.01,2026-08-05,2026-08-05,2026-08-05T08:58:54.488904+00:00
DGS30,2026-05-28,4.98,2026-08-05,2026-08-05,2026-08-05T08:58:54.488904+00:00
DGS30,2026-05-29,4.99,2026-08-05,2026-08-05,2026-08-05T08:58:54.488904+00:00
DGS30,2026-06-01,4.99,2026-08-05,2026-08-05,2026-08-05T08:58:54.488904+00:00
DGS30,2026-06-02,4.97,2026-08-05,2026-08-05,2026-08-05T08:58:54.488904+00:00
DGS30,2026-06-03,4.99,2026-08-05,2026-08-05,2026-08-05T08:58:54.488904+00:00
DGS30,2026-06-04,4.97,2026-08-05,2026-08-05,2026-08-05T08:58:54.488904+00:00
DGS30,2026-06-05,5.01,2026-08-05,2026-08-05,2026-08-05T08:58:54.488904+00:00
DGS30,2026-06-08,5.03,2026-08-05,2026-08-05,2026-08-05T08:58:54.488904+00:00
DGS30,2026-06-09,5.01,2026-08-05,2026-08-05,2026-08-05T08:58:54.488904+00:00
DGS30,2026-06-10,5.03,2026-08-05,2026-08-05,2026-08-05T08:58:54.488904+00:00
DGS30,2026-06-11,4.95,2026-08-05,2026-08-05,2026-08-05T08:58:54.488904+00:00
DGS30,2026-06-12,4.97,2026-08-05,2026-08-05,2026-08-05T08:58:54.488904+00:00
DGS30,2026-06-15,4.97,2026-08-05,2026-08-05,2026-08-05T08:58:54.488904+00:00
DGS30,2026-06-16,4.93,2026-08-05,2026-08-05,2026-08-05T08:58:54.488904+00:00
DGS30,2026-06-17,4.93,2026-08-05,2026-08-05,2026-08-05T08:58:54.488904+00:00
DGS30,2026-06-18,4.9,2026-08-05,2026-08-05,2026-08-05T08:58:54.488904+00:00
DGS30,2026-06-19,.,2026-08-05,2026-08-05,2026-08-05T08:58:54.488904+00:00
DGS30,2026-06-22,4.95,2026-08-05,2026-08-05,2026-08-05T08:58:54.488904+00:00
DGS30,2026-06-23,4.94,2026-08-05,2026-08-05,2026-08-05T08:58:54.488904+00:00
DGS30,2026-06-24,4.86,2026-08-05,2026-08-05,2026-08-05T08:58:54.488904+00:00
DGS30,2026-06-25,4.86,2026-08-05,2026-08-05,2026-08-05T08:58:54.488904+00:00
DGS30,2026-06-26,4.87,2026-08-05,2026-08-05,2026-08-05T08:58:54.488904+00:00
DGS30,2026-06-29,4.86,2026-08-05,2026-08-05,2026-08-05T08:58:54.488904+00:00
DGS30,2026-06-30,4.91,2026-08-05,2026-08-05,2026-08-05T08:58:54.488904+00:00
DGS30,2026-07-01,4.97,2026-08-05,2026-08-05,2026-08-05T08:58:54.488904+00:00
DGS30,2026-07-02,4.98,2026-08-05,2026-08-05,2026-08-05T08:58:54.488904+00:00
DGS30,2026-07-03,.,2026-08-05,2026-08-05,2026-08-05T08:58:54.488904+00:00
DGS30,2026-07-06,4.99,2026-08-05,2026-08-05,2026-08-05T08:58:54.488904+00:00
DGS30,2026-07-07,5.05,2026-08-05,2026-08-05,2026-08-05T08:58:54.488904+00:00
DGS30,2026-07-08,5.06,2026-08-05,2026-08-05,2026-08-05T08:58:54.488904+00:00
DGS30,2026-07-09,5.05,2026-08-05,2026-08-05,2026-08-05T08:58:54.488904+00:00
DGS30,2026-07-10,5.06,2026-08-05,2026-08-05,2026-08-05T08:58:54.488904+00:00
DGS30,2026-07-13,5.1,2026-08-05,2026-08-05,2026-08-05T08:58:54.488904+00:00
DGS30,2026-07-14,5.08,2026-08-05,2026-08-05,2026-08-05T08:58:54.488904+00:00
DGS30,2026-07-15,5.08,2026-08-05,2026-08-05,2026-08-05T08:58:54.488904+00:00
DGS30,2026-07-16,5.09,2026-08-05,2026-08-05,2026-08-05T08:58:54.488904+00:00
DGS30,2026-07-17,5.06,2026-08-05,2026-08-05,2026-08-05T08:58:54.488904+00:00
DGS30,2026-07-20,5.1100000000,2026-08-05,2026-08-05,2026-08-05T08:58:54.488904+00:00
DGS30,2026-07-21,5.1300000000,2026-08-05,2026-08-05,2026-08-05T08:58:54.488904+00:00
DGS30,2026-07-22,5.1500000000,2026-08-05,2026-08-05,2026-08-05T08:58:54.488904+00:00
DGS30,2026-07-23,5.1700000000,2026-08-05,2026-08-05,2026-08-05T08:58:54.488904+00:00
DGS30,2026-07-24,5.1600000000,2026-08-05,2026-08-05,2026-08-05T08:58:54.488904+00:00
DGS30,2026-07-27,5.1200000000,2026-08-05,2026-08-05,2026-08-05T08:58:54.488904+00:00
DGS30,2026-07-28,5.0900000000,2026-08-05,2026-08-05,2026-08-05T08:58:54.488904+00:00
DGS30,2026-07-29,5.2000000000,2026-08-05,2026-08-05,2026-08-05T08:58:54.488904+00:00
DGS30,2026-07-30,5.2100000000,2026-08-05,2026-08-05,2026-08-05T08:58:54.488904+00:00
DGS30,2026-07-31,5.2700000000,2026-08-05,2026-08-05,2026-08-05T08:58:54.488904+00:00
DGS30,2026-08-03,5.2300000000,2026-08-05,2026-08-05,2026-08-05T08:58:54.488904+00:00
SOFR,2022-08-05,2.28,2026-08-05,2026-08-05,2026-08-05T08:58:54.488904+00:00
SOFR,2022-08-08,2.28,2026-08-05,2026-08-05,2026-08-05T08:58:54.488904+00:00
SOFR,2022-08-09,2.29,2026-08-05,2026-08-05,2026-08-05T08:58:54.488904+00:00
SOFR,2022-08-10,2.28,2026-08-05,2026-08-05,2026-08-05T08:58:54.488904+00:00
SOFR,2022-08-11,2.28,2026-08-05,2026-08-05,2026-08-05T08:58:54.488904+00:00
SOFR,2022-08-12,2.28,2026-08-05,2026-08-05,2026-08-05T08:58:54.488904+00:00
SOFR,2022-08-15,2.29,2026-08-05,2026-08-05,2026-08-05T08:58:54.488904+00:00
SOFR,2022-08-16,2.29,2026-08-05,2026-08-05,2026-08-05T08:58:54.488904+00:00
SOFR,2022-08-17,2.29,2026-08-05,2026-08-05,2026-08-05T08:58:54.488904+00:00
SOFR,2022-08-18,2.28,2026-08-05,2026-08-05,2026-08-05T08:58:54.488904+00:00
SOFR,2022-08-19,2.28,2026-08-05,2026-08-05,2026-08-05T08:58:54.488904+00:00
SOFR,2022-08-22,2.28,2026-08-05,2026-08-05,2026-08-05T08:58:54.488904+00:00
SOFR,2022-08-23,2.27,2026-08-05,2026-08-05,2026-08-05T08:58:54.488904+00:00
SOFR,2022-08-24,2.27,2026-08-05,2026-08-05,2026-08-05T08:58:54.488904+00:00
SOFR,2022-08-25,2.28,2026-08-05,2026-08-05,2026-08-05T08:58:54.488904+00:00
SOFR,2022-08-26,2.28,2026-08-05,2026-08-05,2026-08-05T08:58:54.488904+00:00
SOFR,2022-08-29,2.28,2026-08-05,2026-08-05,2026-08-05T08:58:54.488904+00:00
SOFR,2022-08-30,2.29,2026-08-05,2026-08-05,2026-08-05T08:58:54.488904+00:00
SOFR,2022-08-31,2.29,2026-08-05,2026-08-05,2026-08-05T08:58:54.488904+00:00
SOFR,2022-09-01,2.29,2026-08-05,2026-08-05,2026-08-05T08:58:54.488904+00:00
SOFR,2022-09-02,2.29,2026-08-05,2026-08-05,2026-08-05T08:58:54.488904+00:00
SOFR,2022-09-05,.,2026-08-05,2026-08-05,2026-08-05T08:58:54.488904+00:00
SOFR,2022-09-06,2.29,2026-08-05,2026-08-05,2026-08-05T08:58:54.488904+00:00
SOFR,2022-09-07,2.28,2026-08-05,2026-08-05,2026-08-05T08:58:54.488904+00:00
SOFR,2022-09-08,2.28,2026-08-05,2026-08-05,2026-08-05T08:58:54.488904+00:00
SOFR,2022-09-09,2.28,2026-08-05,2026-08-05,2026-08-05T08:58:54.488904+00:00
SOFR,2022-09-12,2.28,2026-08-05,2026-08-05,2026-08-05T08:58:54.488904+00:00
SOFR,2022-09-13,2.28,2026-08-05,2026-08-05,2026-08-05T08:58:54.488904+00:00
SOFR,2022-09-14,2.27,2026-08-05,2026-08-05,2026-08-05T08:58:54.488904+00:00
SOFR,2022-09-15,2.28,2026-08-05,2026-08-05,2026-08-05T08:58:54.488904+00:00
SOFR,2022-09-16,2.27,2026-08-05,2026-08-05,2026-08-05T08:58:54.488904+00:00
SOFR,2022-09-19,2.27,2026-08-05,2026-08-05,2026-08-05T08:58:54.488904+00:00
SOFR,2022-09-20,2.26,2026-08-05,2026-08-05,2026-08-05T08:58:54.488904+00:00
SOFR,2022-09-21,2.25,2026-08-05,2026-08-05,2026-08-05T08:58:54.488904+00:00
SOFR,2022-09-22,2.99,2026-08-05,2026-08-05,2026-08-05T08:58:54.488904+00:00
SOFR,2022-09-23,2.99,2026-08-05,2026-08-05,2026-08-05T08:58:54.488904+00:00
SOFR,2022-09-26,2.99,2026-08-05,2026-08-05,2026-08-05T08:58:54.488904+00:00
SOFR,2022-09-27,2.98,2026-08-05,2026-08-05,2026-08-05T08:58:54.488904+00:00
SOFR,2022-09-28,2.98,2026-08-05,2026-08-05,2026-08-05T08:58:54.488904+00:00
SOFR,2022-09-29,2.96,2026-08-05,2026-08-05,2026-08-05T08:58:54.488904+00:00
SOFR,2022-09-30,2.98,2026-08-05,2026-08-05,2026-08-05T08:58:54.488904+00:00
SOFR,2022-10-03,3.0,2026-08-05,2026-08-05,2026-08-05T08:58:54.488904+00:00
SOFR,2022-10-04,3.04,2026-08-05,2026-08-05,2026-08-05T08:58:54.488904+00:00
SOFR,2022-10-05,3.04,2026-08-05,2026-08-05,2026-08-05T08:58:54.488904+00:00
SOFR,2022-10-06,3.05,2026-08-05,2026-08-05,2026-08-05T08:58:54.488904+00:00
SOFR,2022-10-07,3.05,2026-08-05,2026-08-05,2026-08-05T08:58:54.488904+00:00
SOFR,2022-10-10,.,2026-08-05,2026-08-05,2026-08-05T08:58:54.488904+00:00
SOFR,2022-10-11,3.05,2026-08-05,2026-08-05,2026-08-05T08:58:54.488904+00:00
SOFR,2022-10-12,3.04,2026-08-05,2026-08-05,2026-08-05T08:58:54.488904+00:00
SOFR,2022-10-13,3.04,2026-08-05,2026-08-05,2026-08-05T08:58:54.488904+00:00
SOFR,2022-10-14,3.04,2026-08-05,2026-08-05,2026-08-05T08:58:54.488904+00:00
SOFR,2022-10-17,3.05,2026-08-05,2026-08-05,2026-08-05T08:58:54.488904+00:00
SOFR,2022-10-18,3.04,2026-08-05,2026-08-05,2026-08-05T08:58:54.488904+00:00
SOFR,2022-10-19,3.04,2026-08-05,2026-08-05,2026-08-05T08:58:54.488904+00:00
SOFR,2022-10-20,3.03,2026-08-05,2026-08-05,2026-08-05T08:58:54.488904+00:00
SOFR,2022-10-21,3.02,2026-08-05,2026-08-05,2026-08-05T08:58:54.488904+00:00
SOFR,2022-10-24,3.01,2026-08-05,2026-08-05,2026-08-05T08:58:54.488904+00:00
SOFR,2022-10-25,3.02,2026-08-05,2026-08-05,2026-08-05T08:58:54.488904+00:00
SOFR,2022-10-26,3.03,2026-08-05,2026-08-05,2026-08-05T08:58:54.488904+00:00
SOFR,2022-10-27,3.04,2026-08-05,2026-08-05,2026-08-05T08:58:54.488904+00:00
SOFR,2022-10-28,3.05,2026-08-05,2026-08-05,2026-08-05T08:58:54.488904+00:00
SOFR,2022-10-31,3.05,2026-08-05,2026-08-05,2026-08-05T08:58:54.488904+00:00
SOFR,2022-11-01,3.05,2026-08-05,2026-08-05,2026-08-05T08:58:54.488904+00:00
SOFR,2022-11-02,3.05,2026-08-05,2026-08-05,2026-08-05T08:58:54.488904+00:00
SOFR,2022-11-03,3.8,2026-08-05,2026-08-05,2026-08-05T08:58:54.488904+00:00
SOFR,2022-11-04,3.8,2026-08-05,2026-08-05,2026-08-05T08:58:54.488904+00:00
SOFR,2022-11-07,3.78,2026-08-05,2026-08-05,2026-08-05T08:58:54.488904+00:00
SOFR,2022-11-08,3.78,2026-08-05,2026-08-05,2026-08-05T08:58:54.488904+00:00
SOFR,2022-11-09,3.78,2026-08-05,2026-08-05,2026-08-05T08:58:54.488904+00:00
SOFR,2022-11-10,3.78,2026-08-05,2026-08-05,2026-08-05T08:58:54.488904+00:00
SOFR,2022-11-11,.,2026-08-05,2026-08-05,2026-08-05T08:58:54.488904+00:00
SOFR,2022-11-14,3.79,2026-08-05,2026-08-05,2026-08-05T08:58:54.488904+00:00
SOFR,2022-11-15,3.8,2026-08-05,2026-08-05,2026-08-05T08:58:54.488904+00:00
SOFR,2022-11-16,3.81,2026-08-05,2026-08-05,2026-08-05T08:58:54.488904+00:00
SOFR,2022-11-17,3.8,2026-08-05,2026-08-05,2026-08-05T08:58:54.488904+00:00
SOFR,2022-11-18,3.8,2026-08-05,2026-08-05,2026-08-05T08:58:54.488904+00:00
SOFR,2022-11-21,3.8,2026-08-05,2026-08-05,2026-08-05T08:58:54.488904+00:00
SOFR,2022-11-22,3.8,2026-08-05,2026-08-05,2026-08-05T08:58:54.488904+00:00
SOFR,2022-11-23,3.79,2026-08-05,2026-08-05,2026-08-05T08:58:54.488904+00:00
SOFR,2022-11-24,.,2026-08-05,2026-08-05,2026-08-05T08:58:54.488904+00:00
SOFR,2022-11-25,3.8,2026-08-05,2026-08-05,2026-08-05T08:58:54.488904+00:00
SOFR,2022-11-28,3.8,2026-08-05,2026-08-05,2026-08-05T08:58:54.488904+00:00
SOFR,2022-11-29,3.81,2026-08-05,2026-08-05,2026-08-05T08:58:54.488904+00:00
SOFR,2022-11-30,3.82,2026-08-05,2026-08-05,2026-08-05T08:58:54.488904+00:00
SOFR,2022-12-01,3.82,2026-08-05,2026-08-05,2026-08-05T08:58:54.488904+00:00
SOFR,2022-12-02,3.81,2026-08-05,2026-08-05,2026-08-05T08:58:54.488904+00:00
SOFR,2022-12-05,3.81,2026-08-05,2026-08-05,2026-08-05T08:58:54.488904+00:00
SOFR,2022-12-06,3.8,2026-08-05,2026-08-05,2026-08-05T08:58:54.488904+00:00
SOFR,2022-12-07,3.8,2026-08-05,2026-08-05,2026-08-05T08:58:54.488904+00:00
SOFR,2022-12-08,3.8,2026-08-05,2026-08-05,2026-08-05T08:58:54.488904+00:00
SOFR,2022-12-09,3.8,2026-08-05,2026-08-05,2026-08-05T08:58:54.488904+00:00
SOFR,2022-12-12,3.8,2026-08-05,2026-08-05,2026-08-05T08:58:54.488904+00:00
SOFR,2022-12-13,3.8,2026-08-05,2026-08-05,2026-08-05T08:58:54.488904+00:00
SOFR,2022-12-14,3.8,2026-08-05,2026-08-05,2026-08-05T08:58:54.488904+00:00
SOFR,2022-12-15,4.32,2026-08-05,2026-08-05,2026-08-05T08:58:54.488904+00:00
SOFR,2022-12-16,4.32,2026-08-05,2026-08-05,2026-08-05T08:58:54.488904+00:00
SOFR,2022-12-19,4.3,2026-08-05,2026-08-05,2026-08-05T08:58:54.488904+00:00
SOFR,2022-12-20,4.3,2026-08-05,2026-08-05,2026-08-05T08:58:54.488904+00:00
SOFR,2022-12-21,4.3,2026-08-05,2026-08-05,2026-08-05T08:58:54.488904+00:00
SOFR,2022-12-22,4.3,2026-08-05,2026-08-05,2026-08-05T08:58:54.488904+00:00
SOFR,2022-12-23,4.3,2026-08-05,2026-08-05,2026-08-05T08:58:54.488904+00:00
SOFR,2022-12-26,.,2026-08-05,2026-08-05,2026-08-05T08:58:54.488904+00:00
SOFR,2022-12-27,4.3,2026-08-05,2026-08-05,2026-08-05T08:58:54.488904+00:00
SOFR,2022-12-28,4.3,2026-08-05,2026-08-05,2026-08-05T08:58:54.488904+00:00
SOFR,2022-12-29,4.3,2026-08-05,2026-08-05,2026-08-05T08:58:54.488904+00:00
SOFR,2022-12-30,4.3,2026-08-05,2026-08-05,2026-08-05T08:58:54.488904+00:00
SOFR,2023-01-02,.,2026-08-05,2026-08-05,2026-08-05T08:58:54.488904+00:00
SOFR,2023-01-03,4.31,2026-08-05,2026-08-05,2026-08-05T08:58:54.488904+00:00
SOFR,2023-01-04,4.3,2026-08-05,2026-08-05,2026-08-05T08:58:54.488904+00:00
SOFR,2023-01-05,4.31,2026-08-05,2026-08-05,2026-08-05T08:58:54.488904+00:00
SOFR,2023-01-06,4.31,2026-08-05,2026-08-05,2026-08-05T08:58:54.488904+00:00
SOFR,2023-01-09,4.31,2026-08-05,2026-08-05,2026-08-05T08:58:54.488904+00:00
SOFR,2023-01-10,4.31,2026-08-05,2026-08-05,2026-08-05T08:58:54.488904+00:00
SOFR,2023-01-11,4.3,2026-08-05,2026-08-05,2026-08-05T08:58:54.488904+00:00
SOFR,2023-01-12,4.3,2026-08-05,2026-08-05,2026-08-05T08:58:54.488904+00:00
SOFR,2023-01-13,4.3,2026-08-05,2026-08-05,2026-08-05T08:58:54.488904+00:00
SOFR,2023-01-16,.,2026-08-05,2026-08-05,2026-08-05T08:58:54.488904+00:00
SOFR,2023-01-17,4.31,2026-08-05,2026-08-05,2026-08-05T08:58:54.488904+00:00
SOFR,2023-01-18,4.3,2026-08-05,2026-08-05,2026-08-05T08:58:54.488904+00:00
SOFR,2023-01-19,4.31,2026-08-05,2026-08-05,2026-08-05T08:58:54.488904+00:00
SOFR,2023-01-20,4.3,2026-08-05,2026-08-05,2026-08-05T08:58:54.488904+00:00
SOFR,2023-01-23,4.3,2026-08-05,2026-08-05,2026-08-05T08:58:54.488904+00:00
SOFR,2023-01-24,4.3,2026-08-05,2026-08-05,2026-08-05T08:58:54.488904+00:00
SOFR,2023-01-25,4.31,2026-08-05,2026-08-05,2026-08-05T08:58:54.488904+00:00
SOFR,2023-01-26,4.3,2026-08-05,2026-08-05,2026-08-05T08:58:54.488904+00:00
SOFR,2023-01-27,4.3,2026-08-05,2026-08-05,2026-08-05T08:58:54.488904+00:00
SOFR,2023-01-30,4.3,2026-08-05,2026-08-05,2026-08-05T08:58:54.488904+00:00
SOFR,2023-01-31,4.31,2026-08-05,2026-08-05,2026-08-05T08:58:54.488904+00:00
SOFR,2023-02-01,4.31,2026-08-05,2026-08-05,2026-08-05T08:58:54.488904+00:00
SOFR,2023-02-02,4.56,2026-08-05,2026-08-05,2026-08-05T08:58:54.488904+00:00
SOFR,2023-02-03,4.55,2026-08-05,2026-08-05,2026-08-05T08:58:54.488904+00:00
SOFR,2023-02-06,4.55,2026-08-05,2026-08-05,2026-08-05T08:58:54.488904+00:00
SOFR,2023-02-07,4.55,2026-08-05,2026-08-05,2026-08-05T08:58:54.488904+00:00
SOFR,2023-02-08,4.55,2026-08-05,2026-08-05,2026-08-05T08:58:54.488904+00:00
SOFR,2023-02-09,4.55,2026-08-05,2026-08-05,2026-08-05T08:58:54.488904+00:00
SOFR,2023-02-10,4.55,2026-08-05,2026-08-05,2026-08-05T08:58:54.488904+00:00
SOFR,2023-02-13,4.55,2026-08-05,2026-08-05,2026-08-05T08:58:54.488904+00:00
SOFR,2023-02-14,4.55,2026-08-05,2026-08-05,2026-08-05T08:58:54.488904+00:00
SOFR,2023-02-15,4.55,2026-08-05,2026-08-05,2026-08-05T08:58:54.488904+00:00
SOFR,2023-02-16,4.55,2026-08-05,2026-08-05,2026-08-05T08:58:54.488904+00:00
SOFR,2023-02-17,4.55,2026-08-05,2026-08-05,2026-08-05T08:58:54.488904+00:00
SOFR,2023-02-20,.,2026-08-05,2026-08-05,2026-08-05T08:58:54.488904+00:00
SOFR,2023-02-21,4.55,2026-08-05,2026-08-05,2026-08-05T08:58:54.488904+00:00
SOFR,2023-02-22,4.55,2026-08-05,2026-08-05,2026-08-05T08:58:54.488904+00:00
SOFR,2023-02-23,4.55,2026-08-05,2026-08-05,2026-08-05T08:58:54.488904+00:00
SOFR,2023-02-24,4.55,2026-08-05,2026-08-05,2026-08-05T08:58:54.488904+00:00
SOFR,2023-02-27,4.55,2026-08-05,2026-08-05,2026-08-05T08:58:54.488904+00:00
SOFR,2023-02-28,4.55,2026-08-05,2026-08-05,2026-08-05T08:58:54.488904+00:00
SOFR,2023-03-01,4.55,2026-08-05,2026-08-05,2026-08-05T08:58:54.488904+00:00
SOFR,2023-03-02,4.55,2026-08-05,2026-08-05,2026-08-05T08:58:54.488904+00:00
SOFR,2023-03-03,4.55,2026-08-05,2026-08-05,2026-08-05T08:58:54.488904+00:00
SOFR,2023-03-06,4.55,2026-08-05,2026-08-05,2026-08-05T08:58:54.488904+00:00
SOFR,2023-03-07,4.55,2026-08-05,2026-08-05,2026-08-05T08:58:54.488904+00:00
SOFR,2023-03-08,4.55,2026-08-05,2026-08-05,2026-08-05T08:58:54.488904+00:00
SOFR,2023-03-09,4.55,2026-08-05,2026-08-05,2026-08-05T08:58:54.488904+00:00
SOFR,2023-03-10,4.55,2026-08-05,2026-08-05,2026-08-05T08:58:54.488904+00:00
SOFR,2023-03-13,4.55,2026-08-05,2026-08-05,2026-08-05T08:58:54.488904+00:00
SOFR,2023-03-14,4.55,2026-08-05,2026-08-05,2026-08-05T08:58:54.488904+00:00
SOFR,2023-03-15,4.58,2026-08-05,2026-08-05,2026-08-05T08:58:54.488904+00:00
SOFR,2023-03-16,4.57,2026-08-05,2026-08-05,2026-08-05T08:58:54.488904+00:00
SOFR,2023-03-17,4.55,2026-08-05,2026-08-05,2026-08-05T08:58:54.488904+00:00
SOFR,2023-03-20,4.55,2026-08-05,2026-08-05,2026-08-05T08:58:54.488904+00:00
SOFR,2023-03-21,4.55,2026-08-05,2026-08-05,2026-08-05T08:58:54.488904+00:00
SOFR,2023-03-22,4.55,2026-08-05,2026-08-05,2026-08-05T08:58:54.488904+00:00
SOFR,2023-03-23,4.8,2026-08-05,2026-08-05,2026-08-05T08:58:54.488904+00:00
SOFR,2023-03-24,4.8,2026-08-05,2026-08-05,2026-08-05T08:58:54.488904+00:00
SOFR,2023-03-27,4.81,2026-08-05,2026-08-05,2026-08-05T08:58:54.488904+00:00
SOFR,2023-03-28,4.84,2026-08-05,2026-08-05,2026-08-05T08:58:54.488904+00:00
SOFR,2023-03-29,4.83,2026-08-05,2026-08-05,2026-08-05T08:58:54.488904+00:00
SOFR,2023-03-30,4.82,2026-08-05,2026-08-05,2026-08-05T08:58:54.488904+00:00
SOFR,2023-03-31,4.87,2026-08-05,2026-08-05,2026-08-05T08:58:54.488904+00:00
SOFR,2023-04-03,4.84,2026-08-05,2026-08-05,2026-08-05T08:58:54.488904+00:00
SOFR,2023-04-04,4.83,2026-08-05,2026-08-05,2026-08-05T08:58:54.488904+00:00
SOFR,2023-04-05,4.81,2026-08-05,2026-08-05,2026-08-05T08:58:54.488904+00:00
SOFR,2023-04-06,4.81,2026-08-05,2026-08-05,2026-08-05T08:58:54.488904+00:00
SOFR,2023-04-07,.,2026-08-05,2026-08-05,2026-08-05T08:58:54.488904+00:00
SOFR,2023-04-10,4.81,2026-08-05,2026-08-05,2026-08-05T08:58:54.488904+00:00
SOFR,2023-04-11,4.8,2026-08-05,2026-08-05,2026-08-05T08:58:54.488904+00:00
SOFR,2023-04-12,4.8,2026-08-05,2026-08-05,2026-08-05T08:58:54.488904+00:00
SOFR,2023-04-13,4.8,2026-08-05,2026-08-05,2026-08-05T08:58:54.488904+00:00
SOFR,2023-04-14,4.8,2026-08-05,2026-08-05,2026-08-05T08:58:54.488904+00:00
SOFR,2023-04-17,4.8,2026-08-05,2026-08-05,2026-08-05T08:58:54.488904+00:00
SOFR,2023-04-18,4.8,2026-08-05,2026-08-05,2026-08-05T08:58:54.488904+00:00
SOFR,2023-04-19,4.8,2026-08-05,2026-08-05,2026-08-05T08:58:54.488904+00:00
SOFR,2023-04-20,4.8,2026-08-05,2026-08-05,2026-08-05T08:58:54.488904+00:00
SOFR,2023-04-21,4.8,2026-08-05,2026-08-05,2026-08-05T08:58:54.488904+00:00
SOFR,2023-04-24,4.8,2026-08-05,2026-08-05,2026-08-05T08:58:54.488904+00:00
SOFR,2023-04-25,4.8,2026-08-05,2026-08-05,2026-08-05T08:58:54.488904+00:00
SOFR,2023-04-26,4.8,2026-08-05,2026-08-05,2026-08-05T08:58:54.488904+00:00
SOFR,2023-04-27,4.81,2026-08-05,2026-08-05,2026-08-05T08:58:54.488904+00:00
SOFR,2023-04-28,4.81,2026-08-05,2026-08-05,2026-08-05T08:58:54.488904+00:00
SOFR,2023-05-01,4.81,2026-08-05,2026-08-05,2026-08-05T08:58:54.488904+00:00
SOFR,2023-05-02,4.81,2026-08-05,2026-08-05,2026-08-05T08:58:54.488904+00:00
SOFR,2023-05-03,4.81,2026-08-05,2026-08-05,2026-08-05T08:58:54.488904+00:00
SOFR,2023-05-04,5.06,2026-08-05,2026-08-05,2026-08-05T08:58:54.488904+00:00
SOFR,2023-05-05,5.06,2026-08-05,2026-08-05,2026-08-05T08:58:54.488904+00:00
SOFR,2023-05-08,5.06,2026-08-05,2026-08-05,2026-08-05T08:58:54.488904+00:00
SOFR,2023-05-09,5.06,2026-08-05,2026-08-05,2026-08-05T08:58:54.488904+00:00
SOFR,2023-05-10,5.06,2026-08-05,2026-08-05,2026-08-05T08:58:54.488904+00:00
SOFR,2023-05-11,5.05,2026-08-05,2026-08-05,2026-08-05T08:58:54.488904+00:00
SOFR,2023-05-12,5.05,2026-08-05,2026-08-05,2026-08-05T08:58:54.488904+00:00
SOFR,2023-05-15,5.06,2026-08-05,2026-08-05,2026-08-05T08:58:54.488904+00:00
SOFR,2023-05-16,5.05,2026-08-05,2026-08-05,2026-08-05T08:58:54.488904+00:00
SOFR,2023-05-17,5.05,2026-08-05,2026-08-05,2026-08-05T08:58:54.488904+00:00
SOFR,2023-05-18,5.05,2026-08-05,2026-08-05,2026-08-05T08:58:54.488904+00:00
SOFR,2023-05-19,5.05,2026-08-05,2026-08-05,2026-08-05T08:58:54.488904+00:00
SOFR,2023-05-22,5.05,2026-08-05,2026-08-05,2026-08-05T08:58:54.488904+00:00
SOFR,2023-05-23,5.05,2026-08-05,2026-08-05,2026-08-05T08:58:54.488904+00:00
SOFR,2023-05-24,5.05,2026-08-05,2026-08-05,2026-08-05T08:58:54.488904+00:00
SOFR,2023-05-25,5.06,2026-08-05,2026-08-05,2026-08-05T08:58:54.488904+00:00
SOFR,2023-05-26,5.06,2026-08-05,2026-08-05,2026-08-05T08:58:54.488904+00:00
SOFR,2023-05-29,.,2026-08-05,2026-08-05,2026-08-05T08:58:54.488904+00:00
SOFR,2023-05-30,5.06,2026-08-05,2026-08-05,2026-08-05T08:58:54.488904+00:00
SOFR,2023-05-31,5.08,2026-08-05,2026-08-05,2026-08-05T08:58:54.488904+00:00
SOFR,2023-06-01,5.08,2026-08-05,2026-08-05,2026-08-05T08:58:54.488904+00:00
SOFR,2023-06-02,5.07,2026-08-05,2026-08-05,2026-08-05T08:58:54.488904+00:00
SOFR,2023-06-05,5.06,2026-08-05,2026-08-05,2026-08-05T08:58:54.488904+00:00
SOFR,2023-06-06,5.05,2026-08-05,2026-08-05,2026-08-05T08:58:54.488904+00:00
SOFR,2023-06-07,5.05,2026-08-05,2026-08-05,2026-08-05T08:58:54.488904+00:00
SOFR,2023-06-08,5.05,2026-08-05,2026-08-05,2026-08-05T08:58:54.488904+00:00
SOFR,2023-06-09,5.05,2026-08-05,2026-08-05,2026-08-05T08:58:54.488904+00:00
SOFR,2023-06-12,5.05,2026-08-05,2026-08-05,2026-08-05T08:58:54.488904+00:00
SOFR,2023-06-13,5.05,2026-08-05,2026-08-05,2026-08-05T08:58:54.488904+00:00
SOFR,2023-06-14,5.05,2026-08-05,2026-08-05,2026-08-05T08:58:54.488904+00:00
SOFR,2023-06-15,5.06,2026-08-05,2026-08-05,2026-08-05T08:58:54.488904+00:00
SOFR,2023-06-16,5.05,2026-08-05,2026-08-05,2026-08-05T08:58:54.488904+00:00
SOFR,2023-06-19,.,2026-08-05,2026-08-05,2026-08-05T08:58:54.488904+00:00
SOFR,2023-06-20,5.05,2026-08-05,2026-08-05,2026-08-05T08:58:54.488904+00:00
SOFR,2023-06-21,5.05,2026-08-05,2026-08-05,2026-08-05T08:58:54.488904+00:00
SOFR,2023-06-22,5.05,2026-08-05,2026-08-05,2026-08-05T08:58:54.488904+00:00
SOFR,2023-06-23,5.05,2026-08-05,2026-08-05,2026-08-05T08:58:54.488904+00:00
SOFR,2023-06-26,5.05,2026-08-05,2026-08-05,2026-08-05T08:58:54.488904+00:00
SOFR,2023-06-27,5.05,2026-08-05,2026-08-05,2026-08-05T08:58:54.488904+00:00
SOFR,2023-06-28,5.06,2026-08-05,2026-08-05,2026-08-05T08:58:54.488904+00:00
SOFR,2023-06-29,5.06,2026-08-05,2026-08-05,2026-08-05T08:58:54.488904+00:00
SOFR,2023-06-30,5.09,2026-08-05,2026-08-05,2026-08-05T08:58:54.488904+00:00
SOFR,2023-07-03,5.06,2026-08-05,2026-08-05,2026-08-05T08:58:54.488904+00:00
SOFR,2023-07-04,.,2026-08-05,2026-08-05,2026-08-05T08:58:54.488904+00:00
SOFR,2023-07-05,5.06,2026-08-05,2026-08-05,2026-08-05T08:58:54.488904+00:00
SOFR,2023-07-06,5.06,2026-08-05,2026-08-05,2026-08-05T08:58:54.488904+00:00
SOFR,2023-07-07,5.06,2026-08-05,2026-08-05,2026-08-05T08:58:54.488904+00:00
SOFR,2023-07-10,5.06,2026-08-05,2026-08-05,2026-08-05T08:58:54.488904+00:00
SOFR,2023-07-11,5.06,2026-08-05,2026-08-05,2026-08-05T08:58:54.488904+00:00
SOFR,2023-07-12,5.05,2026-08-05,2026-08-05,2026-08-05T08:58:54.488904+00:00
SOFR,2023-07-13,5.06,2026-08-05,2026-08-05,2026-08-05T08:58:54.488904+00:00
SOFR,2023-07-14,5.05,2026-08-05,2026-08-05,2026-08-05T08:58:54.488904+00:00
SOFR,2023-07-17,5.06,2026-08-05,2026-08-05,2026-08-05T08:58:54.488904+00:00
SOFR,2023-07-18,5.06,2026-08-05,2026-08-05,2026-08-05T08:58:54.488904+00:00
SOFR,2023-07-19,5.05,2026-08-05,2026-08-05,2026-08-05T08:58:54.488904+00:00
SOFR,2023-07-20,5.06,2026-08-05,2026-08-05,2026-08-05T08:58:54.488904+00:00
SOFR,2023-07-21,5.05,2026-08-05,2026-08-05,2026-08-05T08:58:54.488904+00:00
SOFR,2023-07-24,5.05,2026-08-05,2026-08-05,2026-08-05T08:58:54.488904+00:00
SOFR,2023-07-25,5.06,2026-08-05,2026-08-05,2026-08-05T08:58:54.488904+00:00
SOFR,2023-07-26,5.06,2026-08-05,2026-08-05,2026-08-05T08:58:54.488904+00:00
SOFR,2023-07-27,5.31,2026-08-05,2026-08-05,2026-08-05T08:58:54.488904+00:00
SOFR,2023-07-28,5.3,2026-08-05,2026-08-05,2026-08-05T08:58:54.488904+00:00
SOFR,2023-07-31,5.31,2026-08-05,2026-08-05,2026-08-05T08:58:54.488904+00:00
SOFR,2023-08-01,5.31,2026-08-05,2026-08-05,2026-08-05T08:58:54.488904+00:00
SOFR,2023-08-02,5.3,2026-08-05,2026-08-05,2026-08-05T08:58:54.488904+00:00
SOFR,2023-08-03,5.3,2026-08-05,2026-08-05,2026-08-05T08:58:54.488904+00:00
SOFR,2023-08-04,5.3,2026-08-05,2026-08-05,2026-08-05T08:58:54.488904+00:00
SOFR,2023-08-07,5.3,2026-08-05,2026-08-05,2026-08-05T08:58:54.488904+00:00
SOFR,2023-08-08,5.3,2026-08-05,2026-08-05,2026-08-05T08:58:54.488904+00:00
SOFR,2023-08-09,5.3,2026-08-05,2026-08-05,2026-08-05T08:58:54.488904+00:00
SOFR,2023-08-10,5.3,2026-08-05,2026-08-05,2026-08-05T08:58:54.488904+00:00
SOFR,2023-08-11,5.3,2026-08-05,2026-08-05,2026-08-05T08:58:54.488904+00:00
SOFR,2023-08-14,5.3,2026-08-05,2026-08-05,2026-08-05T08:58:54.488904+00:00
SOFR,2023-08-15,5.3,2026-08-05,2026-08-05,2026-08-05T08:58:54.488904+00:00
SOFR,2023-08-16,5.3,2026-08-05,2026-08-05,2026-08-05T08:58:54.488904+00:00
SOFR,2023-08-17,5.3,2026-08-05,2026-08-05,2026-08-05T08:58:54.488904+00:00
SOFR,2023-08-18,5.3,2026-08-05,2026-08-05,2026-08-05T08:58:54.488904+00:00
SOFR,2023-08-21,5.3,2026-08-05,2026-08-05,2026-08-05T08:58:54.488904+00:00
SOFR,2023-08-22,5.3,2026-08-05,2026-08-05,2026-08-05T08:58:54.488904+00:00
SOFR,2023-08-23,5.3,2026-08-05,2026-08-05,2026-08-05T08:58:54.488904+00:00
SOFR,2023-08-24,5.3,2026-08-05,2026-08-05,2026-08-05T08:58:54.488904+00:00
SOFR,2023-08-25,5.3,2026-08-05,2026-08-05,2026-08-05T08:58:54.488904+00:00
SOFR,2023-08-28,5.3,2026-08-05,2026-08-05,2026-08-05T08:58:54.488904+00:00
SOFR,2023-08-29,5.3,2026-08-05,2026-08-05,2026-08-05T08:58:54.488904+00:00
SOFR,2023-08-30,5.3,2026-08-05,2026-08-05,2026-08-05T08:58:54.488904+00:00
SOFR,2023-08-31,5.31,2026-08-05,2026-08-05,2026-08-05T08:58:54.488904+00:00
SOFR,2023-09-01,5.31,2026-08-05,2026-08-05,2026-08-05T08:58:54.488904+00:00
SOFR,2023-09-04,.,2026-08-05,2026-08-05,2026-08-05T08:58:54.488904+00:00
SOFR,2023-09-05,5.31,2026-08-05,2026-08-05,2026-08-05T08:58:54.488904+00:00
SOFR,2023-09-06,5.3,2026-08-05,2026-08-05,2026-08-05T08:58:54.488904+00:00
SOFR,2023-09-07,5.31,2026-08-05,2026-08-05,2026-08-05T08:58:54.488904+00:00
SOFR,2023-09-08,5.3,2026-08-05,2026-08-05,2026-08-05T08:58:54.488904+00:00
SOFR,2023-09-11,5.3,2026-08-05,2026-08-05,2026-08-05T08:58:54.488904+00:00
SOFR,2023-09-12,5.3,2026-08-05,2026-08-05,2026-08-05T08:58:54.488904+00:00
SOFR,2023-09-13,5.3,2026-08-05,2026-08-05,2026-08-05T08:58:54.488904+00:00
SOFR,2023-09-14,5.3,2026-08-05,2026-08-05,2026-08-05T08:58:54.488904+00:00
SOFR,2023-09-15,5.31,2026-08-05,2026-08-05,2026-08-05T08:58:54.488904+00:00
SOFR,2023-09-18,5.31,2026-08-05,2026-08-05,2026-08-05T08:58:54.488904+00:00
SOFR,2023-09-19,5.31,2026-08-05,2026-08-05,2026-08-05T08:58:54.488904+00:00
SOFR,2023-09-20,5.3,2026-08-05,2026-08-05,2026-08-05T08:58:54.488904+00:00
SOFR,2023-09-21,5.3,2026-08-05,2026-08-05,2026-08-05T08:58:54.488904+00:00
SOFR,2023-09-22,5.3,2026-08-05,2026-08-05,2026-08-05T08:58:54.488904+00:00
SOFR,2023-09-25,5.31,2026-08-05,2026-08-05,2026-08-05T08:58:54.488904+00:00
SOFR,2023-09-26,5.31,2026-08-05,2026-08-05,2026-08-05T08:58:54.488904+00:00
SOFR,2023-09-27,5.32,2026-08-05,2026-08-05,2026-08-05T08:58:54.488904+00:00
SOFR,2023-09-28,5.31,2026-08-05,2026-08-05,2026-08-05T08:58:54.488904+00:00
SOFR,2023-09-29,5.31,2026-08-05,2026-08-05,2026-08-05T08:58:54.488904+00:00
SOFR,2023-10-02,5.32,2026-08-05,2026-08-05,2026-08-05T08:58:54.488904+00:00
SOFR,2023-10-03,5.33,2026-08-05,2026-08-05,2026-08-05T08:58:54.488904+00:00
SOFR,2023-10-04,5.32,2026-08-05,2026-08-05,2026-08-05T08:58:54.488904+00:00
SOFR,2023-10-05,5.32,2026-08-05,2026-08-05,2026-08-05T08:58:54.488904+00:00
SOFR,2023-10-06,5.31,2026-08-05,2026-08-05,2026-08-05T08:58:54.488904+00:00
SOFR,2023-10-09,.,2026-08-05,2026-08-05,2026-08-05T08:58:54.488904+00:00
SOFR,2023-10-10,5.31,2026-08-05,2026-08-05,2026-08-05T08:58:54.488904+00:00
SOFR,2023-10-11,5.31,2026-08-05,2026-08-05,2026-08-05T08:58:54.488904+00:00
SOFR,2023-10-12,5.31,2026-08-05,2026-08-05,2026-08-05T08:58:54.488904+00:00
SOFR,2023-10-13,5.31,2026-08-05,2026-08-05,2026-08-05T08:58:54.488904+00:00
SOFR,2023-10-16,5.31,2026-08-05,2026-08-05,2026-08-05T08:58:54.488904+00:00
SOFR,2023-10-17,5.31,2026-08-05,2026-08-05,2026-08-05T08:58:54.488904+00:00
SOFR,2023-10-18,5.3,2026-08-05,2026-08-05,2026-08-05T08:58:54.488904+00:00
SOFR,2023-10-19,5.3,2026-08-05,2026-08-05,2026-08-05T08:58:54.488904+00:00
SOFR,2023-10-20,5.3,2026-08-05,2026-08-05,2026-08-05T08:58:54.488904+00:00
SOFR,2023-10-23,5.3,2026-08-05,2026-08-05,2026-08-05T08:58:54.488904+00:00
SOFR,2023-10-24,5.3,2026-08-05,2026-08-05,2026-08-05T08:58:54.488904+00:00
SOFR,2023-10-25,5.3,2026-08-05,2026-08-05,2026-08-05T08:58:54.488904+00:00
SOFR,2023-10-26,5.31,2026-08-05,2026-08-05,2026-08-05T08:58:54.488904+00:00
SOFR,2023-10-27,5.31,2026-08-05,2026-08-05,2026-08-05T08:58:54.488904+00:00
SOFR,2023-10-30,5.31,2026-08-05,2026-08-05,2026-08-05T08:58:54.488904+00:00
SOFR,2023-10-31,5.35,2026-08-05,2026-08-05,2026-08-05T08:58:54.488904+00:00
SOFR,2023-11-01,5.32,2026-08-05,2026-08-05,2026-08-05T08:58:54.488904+00:00
SOFR,2023-11-02,5.33,2026-08-05,2026-08-05,2026-08-05T08:58:54.488904+00:00
SOFR,2023-11-03,5.32,2026-08-05,2026-08-05,2026-08-05T08:58:54.488904+00:00
SOFR,2023-11-06,5.32,2026-08-05,2026-08-05,2026-08-05T08:58:54.488904+00:00
SOFR,2023-11-07,5.32,2026-08-05,2026-08-05,2026-08-05T08:58:54.488904+00:00
SOFR,2023-11-08,5.32,2026-08-05,2026-08-05,2026-08-05T08:58:54.488904+00:00
SOFR,2023-11-09,5.32,2026-08-05,2026-08-05,2026-08-05T08:58:54.488904+00:00
SOFR,2023-11-10,5.32,2026-08-05,2026-08-05,2026-08-05T08:58:54.488904+00:00
SOFR,2023-11-13,5.32,2026-08-05,2026-08-05,2026-08-05T08:58:54.488904+00:00
SOFR,2023-11-14,5.32,2026-08-05,2026-08-05,2026-08-05T08:58:54.488904+00:00
SOFR,2023-11-15,5.32,2026-08-05,2026-08-05,2026-08-05T08:58:54.488904+00:00
SOFR,2023-11-16,5.32,2026-08-05,2026-08-05,2026-08-05T08:58:54.488904+00:00
SOFR,2023-11-17,5.32,2026-08-05,2026-08-05,2026-08-05T08:58:54.488904+00:00
SOFR,2023-11-20,5.31,2026-08-05,2026-08-05,2026-08-05T08:58:54.488904+00:00
SOFR,2023-11-21,5.31,2026-08-05,2026-08-05,2026-08-05T08:58:54.488904+00:00
SOFR,2023-11-22,5.31,2026-08-05,2026-08-05,2026-08-05T08:58:54.488904+00:00
SOFR,2023-11-23,.,2026-08-05,2026-08-05,2026-08-05T08:58:54.488904+00:00
SOFR,2023-11-24,5.32,2026-08-05,2026-08-05,2026-08-05T08:58:54.488904+00:00
SOFR,2023-11-27,5.32,2026-08-05,2026-08-05,2026-08-05T08:58:54.488904+00:00
SOFR,2023-11-28,5.32,2026-08-05,2026-08-05,2026-08-05T08:58:54.488904+00:00
SOFR,2023-11-29,5.31,2026-08-05,2026-08-05,2026-08-05T08:58:54.488904+00:00
SOFR,2023-11-30,5.33,2026-08-05,2026-08-05,2026-08-05T08:58:54.488904+00:00
SOFR,2023-12-01,5.39,2026-08-05,2026-08-05,2026-08-05T08:58:54.488904+00:00
SOFR,2023-12-04,5.37,2026-08-05,2026-08-05,2026-08-05T08:58:54.488904+00:00
SOFR,2023-12-05,5.33,2026-08-05,2026-08-05,2026-08-05T08:58:54.488904+00:00
SOFR,2023-12-06,5.32,2026-08-05,2026-08-05,2026-08-05T08:58:54.488904+00:00
SOFR,2023-12-07,5.32,2026-08-05,2026-08-05,2026-08-05T08:58:54.488904+00:00
SOFR,2023-12-08,5.32,2026-08-05,2026-08-05,2026-08-05T08:58:54.488904+00:00
SOFR,2023-12-11,5.32,2026-08-05,2026-08-05,2026-08-05T08:58:54.488904+00:00
SOFR,2023-12-12,5.31,2026-08-05,2026-08-05,2026-08-05T08:58:54.488904+00:00
SOFR,2023-12-13,5.31,2026-08-05,2026-08-05,2026-08-05T08:58:54.488904+00:00
SOFR,2023-12-14,5.31,2026-08-05,2026-08-05,2026-08-05T08:58:54.488904+00:00
SOFR,2023-12-15,5.32,2026-08-05,2026-08-05,2026-08-05T08:58:54.488904+00:00
SOFR,2023-12-18,5.32,2026-08-05,2026-08-05,2026-08-05T08:58:54.488904+00:00
SOFR,2023-12-19,5.31,2026-08-05,2026-08-05,2026-08-05T08:58:54.488904+00:00
SOFR,2023-12-20,5.31,2026-08-05,2026-08-05,2026-08-05T08:58:54.488904+00:00
SOFR,2023-12-21,5.31,2026-08-05,2026-08-05,2026-08-05T08:58:54.488904+00:00
SOFR,2023-12-22,5.32,2026-08-05,2026-08-05,2026-08-05T08:58:54.488904+00:00
SOFR,2023-12-25,.,2026-08-05,2026-08-05,2026-08-05T08:58:54.488904+00:00
SOFR,2023-12-26,5.35,2026-08-05,2026-08-05,2026-08-05T08:58:54.488904+00:00
SOFR,2023-12-27,5.39,2026-08-05,2026-08-05,2026-08-05T08:58:54.488904+00:00
SOFR,2023-12-28,5.4,2026-08-05,2026-08-05,2026-08-05T08:58:54.488904+00:00
SOFR,2023-12-29,5.38,2026-08-05,2026-08-05,2026-08-05T08:58:54.488904+00:00
SOFR,2024-01-01,.,2026-08-05,2026-08-05,2026-08-05T08:58:54.488904+00:00
SOFR,2024-01-02,5.4,2026-08-05,2026-08-05,2026-08-05T08:58:54.488904+00:00
SOFR,2024-01-03,5.39,2026-08-05,2026-08-05,2026-08-05T08:58:54.488904+00:00
SOFR,2024-01-04,5.32,2026-08-05,2026-08-05,2026-08-05T08:58:54.488904+00:00
SOFR,2024-01-05,5.31,2026-08-05,2026-08-05,2026-08-05T08:58:54.488904+00:00
SOFR,2024-01-08,5.31,2026-08-05,2026-08-05,2026-08-05T08:58:54.488904+00:00
SOFR,2024-01-09,5.31,2026-08-05,2026-08-05,2026-08-05T08:58:54.488904+00:00
SOFR,2024-01-10,5.31,2026-08-05,2026-08-05,2026-08-05T08:58:54.488904+00:00
SOFR,2024-01-11,5.31,2026-08-05,2026-08-05,2026-08-05T08:58:54.488904+00:00
SOFR,2024-01-12,5.31,2026-08-05,2026-08-05,2026-08-05T08:58:54.488904+00:00
SOFR,2024-01-15,.,2026-08-05,2026-08-05,2026-08-05T08:58:54.488904+00:00
SOFR,2024-01-16,5.32,2026-08-05,2026-08-05,2026-08-05T08:58:54.488904+00:00
SOFR,2024-01-17,5.32,2026-08-05,2026-08-05,2026-08-05T08:58:54.488904+00:00
SOFR,2024-01-18,5.31,2026-08-05,2026-08-05,2026-08-05T08:58:54.488904+00:00
SOFR,2024-01-19,5.31,2026-08-05,2026-08-05,2026-08-05T08:58:54.488904+00:00
SOFR,2024-01-22,5.31,2026-08-05,2026-08-05,2026-08-05T08:58:54.488904+00:00
SOFR,2024-01-23,5.31,2026-08-05,2026-08-05,2026-08-05T08:58:54.488904+00:00
SOFR,2024-01-24,5.31,2026-08-05,2026-08-05,2026-08-05T08:58:54.488904+00:00
SOFR,2024-01-25,5.32,2026-08-05,2026-08-05,2026-08-05T08:58:54.488904+00:00
SOFR,2024-01-26,5.32,2026-08-05,2026-08-05,2026-08-05T08:58:54.488904+00:00
SOFR,2024-01-29,5.31,2026-08-05,2026-08-05,2026-08-05T08:58:54.488904+00:00
SOFR,2024-01-30,5.31,2026-08-05,2026-08-05,2026-08-05T08:58:54.488904+00:00
SOFR,2024-01-31,5.32,2026-08-05,2026-08-05,2026-08-05T08:58:54.488904+00:00
SOFR,2024-02-01,5.32,2026-08-05,2026-08-05,2026-08-05T08:58:54.488904+00:00
SOFR,2024-02-02,5.32,2026-08-05,2026-08-05,2026-08-05T08:58:54.488904+00:00
SOFR,2024-02-05,5.31,2026-08-05,2026-08-05,2026-08-05T08:58:54.488904+00:00
SOFR,2024-02-06,5.31,2026-08-05,2026-08-05,2026-08-05T08:58:54.488904+00:00
SOFR,2024-02-07,5.31,2026-08-05,2026-08-05,2026-08-05T08:58:54.488904+00:00
SOFR,2024-02-08,5.31,2026-08-05,2026-08-05,2026-08-05T08:58:54.488904+00:00
SOFR,2024-02-09,5.31,2026-08-05,2026-08-05,2026-08-05T08:58:54.488904+00:00
SOFR,2024-02-12,5.31,2026-08-05,2026-08-05,2026-08-05T08:58:54.488904+00:00
SOFR,2024-02-13,5.31,2026-08-05,2026-08-05,2026-08-05T08:58:54.488904+00:00
SOFR,2024-02-14,5.3,2026-08-05,2026-08-05,2026-08-05T08:58:54.488904+00:00
SOFR,2024-02-15,5.31,2026-08-05,2026-08-05,2026-08-05T08:58:54.488904+00:00
SOFR,2024-02-16,5.3,2026-08-05,2026-08-05,2026-08-05T08:58:54.488904+00:00
SOFR,2024-02-19,.,2026-08-05,2026-08-05,2026-08-05T08:58:54.488904+00:00
SOFR,2024-02-20,5.3,2026-08-05,2026-08-05,2026-08-05T08:58:54.488904+00:00
SOFR,2024-02-21,5.3,2026-08-05,2026-08-05,2026-08-05T08:58:54.488904+00:00
SOFR,2024-02-22,5.3,2026-08-05,2026-08-05,2026-08-05T08:58:54.488904+00:00
SOFR,2024-02-23,5.31,2026-08-05,2026-08-05,2026-08-05T08:58:54.488904+00:00
SOFR,2024-02-26,5.31,2026-08-05,2026-08-05,2026-08-05T08:58:54.488904+00:00
SOFR,2024-02-27,5.31,2026-08-05,2026-08-05,2026-08-05T08:58:54.488904+00:00
SOFR,2024-02-28,5.31,2026-08-05,2026-08-05,2026-08-05T08:58:54.488904+00:00
SOFR,2024-02-29,5.32,2026-08-05,2026-08-05,2026-08-05T08:58:54.488904+00:00
SOFR,2024-03-01,5.31,2026-08-05,2026-08-05,2026-08-05T08:58:54.488904+00:00
SOFR,2024-03-04,5.31,2026-08-05,2026-08-05,2026-08-05T08:58:54.488904+00:00
SOFR,2024-03-05,5.31,2026-08-05,2026-08-05,2026-08-05T08:58:54.488904+00:00
SOFR,2024-03-06,5.31,2026-08-05,2026-08-05,2026-08-05T08:58:54.488904+00:00
SOFR,2024-03-07,5.31,2026-08-05,2026-08-05,2026-08-05T08:58:54.488904+00:00
SOFR,2024-03-08,5.31,2026-08-05,2026-08-05,2026-08-05T08:58:54.488904+00:00
SOFR,2024-03-11,5.31,2026-08-05,2026-08-05,2026-08-05T08:58:54.488904+00:00
SOFR,2024-03-12,5.31,2026-08-05,2026-08-05,2026-08-05T08:58:54.488904+00:00
SOFR,2024-03-13,5.31,2026-08-05,2026-08-05,2026-08-05T08:58:54.488904+00:00
SOFR,2024-03-14,5.31,2026-08-05,2026-08-05,2026-08-05T08:58:54.488904+00:00
SOFR,2024-03-15,5.31,2026-08-05,2026-08-05,2026-08-05T08:58:54.488904+00:00
SOFR,2024-03-18,5.31,2026-08-05,2026-08-05,2026-08-05T08:58:54.488904+00:00
SOFR,2024-03-19,5.31,2026-08-05,2026-08-05,2026-08-05T08:58:54.488904+00:00
SOFR,2024-03-20,5.31,2026-08-05,2026-08-05,2026-08-05T08:58:54.488904+00:00
SOFR,2024-03-21,5.31,2026-08-05,2026-08-05,2026-08-05T08:58:54.488904+00:00
SOFR,2024-03-22,5.31,2026-08-05,2026-08-05,2026-08-05T08:58:54.488904+00:00
SOFR,2024-03-25,5.31,2026-08-05,2026-08-05,2026-08-05T08:58:54.488904+00:00
SOFR,2024-03-26,5.32,2026-08-05,2026-08-05,2026-08-05T08:58:54.488904+00:00
SOFR,2024-03-27,5.33,2026-08-05,2026-08-05,2026-08-05T08:58:54.488904+00:00
SOFR,2024-03-28,5.34,2026-08-05,2026-08-05,2026-08-05T08:58:54.488904+00:00
SOFR,2024-03-29,.,2026-08-05,2026-08-05,2026-08-05T08:58:54.488904+00:00
SOFR,2024-04-01,5.35,2026-08-05,2026-08-05,2026-08-05T08:58:54.488904+00:00
SOFR,2024-04-02,5.34,2026-08-05,2026-08-05,2026-08-05T08:58:54.488904+00:00
SOFR,2024-04-03,5.32,2026-08-05,2026-08-05,2026-08-05T08:58:54.488904+00:00
SOFR,2024-04-04,5.32,2026-08-05,2026-08-05,2026-08-05T08:58:54.488904+00:00
SOFR,2024-04-05,5.32,2026-08-05,2026-08-05,2026-08-05T08:58:54.488904+00:00
SOFR,2024-04-08,5.31,2026-08-05,2026-08-05,2026-08-05T08:58:54.488904+00:00
SOFR,2024-04-09,5.31,2026-08-05,2026-08-05,2026-08-05T08:58:54.488904+00:00
SOFR,2024-04-10,5.31,2026-08-05,2026-08-05,2026-08-05T08:58:54.488904+00:00
SOFR,2024-04-11,5.31,2026-08-05,2026-08-05,2026-08-05T08:58:54.488904+00:00
SOFR,2024-04-12,5.31,2026-08-05,2026-08-05,2026-08-05T08:58:54.488904+00:00
SOFR,2024-04-15,5.32,2026-08-05,2026-08-05,2026-08-05T08:58:54.488904+00:00
SOFR,2024-04-16,5.31,2026-08-05,2026-08-05,2026-08-05T08:58:54.488904+00:00
SOFR,2024-04-17,5.31,2026-08-05,2026-08-05,2026-08-05T08:58:54.488904+00:00
SOFR,2024-04-18,5.3,2026-08-05,2026-08-05,2026-08-05T08:58:54.488904+00:00
SOFR,2024-04-19,5.31,2026-08-05,2026-08-05,2026-08-05T08:58:54.488904+00:00
SOFR,2024-04-22,5.31,2026-08-05,2026-08-05,2026-08-05T08:58:54.488904+00:00
SOFR,2024-04-23,5.31,2026-08-05,2026-08-05,2026-08-05T08:58:54.488904+00:00
SOFR,2024-04-24,5.31,2026-08-05,2026-08-05,2026-08-05T08:58:54.488904+00:00
SOFR,2024-04-25,5.31,2026-08-05,2026-08-05,2026-08-05T08:58:54.488904+00:00
SOFR,2024-04-26,5.32,2026-08-05,2026-08-05,2026-08-05T08:58:54.488904+00:00
SOFR,2024-04-29,5.32,2026-08-05,2026-08-05,2026-08-05T08:58:54.488904+00:00
SOFR,2024-04-30,5.34,2026-08-05,2026-08-05,2026-08-05T08:58:54.488904+00:00
SOFR,2024-05-01,5.32,2026-08-05,2026-08-05,2026-08-05T08:58:54.488904+00:00
SOFR,2024-05-02,5.31,2026-08-05,2026-08-05,2026-08-05T08:58:54.488904+00:00
SOFR,2024-05-03,5.31,2026-08-05,2026-08-05,2026-08-05T08:58:54.488904+00:00
SOFR,2024-05-06,5.31,2026-08-05,2026-08-05,2026-08-05T08:58:54.488904+00:00
SOFR,2024-05-07,5.31,2026-08-05,2026-08-05,2026-08-05T08:58:54.488904+00:00
SOFR,2024-05-08,5.31,2026-08-05,2026-08-05,2026-08-05T08:58:54.488904+00:00
SOFR,2024-05-09,5.31,2026-08-05,2026-08-05,2026-08-05T08:58:54.488904+00:00
SOFR,2024-05-10,5.31,2026-08-05,2026-08-05,2026-08-05T08:58:54.488904+00:00
SOFR,2024-05-13,5.31,2026-08-05,2026-08-05,2026-08-05T08:58:54.488904+00:00
SOFR,2024-05-14,5.31,2026-08-05,2026-08-05,2026-08-05T08:58:54.488904+00:00
SOFR,2024-05-15,5.31,2026-08-05,2026-08-05,2026-08-05T08:58:54.488904+00:00
SOFR,2024-05-16,5.31,2026-08-05,2026-08-05,2026-08-05T08:58:54.488904+00:00
SOFR,2024-05-17,5.31,2026-08-05,2026-08-05,2026-08-05T08:58:54.488904+00:00
SOFR,2024-05-20,5.31,2026-08-05,2026-08-05,2026-08-05T08:58:54.488904+00:00
SOFR,2024-05-21,5.31,2026-08-05,2026-08-05,2026-08-05T08:58:54.488904+00:00
SOFR,2024-05-22,5.31,2026-08-05,2026-08-05,2026-08-05T08:58:54.488904+00:00
SOFR,2024-05-23,5.31,2026-08-05,2026-08-05,2026-08-05T08:58:54.488904+00:00
SOFR,2024-05-24,5.32,2026-08-05,2026-08-05,2026-08-05T08:58:54.488904+00:00
SOFR,2024-05-27,.,2026-08-05,2026-08-05,2026-08-05T08:58:54.488904+00:00
SOFR,2024-05-28,5.32,2026-08-05,2026-08-05,2026-08-05T08:58:54.488904+00:00
SOFR,2024-05-29,5.33,2026-08-05,2026-08-05,2026-08-05T08:58:54.488904+00:00
SOFR,2024-05-30,5.33,2026-08-05,2026-08-05,2026-08-05T08:58:54.488904+00:00
SOFR,2024-05-31,5.34,2026-08-05,2026-08-05,2026-08-05T08:58:54.488904+00:00
SOFR,2024-06-03,5.35,2026-08-05,2026-08-05,2026-08-05T08:58:54.488904+00:00
SOFR,2024-06-04,5.33,2026-08-05,2026-08-05,2026-08-05T08:58:54.488904+00:00
SOFR,2024-06-05,5.33,2026-08-05,2026-08-05,2026-08-05T08:58:54.488904+00:00
SOFR,2024-06-06,5.33,2026-08-05,2026-08-05,2026-08-05T08:58:54.488904+00:00
SOFR,2024-06-07,5.33,2026-08-05,2026-08-05,2026-08-05T08:58:54.488904+00:00
SOFR,2024-06-10,5.32,2026-08-05,2026-08-05,2026-08-05T08:58:54.488904+00:00
SOFR,2024-06-11,5.32,2026-08-05,2026-08-05,2026-08-05T08:58:54.488904+00:00
SOFR,2024-06-12,5.31,2026-08-05,2026-08-05,2026-08-05T08:58:54.488904+00:00
SOFR,2024-06-13,5.31,2026-08-05,2026-08-05,2026-08-05T08:58:54.488904+00:00
SOFR,2024-06-14,5.31,2026-08-05,2026-08-05,2026-08-05T08:58:54.488904+00:00
SOFR,2024-06-17,5.33,2026-08-05,2026-08-05,2026-08-05T08:58:54.488904+00:00
SOFR,2024-06-18,5.33,2026-08-05,2026-08-05,2026-08-05T08:58:54.488904+00:00
SOFR,2024-06-19,.,2026-08-05,2026-08-05,2026-08-05T08:58:54.488904+00:00
SOFR,2024-06-20,5.32,2026-08-05,2026-08-05,2026-08-05T08:58:54.488904+00:00
SOFR,2024-06-21,5.31,2026-08-05,2026-08-05,2026-08-05T08:58:54.488904+00:00
SOFR,2024-06-24,5.31,2026-08-05,2026-08-05,2026-08-05T08:58:54.488904+00:00
SOFR,2024-06-25,5.33,2026-08-05,2026-08-05,2026-08-05T08:58:54.488904+00:00
SOFR,2024-06-26,5.34,2026-08-05,2026-08-05,2026-08-05T08:58:54.488904+00:00
SOFR,2024-06-27,5.34,2026-08-05,2026-08-05,2026-08-05T08:58:54.488904+00:00
SOFR,2024-06-28,5.33,2026-08-05,2026-08-05,2026-08-05T08:58:54.488904+00:00
SOFR,2024-07-01,5.4,2026-08-05,2026-08-05,2026-08-05T08:58:54.488904+00:00
SOFR,2024-07-02,5.35,2026-08-05,2026-08-05,2026-08-05T08:58:54.488904+00:00
SOFR,2024-07-03,5.33,2026-08-05,2026-08-05,2026-08-05T08:58:54.488904+00:00
SOFR,2024-07-04,.,2026-08-05,2026-08-05,2026-08-05T08:58:54.488904+00:00
SOFR,2024-07-05,5.32,2026-08-05,2026-08-05,2026-08-05T08:58:54.488904+00:00
SOFR,2024-07-08,5.32,2026-08-05,2026-08-05,2026-08-05T08:58:54.488904+00:00
SOFR,2024-07-09,5.34,2026-08-05,2026-08-05,2026-08-05T08:58:54.488904+00:00
SOFR,2024-07-10,5.34,2026-08-05,2026-08-05,2026-08-05T08:58:54.488904+00:00
SOFR,2024-07-11,5.34,2026-08-05,2026-08-05,2026-08-05T08:58:54.488904+00:00
SOFR,2024-07-12,5.34,2026-08-05,2026-08-05,2026-08-05T08:58:54.488904+00:00
SOFR,2024-07-15,5.34,2026-08-05,2026-08-05,2026-08-05T08:58:54.488904+00:00
SOFR,2024-07-16,5.35,2026-08-05,2026-08-05,2026-08-05T08:58:54.488904+00:00
SOFR,2024-07-17,5.35,2026-08-05,2026-08-05,2026-08-05T08:58:54.488904+00:00
SOFR,2024-07-18,5.34,2026-08-05,2026-08-05,2026-08-05T08:58:54.488904+00:00
SOFR,2024-07-19,5.34,2026-08-05,2026-08-05,2026-08-05T08:58:54.488904+00:00
SOFR,2024-07-22,5.33,2026-08-05,2026-08-05,2026-08-05T08:58:54.488904+00:00
SOFR,2024-07-23,5.34,2026-08-05,2026-08-05,2026-08-05T08:58:54.488904+00:00
SOFR,2024-07-24,5.34,2026-08-05,2026-08-05,2026-08-05T08:58:54.488904+00:00
SOFR,2024-07-25,5.35,2026-08-05,2026-08-05,2026-08-05T08:58:54.488904+00:00
SOFR,2024-07-26,5.35,2026-08-05,2026-08-05,2026-08-05T08:58:54.488904+00:00
SOFR,2024-07-29,5.33,2026-08-05,2026-08-05,2026-08-05T08:58:54.488904+00:00
SOFR,2024-07-30,5.33,2026-08-05,2026-08-05,2026-08-05T08:58:54.488904+00:00
SOFR,2024-07-31,5.38,2026-08-05,2026-08-05,2026-08-05T08:58:54.488904+00:00
SOFR,2024-08-01,5.35,2026-08-05,2026-08-05,2026-08-05T08:58:54.488904+00:00
SOFR,2024-08-02,5.35,2026-08-05,2026-08-05,2026-08-05T08:58:54.488904+00:00
SOFR,2024-08-05,5.32,2026-08-05,2026-08-05,2026-08-05T08:58:54.488904+00:00
SOFR,2024-08-06,5.33,2026-08-05,2026-08-05,2026-08-05T08:58:54.488904+00:00
SOFR,2024-08-07,5.33,2026-08-05,2026-08-05,2026-08-05T08:58:54.488904+00:00
SOFR,2024-08-08,5.34,2026-08-05,2026-08-05,2026-08-05T08:58:54.488904+00:00
SOFR,2024-08-09,5.34,2026-08-05,2026-08-05,2026-08-05T08:58:54.488904+00:00
SOFR,2024-08-12,5.34,2026-08-05,2026-08-05,2026-08-05T08:58:54.488904+00:00
SOFR,2024-08-13,5.34,2026-08-05,2026-08-05,2026-08-05T08:58:54.488904+00:00
SOFR,2024-08-14,5.33,2026-08-05,2026-08-05,2026-08-05T08:58:54.488904+00:00
SOFR,2024-08-15,5.35,2026-08-05,2026-08-05,2026-08-05T08:58:54.488904+00:00
SOFR,2024-08-16,5.32,2026-08-05,2026-08-05,2026-08-05T08:58:54.488904+00:00
SOFR,2024-08-19,5.32,2026-08-05,2026-08-05,2026-08-05T08:58:54.488904+00:00
SOFR,2024-08-20,5.32,2026-08-05,2026-08-05,2026-08-05T08:58:54.488904+00:00
SOFR,2024-08-21,5.31,2026-08-05,2026-08-05,2026-08-05T08:58:54.488904+00:00
SOFR,2024-08-22,5.31,2026-08-05,2026-08-05,2026-08-05T08:58:54.488904+00:00
SOFR,2024-08-23,5.33,2026-08-05,2026-08-05,2026-08-05T08:58:54.488904+00:00
SOFR,2024-08-26,5.34,2026-08-05,2026-08-05,2026-08-05T08:58:54.488904+00:00
SOFR,2024-08-27,5.35,2026-08-05,2026-08-05,2026-08-05T08:58:54.488904+00:00
SOFR,2024-08-28,5.35,2026-08-05,2026-08-05,2026-08-05T08:58:54.488904+00:00
SOFR,2024-08-29,5.33,2026-08-05,2026-08-05,2026-08-05T08:58:54.488904+00:00
SOFR,2024-08-30,5.32,2026-08-05,2026-08-05,2026-08-05T08:58:54.488904+00:00
SOFR,2024-09-02,.,2026-08-05,2026-08-05,2026-08-05T08:58:54.488904+00:00
SOFR,2024-09-03,5.34,2026-08-05,2026-08-05,2026-08-05T08:58:54.488904+00:00
SOFR,2024-09-04,5.35,2026-08-05,2026-08-05,2026-08-05T08:58:54.488904+00:00
SOFR,2024-09-05,5.35,2026-08-05,2026-08-05,2026-08-05T08:58:54.488904+00:00
SOFR,2024-09-06,5.34,2026-08-05,2026-08-05,2026-08-05T08:58:54.488904+00:00
SOFR,2024-09-09,5.34,2026-08-05,2026-08-05,2026-08-05T08:58:54.488904+00:00
SOFR,2024-09-10,5.33,2026-08-05,2026-08-05,2026-08-05T08:58:54.488904+00:00
SOFR,2024-09-11,5.32,2026-08-05,2026-08-05,2026-08-05T08:58:54.488904+00:00
SOFR,2024-09-12,5.33,2026-08-05,2026-08-05,2026-08-05T08:58:54.488904+00:00
SOFR,2024-09-13,5.33,2026-08-05,2026-08-05,2026-08-05T08:58:54.488904+00:00
SOFR,2024-09-16,5.38,2026-08-05,2026-08-05,2026-08-05T08:58:54.488904+00:00
SOFR,2024-09-17,5.38,2026-08-05,2026-08-05,2026-08-05T08:58:54.488904+00:00
SOFR,2024-09-18,5.33,2026-08-05,2026-08-05,2026-08-05T08:58:54.488904+00:00
SOFR,2024-09-19,4.82,2026-08-05,2026-08-05,2026-08-05T08:58:54.488904+00:00
SOFR,2024-09-20,4.83,2026-08-05,2026-08-05,2026-08-05T08:58:54.488904+00:00
SOFR,2024-09-23,4.83,2026-08-05,2026-08-05,2026-08-05T08:58:54.488904+00:00
SOFR,2024-09-24,4.84,2026-08-05,2026-08-05,2026-08-05T08:58:54.488904+00:00
SOFR,2024-09-25,4.84,2026-08-05,2026-08-05,2026-08-05T08:58:54.488904+00:00
SOFR,2024-09-26,4.83,2026-08-05,2026-08-05,2026-08-05T08:58:54.488904+00:00
SOFR,2024-09-27,4.84,2026-08-05,2026-08-05,2026-08-05T08:58:54.488904+00:00
SOFR,2024-09-30,4.96,2026-08-05,2026-08-05,2026-08-05T08:58:54.488904+00:00
SOFR,2024-10-01,5.05,2026-08-05,2026-08-05,2026-08-05T08:58:54.488904+00:00
SOFR,2024-10-02,4.92,2026-08-05,2026-08-05,2026-08-05T08:58:54.488904+00:00
SOFR,2024-10-03,4.85,2026-08-05,2026-08-05,2026-08-05T08:58:54.488904+00:00
SOFR,2024-10-04,4.83,2026-08-05,2026-08-05,2026-08-05T08:58:54.488904+00:00
SOFR,2024-10-07,4.83,2026-08-05,2026-08-05,2026-08-05T08:58:54.488904+00:00
SOFR,2024-10-08,4.84,2026-08-05,2026-08-05,2026-08-05T08:58:54.488904+00:00
SOFR,2024-10-09,4.83,2026-08-05,2026-08-05,2026-08-05T08:58:54.488904+00:00
SOFR,2024-10-10,4.82,2026-08-05,2026-08-05,2026-08-05T08:58:54.488904+00:00
SOFR,2024-10-11,4.81,2026-08-05,2026-08-05,2026-08-05T08:58:54.488904+00:00
SOFR,2024-10-14,.,2026-08-05,2026-08-05,2026-08-05T08:58:54.488904+00:00
SOFR,2024-10-15,4.86,2026-08-05,2026-08-05,2026-08-05T08:58:54.488904+00:00
SOFR,2024-10-16,4.86,2026-08-05,2026-08-05,2026-08-05T08:58:54.488904+00:00
SOFR,2024-10-17,4.85,2026-08-05,2026-08-05,2026-08-05T08:58:54.488904+00:00
SOFR,2024-10-18,4.84,2026-08-05,2026-08-05,2026-08-05T08:58:54.488904+00:00
SOFR,2024-10-21,4.82,2026-08-05,2026-08-05,2026-08-05T08:58:54.488904+00:00
SOFR,2024-10-22,4.83,2026-08-05,2026-08-05,2026-08-05T08:58:54.488904+00:00
SOFR,2024-10-23,4.83,2026-08-05,2026-08-05,2026-08-05T08:58:54.488904+00:00
SOFR,2024-10-24,4.83,2026-08-05,2026-08-05,2026-08-05T08:58:54.488904+00:00
SOFR,2024-10-25,4.83,2026-08-05,2026-08-05,2026-08-05T08:58:54.488904+00:00
SOFR,2024-10-28,4.82,2026-08-05,2026-08-05,2026-08-05T08:58:54.488904+00:00
SOFR,2024-10-29,4.82,2026-08-05,2026-08-05,2026-08-05T08:58:54.488904+00:00
SOFR,2024-10-30,4.81,2026-08-05,2026-08-05,2026-08-05T08:58:54.488904+00:00
SOFR,2024-10-31,4.9,2026-08-05,2026-08-05,2026-08-05T08:58:54.488904+00:00
SOFR,2024-11-01,4.86,2026-08-05,2026-08-05,2026-08-05T08:58:54.488904+00:00
SOFR,2024-11-04,4.82,2026-08-05,2026-08-05,2026-08-05T08:58:54.488904+00:00
SOFR,2024-11-05,4.82,2026-08-05,2026-08-05,2026-08-05T08:58:54.488904+00:00
SOFR,2024-11-06,4.81,2026-08-05,2026-08-05,2026-08-05T08:58:54.488904+00:00
SOFR,2024-11-07,4.82,2026-08-05,2026-08-05,2026-08-05T08:58:54.488904+00:00
SOFR,2024-11-08,4.6,2026-08-05,2026-08-05,2026-08-05T08:58:54.488904+00:00
SOFR,2024-11-11,.,2026-08-05,2026-08-05,2026-08-05T08:58:54.488904+00:00
SOFR,2024-11-12,4.6,2026-08-05,2026-08-05,2026-08-05T08:58:54.488904+00:00
SOFR,2024-11-13,4.59,2026-08-05,2026-08-05,2026-08-05T08:58:54.488904+00:00
SOFR,2024-11-14,4.58,2026-08-05,2026-08-05,2026-08-05T08:58:54.488904+00:00
SOFR,2024-11-15,4.57,2026-08-05,2026-08-05,2026-08-05T08:58:54.488904+00:00
SOFR,2024-11-18,4.57,2026-08-05,2026-08-05,2026-08-05T08:58:54.488904+00:00
SOFR,2024-11-19,4.57,2026-08-05,2026-08-05,2026-08-05T08:58:54.488904+00:00
SOFR,2024-11-20,4.56,2026-08-05,2026-08-05,2026-08-05T08:58:54.488904+00:00
SOFR,2024-11-21,4.57,2026-08-05,2026-08-05,2026-08-05T08:58:54.488904+00:00
SOFR,2024-11-22,4.57,2026-08-05,2026-08-05,2026-08-05T08:58:54.488904+00:00
SOFR,2024-11-25,4.58,2026-08-05,2026-08-05,2026-08-05T08:58:54.488904+00:00
SOFR,2024-11-26,4.58,2026-08-05,2026-08-05,2026-08-05T08:58:54.488904+00:00
SOFR,2024-11-27,4.57,2026-08-05,2026-08-05,2026-08-05T08:58:54.488904+00:00
SOFR,2024-11-28,.,2026-08-05,2026-08-05,2026-08-05T08:58:54.488904+00:00
SOFR,2024-11-29,4.59,2026-08-05,2026-08-05,2026-08-05T08:58:54.488904+00:00
SOFR,2024-12-02,4.64,2026-08-05,2026-08-05,2026-08-05T08:58:54.488904+00:00
SOFR,2024-12-03,4.64,2026-08-05,2026-08-05,2026-08-05T08:58:54.488904+00:00
SOFR,2024-12-04,4.59,2026-08-05,2026-08-05,2026-08-05T08:58:54.488904+00:00
SOFR,2024-12-05,4.59,2026-08-05,2026-08-05,2026-08-05T08:58:54.488904+00:00
SOFR,2024-12-06,4.6,2026-08-05,2026-08-05,2026-08-05T08:58:54.488904+00:00
SOFR,2024-12-09,4.63,2026-08-05,2026-08-05,2026-08-05T08:58:54.488904+00:00
SOFR,2024-12-10,4.64,2026-08-05,2026-08-05,2026-08-05T08:58:54.488904+00:00
SOFR,2024-12-11,4.62,2026-08-05,2026-08-05,2026-08-05T08:58:54.488904+00:00
SOFR,2024-12-12,4.62,2026-08-05,2026-08-05,2026-08-05T08:58:54.488904+00:00
SOFR,2024-12-13,4.6,2026-08-05,2026-08-05,2026-08-05T08:58:54.488904+00:00
SOFR,2024-12-16,4.65,2026-08-05,2026-08-05,2026-08-05T08:58:54.488904+00:00
SOFR,2024-12-17,4.62,2026-08-05,2026-08-05,2026-08-05T08:58:54.488904+00:00
SOFR,2024-12-18,4.57,2026-08-05,2026-08-05,2026-08-05T08:58:54.488904+00:00
SOFR,2024-12-19,4.3,2026-08-05,2026-08-05,2026-08-05T08:58:54.488904+00:00
SOFR,2024-12-20,4.3,2026-08-05,2026-08-05,2026-08-05T08:58:54.488904+00:00
SOFR,2024-12-23,4.31,2026-08-05,2026-08-05,2026-08-05T08:58:54.488904+00:00
SOFR,2024-12-24,4.4,2026-08-05,2026-08-05,2026-08-05T08:58:54.488904+00:00
SOFR,2024-12-25,.,2026-08-05,2026-08-05,2026-08-05T08:58:54.488904+00:00
SOFR,2024-12-26,4.53,2026-08-05,2026-08-05,2026-08-05T08:58:54.488904+00:00
SOFR,2024-12-27,4.46,2026-08-05,2026-08-05,2026-08-05T08:58:54.488904+00:00
SOFR,2024-12-30,4.37,2026-08-05,2026-08-05,2026-08-05T08:58:54.488904+00:00
SOFR,2024-12-31,4.49,2026-08-05,2026-08-05,2026-08-05T08:58:54.488904+00:00
SOFR,2025-01-01,.,2026-08-05,2026-08-05,2026-08-05T08:58:54.488904+00:00
SOFR,2025-01-02,4.4,2026-08-05,2026-08-05,2026-08-05T08:58:54.488904+00:00
SOFR,2025-01-03,4.31,2026-08-05,2026-08-05,2026-08-05T08:58:54.488904+00:00
SOFR,2025-01-06,4.27,2026-08-05,2026-08-05,2026-08-05T08:58:54.488904+00:00
SOFR,2025-01-07,4.27,2026-08-05,2026-08-05,2026-08-05T08:58:54.488904+00:00
SOFR,2025-01-08,4.29,2026-08-05,2026-08-05,2026-08-05T08:58:54.488904+00:00
SOFR,2025-01-09,4.3,2026-08-05,2026-08-05,2026-08-05T08:58:54.488904+00:00
SOFR,2025-01-10,4.3,2026-08-05,2026-08-05,2026-08-05T08:58:54.488904+00:00
SOFR,2025-01-13,4.29,2026-08-05,2026-08-05,2026-08-05T08:58:54.488904+00:00
SOFR,2025-01-14,4.28,2026-08-05,2026-08-05,2026-08-05T08:58:54.488904+00:00
SOFR,2025-01-15,4.28,2026-08-05,2026-08-05,2026-08-05T08:58:54.488904+00:00
SOFR,2025-01-16,4.29,2026-08-05,2026-08-05,2026-08-05T08:58:54.488904+00:00
SOFR,2025-01-17,4.29,2026-08-05,2026-08-05,2026-08-05T08:58:54.488904+00:00
SOFR,2025-01-20,.,2026-08-05,2026-08-05,2026-08-05T08:58:54.488904+00:00
SOFR,2025-01-21,4.29,2026-08-05,2026-08-05,2026-08-05T08:58:54.488904+00:00
SOFR,2025-01-22,4.3,2026-08-05,2026-08-05,2026-08-05T08:58:54.488904+00:00
SOFR,2025-01-23,4.35,2026-08-05,2026-08-05,2026-08-05T08:58:54.488904+00:00
SOFR,2025-01-24,4.34,2026-08-05,2026-08-05,2026-08-05T08:58:54.488904+00:00
SOFR,2025-01-27,4.34,2026-08-05,2026-08-05,2026-08-05T08:58:54.488904+00:00
SOFR,2025-01-28,4.35,2026-08-05,2026-08-05,2026-08-05T08:58:54.488904+00:00
SOFR,2025-01-29,4.35,2026-08-05,2026-08-05,2026-08-05T08:58:54.488904+00:00
SOFR,2025-01-30,4.36,2026-08-05,2026-08-05,2026-08-05T08:58:54.488904+00:00
SOFR,2025-01-31,4.38,2026-08-05,2026-08-05,2026-08-05T08:58:54.488904+00:00
SOFR,2025-02-03,4.35,2026-08-05,2026-08-05,2026-08-05T08:58:54.488904+00:00
SOFR,2025-02-04,4.33,2026-08-05,2026-08-05,2026-08-05T08:58:54.488904+00:00
SOFR,2025-02-05,4.33,2026-08-05,2026-08-05,2026-08-05T08:58:54.488904+00:00
SOFR,2025-02-06,4.36,2026-08-05,2026-08-05,2026-08-05T08:58:54.488904+00:00
SOFR,2025-02-07,4.35,2026-08-05,2026-08-05,2026-08-05T08:58:54.488904+00:00
SOFR,2025-02-10,4.35,2026-08-05,2026-08-05,2026-08-05T08:58:54.488904+00:00
SOFR,2025-02-11,4.34,2026-08-05,2026-08-05,2026-08-05T08:58:54.488904+00:00
SOFR,2025-02-12,4.32,2026-08-05,2026-08-05,2026-08-05T08:58:54.488904+00:00
SOFR,2025-02-13,4.33,2026-08-05,2026-08-05,2026-08-05T08:58:54.488904+00:00
SOFR,2025-02-14,4.33,2026-08-05,2026-08-05,2026-08-05T08:58:54.488904+00:00
SOFR,2025-02-17,.,2026-08-05,2026-08-05,2026-08-05T08:58:54.488904+00:00
SOFR,2025-02-18,4.37,2026-08-05,2026-08-05,2026-08-05T08:58:54.488904+00:00
SOFR,2025-02-19,4.35,2026-08-05,2026-08-05,2026-08-05T08:58:54.488904+00:00
SOFR,2025-02-20,4.33,2026-08-05,2026-08-05,2026-08-05T08:58:54.488904+00:00
SOFR,2025-02-21,4.34,2026-08-05,2026-08-05,2026-08-05T08:58:54.488904+00:00
SOFR,2025-02-24,4.34,2026-08-05,2026-08-05,2026-08-05T08:58:54.488904+00:00
SOFR,2025-02-25,4.33,2026-08-05,2026-08-05,2026-08-05T08:58:54.488904+00:00
SOFR,2025-02-26,4.33,2026-08-05,2026-08-05,2026-08-05T08:58:54.488904+00:00
SOFR,2025-02-27,4.36,2026-08-05,2026-08-05,2026-08-05T08:58:54.488904+00:00
SOFR,2025-02-28,4.39,2026-08-05,2026-08-05,2026-08-05T08:58:54.488904+00:00
SOFR,2025-03-03,4.33,2026-08-05,2026-08-05,2026-08-05T08:58:54.488904+00:00
SOFR,2025-03-04,4.33,2026-08-05,2026-08-05,2026-08-05T08:58:54.488904+00:00
SOFR,2025-03-05,4.34,2026-08-05,2026-08-05,2026-08-05T08:58:54.488904+00:00
SOFR,2025-03-06,4.35,2026-08-05,2026-08-05,2026-08-05T08:58:54.488904+00:00
SOFR,2025-03-07,4.34,2026-08-05,2026-08-05,2026-08-05T08:58:54.488904+00:00
SOFR,2025-03-10,4.33,2026-08-05,2026-08-05,2026-08-05T08:58:54.488904+00:00
SOFR,2025-03-11,4.32,2026-08-05,2026-08-05,2026-08-05T08:58:54.488904+00:00
SOFR,2025-03-12,4.31,2026-08-05,2026-08-05,2026-08-05T08:58:54.488904+00:00
SOFR,2025-03-13,4.3,2026-08-05,2026-08-05,2026-08-05T08:58:54.488904+00:00
SOFR,2025-03-14,4.3,2026-08-05,2026-08-05,2026-08-05T08:58:54.488904+00:00
SOFR,2025-03-17,4.32,2026-08-05,2026-08-05,2026-08-05T08:58:54.488904+00:00
SOFR,2025-03-18,4.31,2026-08-05,2026-08-05,2026-08-05T08:58:54.488904+00:00
SOFR,2025-03-19,4.29,2026-08-05,2026-08-05,2026-08-05T08:58:54.488904+00:00
SOFR,2025-03-20,4.29,2026-08-05,2026-08-05,2026-08-05T08:58:54.488904+00:00
SOFR,2025-03-21,4.3,2026-08-05,2026-08-05,2026-08-05T08:58:54.488904+00:00
SOFR,2025-03-24,4.31,2026-08-05,2026-08-05,2026-08-05T08:58:54.488904+00:00
SOFR,2025-03-25,4.33,2026-08-05,2026-08-05,2026-08-05T08:58:54.488904+00:00
SOFR,2025-03-26,4.35,2026-08-05,2026-08-05,2026-08-05T08:58:54.488904+00:00
SOFR,2025-03-27,4.36,2026-08-05,2026-08-05,2026-08-05T08:58:54.488904+00:00
SOFR,2025-03-28,4.34,2026-08-05,2026-08-05,2026-08-05T08:58:54.488904+00:00
SOFR,2025-03-31,4.41,2026-08-05,2026-08-05,2026-08-05T08:58:54.488904+00:00
SOFR,2025-04-01,4.39,2026-08-05,2026-08-05,2026-08-05T08:58:54.488904+00:00
SOFR,2025-04-02,4.37,2026-08-05,2026-08-05,2026-08-05T08:58:54.488904+00:00
SOFR,2025-04-03,4.39,2026-08-05,2026-08-05,2026-08-05T08:58:54.488904+00:00
SOFR,2025-04-04,4.35,2026-08-05,2026-08-05,2026-08-05T08:58:54.488904+00:00
SOFR,2025-04-07,4.33,2026-08-05,2026-08-05,2026-08-05T08:58:54.488904+00:00
SOFR,2025-04-08,4.4,2026-08-05,2026-08-05,2026-08-05T08:58:54.488904+00:00
SOFR,2025-04-09,4.42,2026-08-05,2026-08-05,2026-08-05T08:58:54.488904+00:00
SOFR,2025-04-10,4.37,2026-08-05,2026-08-05,2026-08-05T08:58:54.488904+00:00
SOFR,2025-04-11,4.33,2026-08-05,2026-08-05,2026-08-05T08:58:54.488904+00:00
SOFR,2025-04-14,4.33,2026-08-05,2026-08-05,2026-08-05T08:58:54.488904+00:00
SOFR,2025-04-15,4.36,2026-08-05,2026-08-05,2026-08-05T08:58:54.488904+00:00
SOFR,2025-04-16,4.31,2026-08-05,2026-08-05,2026-08-05T08:58:54.488904+00:00
SOFR,2025-04-17,4.32,2026-08-05,2026-08-05,2026-08-05T08:58:54.488904+00:00
SOFR,2025-04-18,.,2026-08-05,2026-08-05,2026-08-05T08:58:54.488904+00:00
SOFR,2025-04-21,4.32,2026-08-05,2026-08-05,2026-08-05T08:58:54.488904+00:00
SOFR,2025-04-22,4.3,2026-08-05,2026-08-05,2026-08-05T08:58:54.488904+00:00
SOFR,2025-04-23,4.28,2026-08-05,2026-08-05,2026-08-05T08:58:54.488904+00:00
SOFR,2025-04-24,4.29,2026-08-05,2026-08-05,2026-08-05T08:58:54.488904+00:00
SOFR,2025-04-25,4.33,2026-08-05,2026-08-05,2026-08-05T08:58:54.488904+00:00
SOFR,2025-04-28,4.36,2026-08-05,2026-08-05,2026-08-05T08:58:54.488904+00:00
SOFR,2025-04-29,4.36,2026-08-05,2026-08-05,2026-08-05T08:58:54.488904+00:00
SOFR,2025-04-30,4.41,2026-08-05,2026-08-05,2026-08-05T08:58:54.488904+00:00
SOFR,2025-05-01,4.39,2026-08-05,2026-08-05,2026-08-05T08:58:54.488904+00:00
SOFR,2025-05-02,4.36,2026-08-05,2026-08-05,2026-08-05T08:58:54.488904+00:00
SOFR,2025-05-05,4.33,2026-08-05,2026-08-05,2026-08-05T08:58:54.488904+00:00
SOFR,2025-05-06,4.32,2026-08-05,2026-08-05,2026-08-05T08:58:54.488904+00:00
SOFR,2025-05-07,4.3,2026-08-05,2026-08-05,2026-08-05T08:58:54.488904+00:00
SOFR,2025-05-08,4.29,2026-08-05,2026-08-05,2026-08-05T08:58:54.488904+00:00
SOFR,2025-05-09,4.28,2026-08-05,2026-08-05,2026-08-05T08:58:54.488904+00:00
SOFR,2025-05-12,4.28,2026-08-05,2026-08-05,2026-08-05T08:58:54.488904+00:00
SOFR,2025-05-13,4.3,2026-08-05,2026-08-05,2026-08-05T08:58:54.488904+00:00
SOFR,2025-05-14,4.29,2026-08-05,2026-08-05,2026-08-05T08:58:54.488904+00:00
SOFR,2025-05-15,4.31,2026-08-05,2026-08-05,2026-08-05T08:58:54.488904+00:00
SOFR,2025-05-16,4.3,2026-08-05,2026-08-05,2026-08-05T08:58:54.488904+00:00
SOFR,2025-05-19,4.29,2026-08-05,2026-08-05,2026-08-05T08:58:54.488904+00:00
SOFR,2025-05-20,4.27,2026-08-05,2026-08-05,2026-08-05T08:58:54.488904+00:00
SOFR,2025-05-21,4.26,2026-08-05,2026-08-05,2026-08-05T08:58:54.488904+00:00
SOFR,2025-05-22,4.26,2026-08-05,2026-08-05,2026-08-05T08:58:54.488904+00:00
SOFR,2025-05-23,4.26,2026-08-05,2026-08-05,2026-08-05T08:58:54.488904+00:00
SOFR,2025-05-26,.,2026-08-05,2026-08-05,2026-08-05T08:58:54.488904+00:00
SOFR,2025-05-27,4.31,2026-08-05,2026-08-05,2026-08-05T08:58:54.488904+00:00
SOFR,2025-05-28,4.33,2026-08-05,2026-08-05,2026-08-05T08:58:54.488904+00:00
SOFR,2025-05-29,4.33,2026-08-05,2026-08-05,2026-08-05T08:58:54.488904+00:00
SOFR,2025-05-30,4.35,2026-08-05,2026-08-05,2026-08-05T08:58:54.488904+00:00
SOFR,2025-06-02,4.35,2026-08-05,2026-08-05,2026-08-05T08:58:54.488904+00:00
SOFR,2025-06-03,4.32,2026-08-05,2026-08-05,2026-08-05T08:58:54.488904+00:00
SOFR,2025-06-04,4.28,2026-08-05,2026-08-05,2026-08-05T08:58:54.488904+00:00
SOFR,2025-06-05,4.29,2026-08-05,2026-08-05,2026-08-05T08:58:54.488904+00:00
SOFR,2025-06-06,4.29,2026-08-05,2026-08-05,2026-08-05T08:58:54.488904+00:00
SOFR,2025-06-09,4.29,2026-08-05,2026-08-05,2026-08-05T08:58:54.488904+00:00
SOFR,2025-06-10,4.28,2026-08-05,2026-08-05,2026-08-05T08:58:54.488904+00:00
SOFR,2025-06-11,4.28,2026-08-05,2026-08-05,2026-08-05T08:58:54.488904+00:00
SOFR,2025-06-12,4.28,2026-08-05,2026-08-05,2026-08-05T08:58:54.488904+00:00
SOFR,2025-06-13,4.28,2026-08-05,2026-08-05,2026-08-05T08:58:54.488904+00:00
SOFR,2025-06-16,4.32,2026-08-05,2026-08-05,2026-08-05T08:58:54.488904+00:00
SOFR,2025-06-17,4.31,2026-08-05,2026-08-05,2026-08-05T08:58:54.488904+00:00
SOFR,2025-06-18,4.28,2026-08-05,2026-08-05,2026-08-05T08:58:54.488904+00:00
SOFR,2025-06-19,.,2026-08-05,2026-08-05,2026-08-05T08:58:54.488904+00:00
SOFR,2025-06-20,4.29,2026-08-05,2026-08-05,2026-08-05T08:58:54.488904+00:00
SOFR,2025-06-23,4.29,2026-08-05,2026-08-05,2026-08-05T08:58:54.488904+00:00
SOFR,2025-06-24,4.3,2026-08-05,2026-08-05,2026-08-05T08:58:54.488904+00:00
SOFR,2025-06-25,4.36,2026-08-05,2026-08-05,2026-08-05T08:58:54.488904+00:00
SOFR,2025-06-26,4.4,2026-08-05,2026-08-05,2026-08-05T08:58:54.488904+00:00
SOFR,2025-06-27,4.39,2026-08-05,2026-08-05,2026-08-05T08:58:54.488904+00:00
SOFR,2025-06-30,4.45,2026-08-05,2026-08-05,2026-08-05T08:58:54.488904+00:00
SOFR,2025-07-01,4.44,2026-08-05,2026-08-05,2026-08-05T08:58:54.488904+00:00
SOFR,2025-07-02,4.4,2026-08-05,2026-08-05,2026-08-05T08:58:54.488904+00:00
SOFR,2025-07-03,4.35,2026-08-05,2026-08-05,2026-08-05T08:58:54.488904+00:00
SOFR,2025-07-04,.,2026-08-05,2026-08-05,2026-08-05T08:58:54.488904+00:00
SOFR,2025-07-07,4.33,2026-08-05,2026-08-05,2026-08-05T08:58:54.488904+00:00
SOFR,2025-07-08,4.34,2026-08-05,2026-08-05,2026-08-05T08:58:54.488904+00:00
SOFR,2025-07-09,4.32,2026-08-05,2026-08-05,2026-08-05T08:58:54.488904+00:00
SOFR,2025-07-10,4.31,2026-08-05,2026-08-05,2026-08-05T08:58:54.488904+00:00
SOFR,2025-07-11,4.31,2026-08-05,2026-08-05,2026-08-05T08:58:54.488904+00:00
SOFR,2025-07-14,4.33,2026-08-05,2026-08-05,2026-08-05T08:58:54.488904+00:00
SOFR,2025-07-15,4.37,2026-08-05,2026-08-05,2026-08-05T08:58:54.488904+00:00
SOFR,2025-07-16,4.34,2026-08-05,2026-08-05,2026-08-05T08:58:54.488904+00:00
SOFR,2025-07-17,4.34,2026-08-05,2026-08-05,2026-08-05T08:58:54.488904+00:00
SOFR,2025-07-18,4.3,2026-08-05,2026-08-05,2026-08-05T08:58:54.488904+00:00
SOFR,2025-07-21,4.28,2026-08-05,2026-08-05,2026-08-05T08:58:54.488904+00:00
SOFR,2025-07-22,4.28,2026-08-05,2026-08-05,2026-08-05T08:58:54.488904+00:00
SOFR,2025-07-23,4.28,2026-08-05,2026-08-05,2026-08-05T08:58:54.488904+00:00
SOFR,2025-07-24,4.3,2026-08-05,2026-08-05,2026-08-05T08:58:54.488904+00:00
SOFR,2025-07-25,4.36,2026-08-05,2026-08-05,2026-08-05T08:58:54.488904+00:00
SOFR,2025-07-28,4.36,2026-08-05,2026-08-05,2026-08-05T08:58:54.488904+00:00
SOFR,2025-07-29,4.36,2026-08-05,2026-08-05,2026-08-05T08:58:54.488904+00:00
SOFR,2025-07-30,4.32,2026-08-05,2026-08-05,2026-08-05T08:58:54.488904+00:00
SOFR,2025-07-31,4.39,2026-08-05,2026-08-05,2026-08-05T08:58:54.488904+00:00
SOFR,2025-08-01,4.34,2026-08-05,2026-08-05,2026-08-05T08:58:54.488904+00:00
SOFR,2025-08-04,4.33,2026-08-05,2026-08-05,2026-08-05T08:58:54.488904+00:00
SOFR,2025-08-05,4.34,2026-08-05,2026-08-05,2026-08-05T08:58:54.488904+00:00
SOFR,2025-08-06,4.34,2026-08-05,2026-08-05,2026-08-05T08:58:54.488904+00:00
SOFR,2025-08-07,4.35,2026-08-05,2026-08-05,2026-08-05T08:58:54.488904+00:00
SOFR,2025-08-08,4.35,2026-08-05,2026-08-05,2026-08-05T08:58:54.488904+00:00
SOFR,2025-08-11,4.34,2026-08-05,2026-08-05,2026-08-05T08:58:54.488904+00:00
SOFR,2025-08-12,4.36,2026-08-05,2026-08-05,2026-08-05T08:58:54.488904+00:00
SOFR,2025-08-13,4.33,2026-08-05,2026-08-05,2026-08-05T08:58:54.488904+00:00
SOFR,2025-08-14,4.34,2026-08-05,2026-08-05,2026-08-05T08:58:54.488904+00:00
SOFR,2025-08-15,4.36,2026-08-05,2026-08-05,2026-08-05T08:58:54.488904+00:00
SOFR,2025-08-18,4.34,2026-08-05,2026-08-05,2026-08-05T08:58:54.488904+00:00
SOFR,2025-08-19,4.33,2026-08-05,2026-08-05,2026-08-05T08:58:54.488904+00:00
SOFR,2025-08-20,4.31,2026-08-05,2026-08-05,2026-08-05T08:58:54.488904+00:00
SOFR,2025-08-21,4.32,2026-08-05,2026-08-05,2026-08-05T08:58:54.488904+00:00
SOFR,2025-08-22,4.36,2026-08-05,2026-08-05,2026-08-05T08:58:54.488904+00:00
SOFR,2025-08-25,4.37,2026-08-05,2026-08-05,2026-08-05T08:58:54.488904+00:00
SOFR,2025-08-26,4.38,2026-08-05,2026-08-05,2026-08-05T08:58:54.488904+00:00
SOFR,2025-08-27,4.36,2026-08-05,2026-08-05,2026-08-05T08:58:54.488904+00:00
SOFR,2025-08-28,4.34,2026-08-05,2026-08-05,2026-08-05T08:58:54.488904+00:00
SOFR,2025-08-29,4.34,2026-08-05,2026-08-05,2026-08-05T08:58:54.488904+00:00
SOFR,2025-09-01,.,2026-08-05,2026-08-05,2026-08-05T08:58:54.488904+00:00
SOFR,2025-09-02,4.39,2026-08-05,2026-08-05,2026-08-05T08:58:54.488904+00:00
SOFR,2025-09-03,4.39,2026-08-05,2026-08-05,2026-08-05T08:58:54.488904+00:00
SOFR,2025-09-04,4.41,2026-08-05,2026-08-05,2026-08-05T08:58:54.488904+00:00
SOFR,2025-09-05,4.42,2026-08-05,2026-08-05,2026-08-05T08:58:54.488904+00:00
SOFR,2025-09-08,4.4,2026-08-05,2026-08-05,2026-08-05T08:58:54.488904+00:00
SOFR,2025-09-09,4.4,2026-08-05,2026-08-05,2026-08-05T08:58:54.488904+00:00
SOFR,2025-09-10,4.39,2026-08-05,2026-08-05,2026-08-05T08:58:54.488904+00:00
SOFR,2025-09-11,4.41,2026-08-05,2026-08-05,2026-08-05T08:58:54.488904+00:00
SOFR,2025-09-12,4.42,2026-08-05,2026-08-05,2026-08-05T08:58:54.488904+00:00
SOFR,2025-09-15,4.51,2026-08-05,2026-08-05,2026-08-05T08:58:54.488904+00:00
SOFR,2025-09-16,4.39,2026-08-05,2026-08-05,2026-08-05T08:58:54.488904+00:00
SOFR,2025-09-17,4.38,2026-08-05,2026-08-05,2026-08-05T08:58:54.488904+00:00
SOFR,2025-09-18,4.14,2026-08-05,2026-08-05,2026-08-05T08:58:54.488904+00:00
SOFR,2025-09-19,4.14,2026-08-05,2026-08-05,2026-08-05T08:58:54.488904+00:00
SOFR,2025-09-22,4.14,2026-08-05,2026-08-05,2026-08-05T08:58:54.488904+00:00
SOFR,2025-09-23,4.12,2026-08-05,2026-08-05,2026-08-05T08:58:54.488904+00:00
SOFR,2025-09-24,4.13,2026-08-05,2026-08-05,2026-08-05T08:58:54.488904+00:00
SOFR,2025-09-25,4.18,2026-08-05,2026-08-05,2026-08-05T08:58:54.488904+00:00
SOFR,2025-09-26,4.16,2026-08-05,2026-08-05,2026-08-05T08:58:54.488904+00:00
SOFR,2025-09-29,4.13,2026-08-05,2026-08-05,2026-08-05T08:58:54.488904+00:00
SOFR,2025-09-30,4.24,2026-08-05,2026-08-05,2026-08-05T08:58:54.488904+00:00
SOFR,2025-10-01,4.2,2026-08-05,2026-08-05,2026-08-05T08:58:54.488904+00:00
SOFR,2025-10-02,4.2,2026-08-05,2026-08-05,2026-08-05T08:58:54.488904+00:00
SOFR,2025-10-03,4.18,2026-08-05,2026-08-05,2026-08-05T08:58:54.488904+00:00
SOFR,2025-10-06,4.15,2026-08-05,2026-08-05,2026-08-05T08:58:54.488904+00:00
SOFR,2025-10-07,4.14,2026-08-05,2026-08-05,2026-08-05T08:58:54.488904+00:00
SOFR,2025-10-08,4.12,2026-08-05,2026-08-05,2026-08-05T08:58:54.488904+00:00
SOFR,2025-10-09,4.13,2026-08-05,2026-08-05,2026-08-05T08:58:54.488904+00:00
SOFR,2025-10-10,4.15,2026-08-05,2026-08-05,2026-08-05T08:58:54.488904+00:00
SOFR,2025-10-13,.,2026-08-05,2026-08-05,2026-08-05T08:58:54.488904+00:00
SOFR,2025-10-14,4.19,2026-08-05,2026-08-05,2026-08-05T08:58:54.488904+00:00
SOFR,2025-10-15,4.29,2026-08-05,2026-08-05,2026-08-05T08:58:54.488904+00:00
SOFR,2025-10-16,4.3,2026-08-05,2026-08-05,2026-08-05T08:58:54.488904+00:00
SOFR,2025-10-17,4.18,2026-08-05,2026-08-05,2026-08-05T08:58:54.488904+00:00
SOFR,2025-10-20,4.16,2026-08-05,2026-08-05,2026-08-05T08:58:54.488904+00:00
SOFR,2025-10-21,4.23,2026-08-05,2026-08-05,2026-08-05T08:58:54.488904+00:00
SOFR,2025-10-22,4.21,2026-08-05,2026-08-05,2026-08-05T08:58:54.488904+00:00
SOFR,2025-10-23,4.24,2026-08-05,2026-08-05,2026-08-05T08:58:54.488904+00:00
SOFR,2025-10-24,4.24,2026-08-05,2026-08-05,2026-08-05T08:58:54.488904+00:00
SOFR,2025-10-27,4.27,2026-08-05,2026-08-05,2026-08-05T08:58:54.488904+00:00
SOFR,2025-10-28,4.31,2026-08-05,2026-08-05,2026-08-05T08:58:54.488904+00:00
SOFR,2025-10-29,4.27,2026-08-05,2026-08-05,2026-08-05T08:58:54.488904+00:00
SOFR,2025-10-30,4.04,2026-08-05,2026-08-05,2026-08-05T08:58:54.488904+00:00
SOFR,2025-10-31,4.22,2026-08-05,2026-08-05,2026-08-05T08:58:54.488904+00:00
SOFR,2025-11-03,4.13,2026-08-05,2026-08-05,2026-08-05T08:58:54.488904+00:00
SOFR,2025-11-04,4.0,2026-08-05,2026-08-05,2026-08-05T08:58:54.488904+00:00
SOFR,2025-11-05,3.91,2026-08-05,2026-08-05,2026-08-05T08:58:54.488904+00:00
SOFR,2025-11-06,3.92,2026-08-05,2026-08-05,2026-08-05T08:58:54.488904+00:00
SOFR,2025-11-07,3.93,2026-08-05,2026-08-05,2026-08-05T08:58:54.488904+00:00
SOFR,2025-11-10,3.95,2026-08-05,2026-08-05,2026-08-05T08:58:54.488904+00:00
SOFR,2025-11-11,.,2026-08-05,2026-08-05,2026-08-05T08:58:54.488904+00:00
SOFR,2025-11-12,3.98,2026-08-05,2026-08-05,2026-08-05T08:58:54.488904+00:00
SOFR,2025-11-13,4.0,2026-08-05,2026-08-05,2026-08-05T08:58:54.488904+00:00
SOFR,2025-11-14,3.95,2026-08-05,2026-08-05,2026-08-05T08:58:54.488904+00:00
SOFR,2025-11-17,4.0,2026-08-05,2026-08-05,2026-08-05T08:58:54.488904+00:00
SOFR,2025-11-18,3.94,2026-08-05,2026-08-05,2026-08-05T08:58:54.488904+00:00
SOFR,2025-11-19,3.91,2026-08-05,2026-08-05,2026-08-05T08:58:54.488904+00:00
SOFR,2025-11-20,3.91,2026-08-05,2026-08-05,2026-08-05T08:58:54.488904+00:00
SOFR,2025-11-21,3.93,2026-08-05,2026-08-05,2026-08-05T08:58:54.488904+00:00
SOFR,2025-11-24,3.96,2026-08-05,2026-08-05,2026-08-05T08:58:54.488904+00:00
SOFR,2025-11-25,4.01,2026-08-05,2026-08-05,2026-08-05T08:58:54.488904+00:00
SOFR,2025-11-26,4.05,2026-08-05,2026-08-05,2026-08-05T08:58:54.488904+00:00
SOFR,2025-11-27,.,2026-08-05,2026-08-05,2026-08-05T08:58:54.488904+00:00
SOFR,2025-11-28,4.12,2026-08-05,2026-08-05,2026-08-05T08:58:54.488904+00:00
SOFR,2025-12-01,4.12,2026-08-05,2026-08-05,2026-08-05T08:58:54.488904+00:00
SOFR,2025-12-02,4.01,2026-08-05,2026-08-05,2026-08-05T08:58:54.488904+00:00
SOFR,2025-12-03,3.95,2026-08-05,2026-08-05,2026-08-05T08:58:54.488904+00:00
SOFR,2025-12-04,3.92,2026-08-05,2026-08-05,2026-08-05T08:58:54.488904+00:00
SOFR,2025-12-05,3.93,2026-08-05,2026-08-05,2026-08-05T08:58:54.488904+00:00
SOFR,2025-12-08,3.95,2026-08-05,2026-08-05,2026-08-05T08:58:54.488904+00:00
SOFR,2025-12-09,3.93,2026-08-05,2026-08-05,2026-08-05T08:58:54.488904+00:00
SOFR,2025-12-10,3.9,2026-08-05,2026-08-05,2026-08-05T08:58:54.488904+00:00
SOFR,2025-12-11,3.66,2026-08-05,2026-08-05,2026-08-05T08:58:54.488904+00:00
SOFR,2025-12-12,3.67,2026-08-05,2026-08-05,2026-08-05T08:58:54.488904+00:00
SOFR,2025-12-15,3.75,2026-08-05,2026-08-05,2026-08-05T08:58:54.488904+00:00
SOFR,2025-12-16,3.69,2026-08-05,2026-08-05,2026-08-05T08:58:54.488904+00:00
SOFR,2025-12-17,3.69,2026-08-05,2026-08-05,2026-08-05T08:58:54.488904+00:00
SOFR,2025-12-18,3.66,2026-08-05,2026-08-05,2026-08-05T08:58:54.488904+00:00
SOFR,2025-12-19,3.66,2026-08-05,2026-08-05,2026-08-05T08:58:54.488904+00:00
SOFR,2025-12-22,3.68,2026-08-05,2026-08-05,2026-08-05T08:58:54.488904+00:00
SOFR,2025-12-23,3.66,2026-08-05,2026-08-05,2026-08-05T08:58:54.488904+00:00
SOFR,2025-12-24,3.66,2026-08-05,2026-08-05,2026-08-05T08:58:54.488904+00:00
SOFR,2025-12-25,.,2026-08-05,2026-08-05,2026-08-05T08:58:54.488904+00:00
SOFR,2025-12-26,3.76,2026-08-05,2026-08-05,2026-08-05T08:58:54.488904+00:00
SOFR,2025-12-29,3.77,2026-08-05,2026-08-05,2026-08-05T08:58:54.488904+00:00
SOFR,2025-12-30,3.71,2026-08-05,2026-08-05,2026-08-05T08:58:54.488904+00:00
SOFR,2025-12-31,3.87,2026-08-05,2026-08-05,2026-08-05T08:58:54.488904+00:00
SOFR,2026-01-01,.,2026-08-05,2026-08-05,2026-08-05T08:58:54.488904+00:00
SOFR,2026-01-02,3.75,2026-08-05,2026-08-05,2026-08-05T08:58:54.488904+00:00
SOFR,2026-01-05,3.7,2026-08-05,2026-08-05,2026-08-05T08:58:54.488904+00:00
SOFR,2026-01-06,3.66,2026-08-05,2026-08-05,2026-08-05T08:58:54.488904+00:00
SOFR,2026-01-07,3.65,2026-08-05,2026-08-05,2026-08-05T08:58:54.488904+00:00
SOFR,2026-01-08,3.64,2026-08-05,2026-08-05,2026-08-05T08:58:54.488904+00:00
SOFR,2026-01-09,3.64,2026-08-05,2026-08-05,2026-08-05T08:58:54.488904+00:00
SOFR,2026-01-12,3.64,2026-08-05,2026-08-05,2026-08-05T08:58:54.488904+00:00
SOFR,2026-01-13,3.65,2026-08-05,2026-08-05,2026-08-05T08:58:54.488904+00:00
SOFR,2026-01-14,3.64,2026-08-05,2026-08-05,2026-08-05T08:58:54.488904+00:00
SOFR,2026-01-15,3.66,2026-08-05,2026-08-05,2026-08-05T08:58:54.488904+00:00
SOFR,2026-01-16,3.65,2026-08-05,2026-08-05,2026-08-05T08:58:54.488904+00:00
SOFR,2026-01-19,.,2026-08-05,2026-08-05,2026-08-05T08:58:54.488904+00:00
SOFR,2026-01-20,3.64,2026-08-05,2026-08-05,2026-08-05T08:58:54.488904+00:00
SOFR,2026-01-21,3.63,2026-08-05,2026-08-05,2026-08-05T08:58:54.488904+00:00
SOFR,2026-01-22,3.64,2026-08-05,2026-08-05,2026-08-05T08:58:54.488904+00:00
SOFR,2026-01-23,3.65,2026-08-05,2026-08-05,2026-08-05T08:58:54.488904+00:00
SOFR,2026-01-26,3.66,2026-08-05,2026-08-05,2026-08-05T08:58:54.488904+00:00
SOFR,2026-01-27,3.66,2026-08-05,2026-08-05,2026-08-05T08:58:54.488904+00:00
SOFR,2026-01-28,3.64,2026-08-05,2026-08-05,2026-08-05T08:58:54.488904+00:00
SOFR,2026-01-29,3.65,2026-08-05,2026-08-05,2026-08-05T08:58:54.488904+00:00
SOFR,2026-01-30,3.68,2026-08-05,2026-08-05,2026-08-05T08:58:54.488904+00:00
SOFR,2026-02-02,3.69,2026-08-05,2026-08-05,2026-08-05T08:58:54.488904+00:00
SOFR,2026-02-03,3.69,2026-08-05,2026-08-05,2026-08-05T08:58:54.488904+00:00
SOFR,2026-02-04,3.65,2026-08-05,2026-08-05,2026-08-05T08:58:54.488904+00:00
SOFR,2026-02-05,3.65,2026-08-05,2026-08-05,2026-08-05T08:58:54.488904+00:00
SOFR,2026-02-06,3.64,2026-08-05,2026-08-05,2026-08-05T08:58:54.488904+00:00
SOFR,2026-02-09,3.63,2026-08-05,2026-08-05,2026-08-05T08:58:54.488904+00:00
SOFR,2026-02-10,3.65,2026-08-05,2026-08-05,2026-08-05T08:58:54.488904+00:00
SOFR,2026-02-11,3.65,2026-08-05,2026-08-05,2026-08-05T08:58:54.488904+00:00
SOFR,2026-02-12,3.65,2026-08-05,2026-08-05,2026-08-05T08:58:54.488904+00:00
SOFR,2026-02-13,3.66,2026-08-05,2026-08-05,2026-08-05T08:58:54.488904+00:00
SOFR,2026-02-16,.,2026-08-05,2026-08-05,2026-08-05T08:58:54.488904+00:00
SOFR,2026-02-17,3.71,2026-08-05,2026-08-05,2026-08-05T08:58:54.488904+00:00
SOFR,2026-02-18,3.73,2026-08-05,2026-08-05,2026-08-05T08:58:54.488904+00:00
SOFR,2026-02-19,3.67,2026-08-05,2026-08-05,2026-08-05T08:58:54.488904+00:00
SOFR,2026-02-20,3.66,2026-08-05,2026-08-05,2026-08-05T08:58:54.488904+00:00
SOFR,2026-02-23,3.66,2026-08-05,2026-08-05,2026-08-05T08:58:54.488904+00:00
SOFR,2026-02-24,3.67,2026-08-05,2026-08-05,2026-08-05T08:58:54.488904+00:00
SOFR,2026-02-25,3.67,2026-08-05,2026-08-05,2026-08-05T08:58:54.488904+00:00
SOFR,2026-02-26,3.67,2026-08-05,2026-08-05,2026-08-05T08:58:54.488904+00:00
SOFR,2026-02-27,3.68,2026-08-05,2026-08-05,2026-08-05T08:58:54.488904+00:00
SOFR,2026-03-02,3.71,2026-08-05,2026-08-05,2026-08-05T08:58:54.488904+00:00
SOFR,2026-03-03,3.7,2026-08-05,2026-08-05,2026-08-05T08:58:54.488904+00:00
SOFR,2026-03-04,3.67,2026-08-05,2026-08-05,2026-08-05T08:58:54.488904+00:00
SOFR,2026-03-05,3.66,2026-08-05,2026-08-05,2026-08-05T08:58:54.488904+00:00
SOFR,2026-03-06,3.65,2026-08-05,2026-08-05,2026-08-05T08:58:54.488904+00:00
SOFR,2026-03-09,3.65,2026-08-05,2026-08-05,2026-08-05T08:58:54.488904+00:00
SOFR,2026-03-10,3.64,2026-08-05,2026-08-05,2026-08-05T08:58:54.488904+00:00
SOFR,2026-03-11,3.64,2026-08-05,2026-08-05,2026-08-05T08:58:54.488904+00:00
SOFR,2026-03-12,3.65,2026-08-05,2026-08-05,2026-08-05T08:58:54.488904+00:00
SOFR,2026-03-13,3.65,2026-08-05,2026-08-05,2026-08-05T08:58:54.488904+00:00
SOFR,2026-03-16,3.7,2026-08-05,2026-08-05,2026-08-05T08:58:54.488904+00:00
SOFR,2026-03-17,3.65,2026-08-05,2026-08-05,2026-08-05T08:58:54.488904+00:00
SOFR,2026-03-18,3.62,2026-08-05,2026-08-05,2026-08-05T08:58:54.488904+00:00
SOFR,2026-03-19,3.62,2026-08-05,2026-08-05,2026-08-05T08:58:54.488904+00:00
SOFR,2026-03-20,3.62,2026-08-05,2026-08-05,2026-08-05T08:58:54.488904+00:00
SOFR,2026-03-23,3.62,2026-08-05,2026-08-05,2026-08-05T08:58:54.488904+00:00
SOFR,2026-03-24,3.63,2026-08-05,2026-08-05,2026-08-05T08:58:54.488904+00:00
SOFR,2026-03-25,3.64,2026-08-05,2026-08-05,2026-08-05T08:58:54.488904+00:00
SOFR,2026-03-26,3.65,2026-08-05,2026-08-05,2026-08-05T08:58:54.488904+00:00
SOFR,2026-03-27,3.63,2026-08-05,2026-08-05,2026-08-05T08:58:54.488904+00:00
SOFR,2026-03-30,3.63,2026-08-05,2026-08-05,2026-08-05T08:58:54.488904+00:00
SOFR,2026-03-31,3.68,2026-08-05,2026-08-05,2026-08-05T08:58:54.488904+00:00
SOFR,2026-04-01,3.65,2026-08-05,2026-08-05,2026-08-05T08:58:54.488904+00:00
SOFR,2026-04-02,3.66,2026-08-05,2026-08-05,2026-08-05T08:58:54.488904+00:00
SOFR,2026-04-03,.,2026-08-05,2026-08-05,2026-08-05T08:58:54.488904+00:00
SOFR,2026-04-06,3.65,2026-08-05,2026-08-05,2026-08-05T08:58:54.488904+00:00
SOFR,2026-04-07,3.62,2026-08-05,2026-08-05,2026-08-05T08:58:54.488904+00:00
SOFR,2026-04-08,3.59,2026-08-05,2026-08-05,2026-08-05T08:58:54.488904+00:00
SOFR,2026-04-09,3.57,2026-08-05,2026-08-05,2026-08-05T08:58:54.488904+00:00
SOFR,2026-04-10,3.61,2026-08-05,2026-08-05,2026-08-05T08:58:54.488904+00:00
SOFR,2026-04-13,3.63,2026-08-05,2026-08-05,2026-08-05T08:58:54.488904+00:00
SOFR,2026-04-14,3.66,2026-08-05,2026-08-05,2026-08-05T08:58:54.488904+00:00
SOFR,2026-04-15,3.72,2026-08-05,2026-08-05,2026-08-05T08:58:54.488904+00:00
SOFR,2026-04-16,3.67,2026-08-05,2026-08-05,2026-08-05T08:58:54.488904+00:00
SOFR,2026-04-17,3.65,2026-08-05,2026-08-05,2026-08-05T08:58:54.488904+00:00
SOFR,2026-04-20,3.63,2026-08-05,2026-08-05,2026-08-05T08:58:54.488904+00:00
SOFR,2026-04-21,3.63,2026-08-05,2026-08-05,2026-08-05T08:58:54.488904+00:00
SOFR,2026-04-22,3.64,2026-08-05,2026-08-05,2026-08-05T08:58:54.488904+00:00
SOFR,2026-04-23,3.65,2026-08-05,2026-08-05,2026-08-05T08:58:54.488904+00:00
SOFR,2026-04-24,3.66,2026-08-05,2026-08-05,2026-08-05T08:58:54.488904+00:00
SOFR,2026-04-27,3.66,2026-08-05,2026-08-05,2026-08-05T08:58:54.488904+00:00
SOFR,2026-04-28,3.64,2026-08-05,2026-08-05,2026-08-05T08:58:54.488904+00:00
SOFR,2026-04-29,3.63,2026-08-05,2026-08-05,2026-08-05T08:58:54.488904+00:00
SOFR,2026-04-30,3.66,2026-08-05,2026-08-05,2026-08-05T08:58:54.488904+00:00
SOFR,2026-05-01,3.64,2026-08-05,2026-08-05,2026-08-05T08:58:54.488904+00:00
SOFR,2026-05-04,3.63,2026-08-05,2026-08-05,2026-08-05T08:58:54.488904+00:00
SOFR,2026-05-05,3.62,2026-08-05,2026-08-05,2026-08-05T08:58:54.488904+00:00
SOFR,2026-05-06,3.61,2026-08-05,2026-08-05,2026-08-05T08:58:54.488904+00:00
SOFR,2026-05-07,3.6,2026-08-05,2026-08-05,2026-08-05T08:58:54.488904+00:00
SOFR,2026-05-08,3.6,2026-08-05,2026-08-05,2026-08-05T08:58:54.488904+00:00
SOFR,2026-05-11,3.6,2026-08-05,2026-08-05,2026-08-05T08:58:54.488904+00:00
SOFR,2026-05-12,3.6,2026-08-05,2026-08-05,2026-08-05T08:58:54.488904+00:00
SOFR,2026-05-13,3.59,2026-08-05,2026-08-05,2026-08-05T08:58:54.488904+00:00
SOFR,2026-05-14,3.56,2026-08-05,2026-08-05,2026-08-05T08:58:54.488904+00:00
SOFR,2026-05-15,3.55,2026-08-05,2026-08-05,2026-08-05T08:58:54.488904+00:00
SOFR,2026-05-18,3.53,2026-08-05,2026-08-05,2026-08-05T08:58:54.488904+00:00
SOFR,2026-05-19,3.51,2026-08-05,2026-08-05,2026-08-05T08:58:54.488904+00:00
SOFR,2026-05-20,3.5,2026-08-05,2026-08-05,2026-08-05T08:58:54.488904+00:00
SOFR,2026-05-21,3.51,2026-08-05,2026-08-05,2026-08-05T08:58:54.488904+00:00
SOFR,2026-05-22,3.55,2026-08-05,2026-08-05,2026-08-05T08:58:54.488904+00:00
SOFR,2026-05-25,.,2026-08-05,2026-08-05,2026-08-05T08:58:54.488904+00:00
SOFR,2026-05-26,3.63,2026-08-05,2026-08-05,2026-08-05T08:58:54.488904+00:00
SOFR,2026-05-27,3.63,2026-08-05,2026-08-05,2026-08-05T08:58:54.488904+00:00
SOFR,2026-05-28,3.62,2026-08-05,2026-08-05,2026-08-05T08:58:54.488904+00:00
SOFR,2026-05-29,3.63,2026-08-05,2026-08-05,2026-08-05T08:58:54.488904+00:00
SOFR,2026-06-01,3.65,2026-08-05,2026-08-05,2026-08-05T08:58:54.488904+00:00
SOFR,2026-06-02,3.63,2026-08-05,2026-08-05,2026-08-05T08:58:54.488904+00:00
SOFR,2026-06-03,3.61,2026-08-05,2026-08-05,2026-08-05T08:58:54.488904+00:00
SOFR,2026-06-04,3.62,2026-08-05,2026-08-05,2026-08-05T08:58:54.488904+00:00
SOFR,2026-06-05,3.63,2026-08-05,2026-08-05,2026-08-05T08:58:54.488904+00:00
SOFR,2026-06-08,3.63,2026-08-05,2026-08-05,2026-08-05T08:58:54.488904+00:00
SOFR,2026-06-09,3.6,2026-08-05,2026-08-05,2026-08-05T08:58:54.488904+00:00
SOFR,2026-06-10,3.59,2026-08-05,2026-08-05,2026-08-05T08:58:54.488904+00:00
SOFR,2026-06-11,3.6,2026-08-05,2026-08-05,2026-08-05T08:58:54.488904+00:00
SOFR,2026-06-12,3.65,2026-08-05,2026-08-05,2026-08-05T08:58:54.488904+00:00
SOFR,2026-06-15,3.69,2026-08-05,2026-08-05,2026-08-05T08:58:54.488904+00:00
SOFR,2026-06-16,3.63,2026-08-05,2026-08-05,2026-08-05T08:58:54.488904+00:00
SOFR,2026-06-17,3.63,2026-08-05,2026-08-05,2026-08-05T08:58:54.488904+00:00
SOFR,2026-06-18,3.62,2026-08-05,2026-08-05,2026-08-05T08:58:54.488904+00:00
SOFR,2026-06-19,.,2026-08-05,2026-08-05,2026-08-05T08:58:54.488904+00:00
SOFR,2026-06-22,3.61,2026-08-05,2026-08-05,2026-08-05T08:58:54.488904+00:00
SOFR,2026-06-23,3.62,2026-08-05,2026-08-05,2026-08-05T08:58:54.488904+00:00
SOFR,2026-06-24,3.62,2026-08-05,2026-08-05,2026-08-05T08:58:54.488904+00:00
SOFR,2026-06-25,3.64,2026-08-05,2026-08-05,2026-08-05T08:58:54.488904+00:00
SOFR,2026-06-26,3.62,2026-08-05,2026-08-05,2026-08-05T08:58:54.488904+00:00
SOFR,2026-06-29,3.62,2026-08-05,2026-08-05,2026-08-05T08:58:54.488904+00:00
SOFR,2026-06-30,3.68,2026-08-05,2026-08-05,2026-08-05T08:58:54.488904+00:00
SOFR,2026-07-01,3.66,2026-08-05,2026-08-05,2026-08-05T08:58:54.488904+00:00
SOFR,2026-07-02,3.64,2026-08-05,2026-08-05,2026-08-05T08:58:54.488904+00:00
SOFR,2026-07-03,.,2026-08-05,2026-08-05,2026-08-05T08:58:54.488904+00:00
SOFR,2026-07-06,3.63,2026-08-05,2026-08-05,2026-08-05T08:58:54.488904+00:00
SOFR,2026-07-07,3.62,2026-08-05,2026-08-05,2026-08-05T08:58:54.488904+00:00
SOFR,2026-07-08,3.58,2026-08-05,2026-08-05,2026-08-05T08:58:54.488904+00:00
SOFR,2026-07-09,3.53,2026-08-05,2026-08-05,2026-08-05T08:58:54.488904+00:00
SOFR,2026-07-10,3.55,2026-08-05,2026-08-05,2026-08-05T08:58:54.488904+00:00
SOFR,2026-07-13,3.6,2026-08-05,2026-08-05,2026-08-05T08:58:54.488904+00:00
SOFR,2026-07-14,3.63,2026-08-05,2026-08-05,2026-08-05T08:58:54.488904+00:00
SOFR,2026-07-15,3.64,2026-08-05,2026-08-05,2026-08-05T08:58:54.488904+00:00
SOFR,2026-07-16,3.62,2026-08-05,2026-08-05,2026-08-05T08:58:54.488904+00:00
SOFR,2026-07-17,3.59,2026-08-05,2026-08-05,2026-08-05T08:58:54.488904+00:00
SOFR,2026-07-20,3.57,2026-08-05,2026-08-05,2026-08-05T08:58:54.488904+00:00
SOFR,2026-07-21,3.61,2026-08-05,2026-08-05,2026-08-05T08:58:54.488904+00:00
SOFR,2026-07-22,3.62,2026-08-05,2026-08-05,2026-08-05T08:58:54.488904+00:00
SOFR,2026-07-23,3.64,2026-08-05,2026-08-05,2026-08-05T08:58:54.488904+00:00
SOFR,2026-07-24,3.64,2026-08-05,2026-08-05,2026-08-05T08:58:54.488904+00:00
SOFR,2026-07-27,3.64,2026-08-05,2026-08-05,2026-08-05T08:58:54.488904+00:00
SOFR,2026-07-28,3.65,2026-08-05,2026-08-05,2026-08-05T08:58:54.488904+00:00
SOFR,2026-07-29,3.65,2026-08-05,2026-08-05,2026-08-05T08:58:54.488904+00:00
SOFR,2026-07-30,3.65,2026-08-05,2026-08-05,2026-08-05T08:58:54.488904+00:00
SOFR,2026-07-31,3.66,2026-08-05,2026-08-05,2026-08-05T08:58:54.488904+00:00
SOFR,2026-08-03,3.65,2026-08-05,2026-08-05,2026-08-05T08:58:54.488904+00:00
CPIAUCSL,2022-08-01,295.620,2022-09-13,2023-02-09,2026-08-05T08:58:54.488904+00:00
CPIAUCSL,2022-08-01,295.320,2023-02-10,2024-02-08,2026-08-05T08:58:54.488904+00:00
CPIAUCSL,2022-08-01,295.209,2024-02-09,2025-02-11,2026-08-05T08:58:54.488904+00:00
CPIAUCSL,2022-08-01,295.162,2025-02-12,2026-02-12,2026-08-05T08:58:54.488904+00:00
CPIAUCSL,2022-08-01,295.097,2026-02-13,9999-12-31,2026-08-05T08:58:54.488904+00:00
CPIAUCSL,2022-09-01,296.761,2022-10-13,2023-02-09,2026-08-05T08:58:54.488904+00:00
CPIAUCSL,2022-09-01,296.539,2023-02-10,2024-02-08,2026-08-05T08:58:54.488904+00:00
CPIAUCSL,2022-09-01,296.341,2024-02-09,2025-02-11,2026-08-05T08:58:54.488904+00:00
CPIAUCSL,2022-09-01,296.421,2025-02-12,2026-02-12,2026-08-05T08:58:54.488904+00:00
CPIAUCSL,2022-09-01,296.349,2026-02-13,9999-12-31,2026-08-05T08:58:54.488904+00:00
CPIAUCSL,2022-10-01,298.062,2022-11-10,2023-02-09,2026-08-05T08:58:54.488904+00:00
CPIAUCSL,2022-10-01,297.987,2023-02-10,2024-02-08,2026-08-05T08:58:54.488904+00:00
CPIAUCSL,2022-10-01,297.863,2024-02-09,2025-02-11,2026-08-05T08:58:54.488904+00:00
CPIAUCSL,2022-10-01,297.979,2025-02-12,2026-02-12,2026-08-05T08:58:54.488904+00:00
CPIAUCSL,2022-10-01,298.007,2026-02-13,9999-12-31,2026-08-05T08:58:54.488904+00:00
CPIAUCSL,2022-11-01,298.349,2022-12-13,2023-02-09,2026-08-05T08:58:54.488904+00:00
CPIAUCSL,2022-11-01,298.598,2023-02-10,2024-02-08,2026-08-05T08:58:54.488904+00:00
CPIAUCSL,2022-11-01,298.648,2024-02-09,2025-02-11,2026-08-05T08:58:54.488904+00:00
CPIAUCSL,2022-11-01,298.708,2025-02-12,2026-02-12,2026-08-05T08:58:54.488904+00:00
CPIAUCSL,2022-11-01,298.786,2026-02-13,9999-12-31,2026-08-05T08:58:54.488904+00:00
CPIAUCSL,2022-12-01,298.112,2023-01-12,2023-02-09,2026-08-05T08:58:54.488904+00:00
CPIAUCSL,2022-12-01,298.990,2023-02-10,2024-02-08,2026-08-05T08:58:54.488904+00:00
CPIAUCSL,2022-12-01,298.812,2024-02-09,2025-02-11,2026-08-05T08:58:54.488904+00:00
CPIAUCSL,2022-12-01,298.808,2025-02-12,2026-02-12,2026-08-05T08:58:54.488904+00:00
CPIAUCSL,2022-12-01,298.832,2026-02-13,9999-12-31,2026-08-05T08:58:54.488904+00:00
CPIAUCSL,2023-01-01,300.536,2023-02-14,2024-02-08,2026-08-05T08:58:54.488904+00:00
CPIAUCSL,2023-01-01,300.356,2024-02-09,2025-02-11,2026-08-05T08:58:54.488904+00:00
CPIAUCSL,2023-01-01,300.456,2025-02-12,2026-02-12,2026-08-05T08:58:54.488904+00:00
CPIAUCSL,2023-01-01,300.420,2026-02-13,9999-12-31,2026-08-05T08:58:54.488904+00:00
CPIAUCSL,2023-02-01,301.648,2023-03-14,2024-02-08,2026-08-05T08:58:54.488904+00:00
CPIAUCSL,2023-02-01,301.509,2024-02-09,2025-02-11,2026-08-05T08:58:54.488904+00:00
CPIAUCSL,2023-02-01,301.476,2025-02-12,2026-02-12,2026-08-05T08:58:54.488904+00:00
CPIAUCSL,2023-02-01,301.450,2026-02-13,9999-12-31,2026-08-05T08:58:54.488904+00:00
CPIAUCSL,2023-03-01,301.808,2023-04-12,2024-02-08,2026-08-05T08:58:54.488904+00:00
CPIAUCSL,2023-03-01,301.744,2024-02-09,2025-02-11,2026-08-05T08:58:54.488904+00:00
CPIAUCSL,2023-03-01,301.643,2025-02-12,2026-02-12,2026-08-05T08:58:54.488904+00:00
CPIAUCSL,2023-03-01,301.821,2026-02-13,9999-12-31,2026-08-05T08:58:54.488904+00:00
CPIAUCSL,2023-04-01,302.918,2023-05-10,2024-02-08,2026-08-05T08:58:54.488904+00:00
CPIAUCSL,2023-04-01,303.032,2024-02-09,2025-02-11,2026-08-05T08:58:54.488904+00:00
CPIAUCSL,2023-04-01,302.858,2025-02-12,2026-02-12,2026-08-05T08:58:54.488904+00:00
CPIAUCSL,2023-04-01,302.845,2026-02-13,9999-12-31,2026-08-05T08:58:54.488904+00:00
CPIAUCSL,2023-05-01,303.294,2023-06-13,2024-02-08,2026-08-05T08:58:54.488904+00:00
CPIAUCSL,2023-05-01,303.365,2024-02-09,2025-02-11,2026-08-05T08:58:54.488904+00:00
CPIAUCSL,2023-05-01,303.316,2025-02-12,2026-02-12,2026-08-05T08:58:54.488904+00:00
CPIAUCSL,2023-05-01,303.334,2026-02-13,9999-12-31,2026-08-05T08:58:54.488904+00:00
CPIAUCSL,2023-06-01,303.841,2023-07-12,2024-02-08,2026-08-05T08:58:54.488904+00:00
CPIAUCSL,2023-06-01,304.003,2024-02-09,2025-02-11,2026-08-05T08:58:54.488904+00:00
CPIAUCSL,2023-06-01,304.099,2025-02-12,2026-02-12,2026-08-05T08:58:54.488904+00:00
CPIAUCSL,2023-06-01,304.014,2026-02-13,9999-12-31,2026-08-05T08:58:54.488904+00:00
CPIAUCSL,2023-07-01,304.348,2023-08-10,2024-02-08,2026-08-05T08:58:54.488904+00:00
CPIAUCSL,2023-07-01,304.628,2024-02-09,2025-02-11,2026-08-05T08:58:54.488904+00:00
CPIAUCSL,2023-07-01,304.615,2025-02-12,2026-02-12,2026-08-05T08:58:54.488904+00:00
CPIAUCSL,2023-07-01,304.609,2026-02-13,9999-12-31,2026-08-05T08:58:54.488904+00:00
CPIAUCSL,2023-08-01,306.269,2023-09-13,2024-02-08,2026-08-05T08:58:54.488904+00:00
CPIAUCSL,2023-08-01,306.187,2024-02-09,2025-02-11,2026-08-05T08:58:54.488904+00:00
CPIAUCSL,2023-08-01,306.138,2025-02-12,2026-02-12,2026-08-05T08:58:54.488904+00:00
CPIAUCSL,2023-08-01,306.082,2026-02-13,9999-12-31,2026-08-05T08:58:54.488904+00:00
CPIAUCSL,2023-09-01,307.481,2023-10-12,2024-02-08,2026-08-05T08:58:54.488904+00:00
CPIAUCSL,2023-09-01,307.288,2024-02-09,2025-02-11,2026-08-05T08:58:54.488904+00:00
CPIAUCSL,2023-09-01,307.374,2025-02-12,2026-02-12,2026-08-05T08:58:54.488904+00:00
CPIAUCSL,2023-09-01,307.276,2026-02-13,9999-12-31,2026-08-05T08:58:54.488904+00:00
CPIAUCSL,2023-10-01,307.619,2023-11-14,2024-02-08,2026-08-05T08:58:54.488904+00:00
CPIAUCSL,2023-10-01,307.531,2024-02-09,2025-02-11,2026-08-05T08:58:54.488904+00:00
CPIAUCSL,2023-10-01,307.653,2025-02-12,2026-02-12,2026-08-05T08:58:54.488904+00:00
CPIAUCSL,2023-10-01,307.696,2026-02-13,9999-12-31,2026-08-05T08:58:54.488904+00:00
CPIAUCSL,2023-11-01,307.917,2023-12-12,2024-02-08,2026-08-05T08:58:54.488904+00:00
CPIAUCSL,2023-11-01,308.024,2024-02-09,2025-02-11,2026-08-05T08:58:54.488904+00:00
CPIAUCSL,2023-11-01,308.087,2025-02-12,2026-02-12,2026-08-05T08:58:54.488904+00:00
CPIAUCSL,2023-11-01,308.148,2026-02-13,9999-12-31,2026-08-05T08:58:54.488904+00:00
CPIAUCSL,2023-12-01,308.850,2024-01-11,2024-02-08,2026-08-05T08:58:54.488904+00:00
CPIAUCSL,2023-12-01,308.742,2024-02-09,2025-02-11,2026-08-05T08:58:54.488904+00:00
CPIAUCSL,2023-12-01,308.735,2025-02-12,2026-02-12,2026-08-05T08:58:54.488904+00:00
CPIAUCSL,2023-12-01,308.741,2026-02-13,9999-12-31,2026-08-05T08:58:54.488904+00:00
CPIAUCSL,2024-01-01,309.685,2024-02-13,2025-02-11,2026-08-05T08:58:54.488904+00:00
CPIAUCSL,2024-01-01,309.794,2025-02-12,2026-02-12,2026-08-05T08:58:54.488904+00:00
CPIAUCSL,2024-01-01,309.698,2026-02-13,9999-12-31,2026-08-05T08:58:54.488904+00:00
CPIAUCSL,2024-02-01,311.054,2024-03-12,2025-02-11,2026-08-05T08:58:54.488904+00:00
CPIAUCSL,2024-02-01,311.022,2025-02-12,2026-02-12,2026-08-05T08:58:54.488904+00:00
CPIAUCSL,2024-02-01,310.967,2026-02-13,9999-12-31,2026-08-05T08:58:54.488904+00:00
CPIAUCSL,2024-03-01,312.230,2024-04-10,2025-02-11,2026-08-05T08:58:54.488904+00:00
CPIAUCSL,2024-03-01,312.107,2025-02-12,2026-02-12,2026-08-05T08:58:54.488904+00:00
CPIAUCSL,2024-03-01,312.345,2026-02-13,9999-12-31,2026-08-05T08:58:54.488904+00:00
CPIAUCSL,2024-04-01,313.207,2024-05-15,2025-02-11,2026-08-05T08:58:54.488904+00:00
CPIAUCSL,2024-04-01,313.016,2025-02-12,2026-02-12,2026-08-05T08:58:54.488904+00:00
CPIAUCSL,2024-04-01,313.023,2026-02-13,9999-12-31,2026-08-05T08:58:54.488904+00:00
CPIAUCSL,2024-05-01,313.225,2024-06-12,2025-02-11,2026-08-05T08:58:54.488904+00:00
CPIAUCSL,2024-05-01,313.140,2025-02-12,2026-02-12,2026-08-05T08:58:54.488904+00:00
CPIAUCSL,2024-05-01,313.175,2026-02-13,9999-12-31,2026-08-05T08:58:54.488904+00:00
CPIAUCSL,2024-06-01,313.049,2024-07-11,2025-02-11,2026-08-05T08:58:54.488904+00:00
CPIAUCSL,2024-06-01,313.131,2025-02-12,2026-02-12,2026-08-05T08:58:54.488904+00:00
CPIAUCSL,2024-06-01,313.044,2026-02-13,9999-12-31,2026-08-05T08:58:54.488904+00:00
CPIAUCSL,2024-07-01,313.534,2024-08-14,2025-02-11,2026-08-05T08:58:54.488904+00:00
CPIAUCSL,2024-07-01,313.566,2025-02-12,2026-02-12,2026-08-05T08:58:54.488904+00:00
CPIAUCSL,2024-07-01,313.569,2026-02-13,9999-12-31,2026-08-05T08:58:54.488904+00:00
CPIAUCSL,2024-08-01,314.121,2024-09-11,2025-02-11,2026-08-05T08:58:54.488904+00:00
CPIAUCSL,2024-08-01,314.131,2025-02-12,2026-02-12,2026-08-05T08:58:54.488904+00:00
CPIAUCSL,2024-08-01,314.062,2026-02-13,9999-12-31,2026-08-05T08:58:54.488904+00:00
CPIAUCSL,2024-09-01,314.686,2024-10-10,2025-02-11,2026-08-05T08:58:54.488904+00:00
CPIAUCSL,2024-09-01,314.851,2025-02-12,2026-02-12,2026-08-05T08:58:54.488904+00:00
CPIAUCSL,2024-09-01,314.732,2026-02-13,9999-12-31,2026-08-05T08:58:54.488904+00:00
CPIAUCSL,2024-10-01,315.454,2024-11-13,2025-02-11,2026-08-05T08:58:54.488904+00:00
CPIAUCSL,2024-10-01,315.564,2025-02-12,2026-02-12,2026-08-05T08:58:54.488904+00:00
CPIAUCSL,2024-10-01,315.631,2026-02-13,9999-12-31,2026-08-05T08:58:54.488904+00:00
CPIAUCSL,2024-11-01,316.441,2024-12-11,2025-02-11,2026-08-05T08:58:54.488904+00:00
CPIAUCSL,2024-11-01,316.449,2025-02-12,2026-02-12,2026-08-05T08:58:54.488904+00:00
CPIAUCSL,2024-11-01,316.528,2026-02-13,9999-12-31,2026-08-05T08:58:54.488904+00:00
CPIAUCSL,2024-12-01,317.685,2025-01-15,2025-02-11,2026-08-05T08:58:54.488904+00:00
CPIAUCSL,2024-12-01,317.603,2025-02-12,2026-02-12,2026-08-05T08:58:54.488904+00:00
CPIAUCSL,2024-12-01,317.604,2026-02-13,9999-12-31,2026-08-05T08:58:54.488904+00:00
CPIAUCSL,2025-01-01,319.086,2025-02-12,2026-02-12,2026-08-05T08:58:54.488904+00:00
CPIAUCSL,2025-01-01,318.961,2026-02-13,9999-12-31,2026-08-05T08:58:54.488904+00:00
CPIAUCSL,2025-02-01,319.775,2025-03-12,2026-02-12,2026-08-05T08:58:54.488904+00:00
CPIAUCSL,2025-02-01,319.679,2026-02-13,9999-12-31,2026-08-05T08:58:54.488904+00:00
CPIAUCSL,2025-03-01,319.615,2025-04-10,2026-02-12,2026-08-05T08:58:54.488904+00:00
CPIAUCSL,2025-03-01,319.785,2026-02-13,9999-12-31,2026-08-05T08:58:54.488904+00:00
CPIAUCSL,2025-04-01,320.321,2025-05-13,2026-02-12,2026-08-05T08:58:54.488904+00:00
CPIAUCSL,2025-04-01,320.302,2026-02-13,9999-12-31,2026-08-05T08:58:54.488904+00:00
CPIAUCSL,2025-05-01,320.580,2025-06-11,2026-02-12,2026-08-05T08:58:54.488904+00:00
CPIAUCSL,2025-05-01,320.620,2026-02-13,9999-12-31,2026-08-05T08:58:54.488904+00:00
CPIAUCSL,2025-06-01,321.500,2025-07-15,2026-02-12,2026-08-05T08:58:54.488904+00:00
CPIAUCSL,2025-06-01,321.435,2026-02-13,9999-12-31,2026-08-05T08:58:54.488904+00:00
CPIAUCSL,2025-07-01,322.132,2025-08-12,2026-02-12,2026-08-05T08:58:54.488904+00:00
CPIAUCSL,2025-07-01,322.169,2026-02-13,9999-12-31,2026-08-05T08:58:54.488904+00:00
CPIAUCSL,2025-08-01,323.364,2025-09-11,2026-02-12,2026-08-05T08:58:54.488904+00:00
CPIAUCSL,2025-08-01,323.291,2026-02-13,9999-12-31,2026-08-05T08:58:54.488904+00:00
CPIAUCSL,2025-09-01,324.368,2025-10-24,2026-02-12,2026-08-05T08:58:54.488904+00:00
CPIAUCSL,2025-09-01,324.245,2026-02-13,9999-12-31,2026-08-05T08:58:54.488904+00:00
CPIAUCSL,2025-10-01,.,2025-12-18,9999-12-31,2026-08-05T08:58:54.488904+00:00
CPIAUCSL,2025-11-01,325.031,2025-12-18,2026-02-12,2026-08-05T08:58:54.488904+00:00
CPIAUCSL,2025-11-01,325.063,2026-02-13,9999-12-31,2026-08-05T08:58:54.488904+00:00
CPIAUCSL,2025-12-01,326.030,2026-01-13,2026-02-12,2026-08-05T08:58:54.488904+00:00
CPIAUCSL,2025-12-01,326.031,2026-02-13,9999-12-31,2026-08-05T08:58:54.488904+00:00
CPIAUCSL,2026-01-01,326.588,2026-02-13,9999-12-31,2026-08-05T08:58:54.488904+00:00
CPIAUCSL,2026-02-01,327.460,2026-03-11,9999-12-31,2026-08-05T08:58:54.488904+00:00
CPIAUCSL,2026-03-01,330.293,2026-04-10,9999-12-31,2026-08-05T08:58:54.488904+00:00
CPIAUCSL,2026-04-01,332.407,2026-05-12,9999-12-31,2026-08-05T08:58:54.488904+00:00
CPIAUCSL,2026-05-01,333.979,2026-06-10,9999-12-31,2026-08-05T08:58:54.488904+00:00
CPIAUCSL,2026-06-01,332.568,2026-07-14,9999-12-31,2026-08-05T08:58:54.488904+00:00
CPILFESL,2022-08-01,296.950,2022-09-13,2023-02-09,2026-08-05T08:58:54.488904+00:00
CPILFESL,2022-08-01,296.639,2023-02-10,2024-02-08,2026-08-05T08:58:54.488904+00:00
CPILFESL,2022-08-01,296.569,2024-02-09,2025-02-11,2026-08-05T08:58:54.488904+00:00
CPILFESL,2022-08-01,296.582,2025-02-12,2026-02-12,2026-08-05T08:58:54.488904+00:00
CPILFESL,2022-08-01,296.535,2026-02-13,9999-12-31,2026-08-05T08:58:54.488904+00:00
CPILFESL,2022-09-01,298.660,2022-10-13,2023-02-09,2026-08-05T08:58:54.488904+00:00
CPILFESL,2022-09-01,298.339,2023-02-10,2024-02-08,2026-08-05T08:58:54.488904+00:00
CPILFESL,2022-09-01,298.284,2024-02-09,2025-02-11,2026-08-05T08:58:54.488904+00:00
CPILFESL,2022-09-01,298.281,2025-02-12,2026-02-12,2026-08-05T08:58:54.488904+00:00
CPILFESL,2022-09-01,298.226,2026-02-13,9999-12-31,2026-08-05T08:58:54.488904+00:00
CPILFESL,2022-10-01,299.471,2022-11-10,2023-02-09,2026-08-05T08:58:54.488904+00:00
CPILFESL,2022-10-01,299.333,2023-02-10,2024-02-08,2026-08-05T08:58:54.488904+00:00
CPILFESL,2022-10-01,299.351,2024-02-09,2025-02-11,2026-08-05T08:58:54.488904+00:00
CPILFESL,2022-10-01,299.381,2025-02-12,2026-02-12,2026-08-05T08:58:54.488904+00:00
CPILFESL,2022-10-01,299.399,2026-02-13,9999-12-31,2026-08-05T08:58:54.488904+00:00
CPILFESL,2022-11-01,300.066,2022-12-13,2023-02-09,2026-08-05T08:58:54.488904+00:00
CPILFESL,2022-11-01,300.261,2023-02-10,2024-02-08,2026-08-05T08:58:54.488904+00:00
CPILFESL,2022-11-01,300.292,2024-02-09,2025-02-11,2026-08-05T08:58:54.488904+00:00
CPILFESL,2022-11-01,300.316,2025-02-12,2026-02-12,2026-08-05T08:58:54.488904+00:00
CPILFESL,2022-11-01,300.325,2026-02-13,9999-12-31,2026-08-05T08:58:54.488904+00:00
CPILFESL,2022-12-01,300.974,2023-01-12,2023-02-09,2026-08-05T08:58:54.488904+00:00
CPILFESL,2022-12-01,301.460,2023-02-10,2024-02-08,2026-08-05T08:58:54.488904+00:00
CPILFESL,2022-12-01,301.423,2024-02-09,2025-02-11,2026-08-05T08:58:54.488904+00:00
CPILFESL,2022-12-01,301.433,2025-02-12,2026-02-12,2026-08-05T08:58:54.488904+00:00
CPILFESL,2022-12-01,301.394,2026-02-13,9999-12-31,2026-08-05T08:58:54.488904+00:00
CPILFESL,2023-01-01,302.702,2023-02-14,2024-02-08,2026-08-05T08:58:54.488904+00:00
CPILFESL,2023-01-01,302.709,2024-02-09,2025-02-11,2026-08-05T08:58:54.488904+00:00
CPILFESL,2023-01-01,302.685,2025-02-12,2026-02-12,2026-08-05T08:58:54.488904+00:00
CPILFESL,2023-01-01,302.642,2026-02-13,9999-12-31,2026-08-05T08:58:54.488904+00:00
CPILFESL,2023-02-01,304.070,2023-03-14,2024-02-08,2026-08-05T08:58:54.488904+00:00
CPILFESL,2023-02-01,304.124,2024-02-09,2025-02-11,2026-08-05T08:58:54.488904+00:00
CPILFESL,2023-02-01,304.097,2025-02-12,2026-02-12,2026-08-05T08:58:54.488904+00:00
CPILFESL,2023-02-01,304.123,2026-02-13,9999-12-31,2026-08-05T08:58:54.488904+00:00
CPILFESL,2023-03-01,305.240,2023-04-12,2024-02-08,2026-08-05T08:58:54.488904+00:00
CPILFESL,2023-03-01,305.112,2024-02-09,2025-02-11,2026-08-05T08:58:54.488904+00:00
CPILFESL,2023-03-01,305.123,2025-02-12,2026-02-12,2026-08-05T08:58:54.488904+00:00
CPILFESL,2023-03-01,305.147,2026-02-13,9999-12-31,2026-08-05T08:58:54.488904+00:00
CPILFESL,2023-04-01,306.489,2023-05-10,2024-02-08,2026-08-05T08:58:54.488904+00:00
CPILFESL,2023-04-01,306.539,2024-02-09,2025-02-11,2026-08-05T08:58:54.488904+00:00
CPILFESL,2023-04-01,306.490,2025-02-12,2026-02-12,2026-08-05T08:58:54.488904+00:00
CPILFESL,2023-04-01,306.534,2026-02-13,9999-12-31,2026-08-05T08:58:54.488904+00:00
CPILFESL,2023-05-01,307.824,2023-06-13,2024-02-08,2026-08-05T08:58:54.488904+00:00
CPILFESL,2023-05-01,307.646,2024-02-09,2025-02-11,2026-08-05T08:58:54.488904+00:00
CPILFESL,2023-05-01,307.623,2025-02-12,2026-02-12,2026-08-05T08:58:54.488904+00:00
CPILFESL,2023-05-01,307.652,2026-02-13,9999-12-31,2026-08-05T08:58:54.488904+00:00
CPILFESL,2023-06-01,308.309,2023-07-12,2024-02-08,2026-08-05T08:58:54.488904+00:00
CPILFESL,2023-06-01,308.245,2024-02-09,2025-02-11,2026-08-05T08:58:54.488904+00:00
CPILFESL,2023-06-01,308.291,2025-02-12,2026-02-12,2026-08-05T08:58:54.488904+00:00
CPILFESL,2023-06-01,308.322,2026-02-13,9999-12-31,2026-08-05T08:58:54.488904+00:00
CPILFESL,2023-07-01,308.801,2023-08-10,2024-02-08,2026-08-05T08:58:54.488904+00:00
CPILFESL,2023-07-01,308.945,2024-02-09,2025-02-11,2026-08-05T08:58:54.488904+00:00
CPILFESL,2023-07-01,308.959,2025-02-12,2026-02-12,2026-08-05T08:58:54.488904+00:00
CPILFESL,2023-07-01,308.960,2026-02-13,9999-12-31,2026-08-05T08:58:54.488904+00:00
CPILFESL,2023-08-01,309.661,2023-09-13,2024-02-08,2026-08-05T08:58:54.488904+00:00
CPILFESL,2023-08-01,309.656,2024-02-09,2025-02-11,2026-08-05T08:58:54.488904+00:00
CPILFESL,2023-08-01,309.646,2025-02-12,2026-02-12,2026-08-05T08:58:54.488904+00:00
CPILFESL,2023-08-01,309.580,2026-02-13,9999-12-31,2026-08-05T08:58:54.488904+00:00
CPILFESL,2023-09-01,310.661,2023-10-12,2024-02-08,2026-08-05T08:58:54.488904+00:00
CPILFESL,2023-09-01,310.644,2024-02-09,2025-02-11,2026-08-05T08:58:54.488904+00:00
CPILFESL,2023-09-01,310.616,2025-02-12,2026-02-12,2026-08-05T08:58:54.488904+00:00
CPILFESL,2023-09-01,310.539,2026-02-13,9999-12-31,2026-08-05T08:58:54.488904+00:00
CPILFESL,2023-10-01,311.365,2023-11-14,2024-02-08,2026-08-05T08:58:54.488904+00:00
CPILFESL,2023-10-01,311.390,2024-02-09,2025-02-11,2026-08-05T08:58:54.488904+00:00
CPILFESL,2023-10-01,311.433,2025-02-12,2026-02-12,2026-08-05T08:58:54.488904+00:00
CPILFESL,2023-10-01,311.457,2026-02-13,9999-12-31,2026-08-05T08:58:54.488904+00:00
CPILFESL,2023-11-01,312.251,2023-12-12,2024-02-08,2026-08-05T08:58:54.488904+00:00
CPILFESL,2023-11-01,312.349,2024-02-09,2025-02-11,2026-08-05T08:58:54.488904+00:00
CPILFESL,2023-11-01,312.373,2025-02-12,2026-02-12,2026-08-05T08:58:54.488904+00:00
CPILFESL,2023-11-01,312.392,2026-02-13,9999-12-31,2026-08-05T08:58:54.488904+00:00
CPILFESL,2023-12-01,313.216,2024-01-11,2024-02-08,2026-08-05T08:58:54.488904+00:00
CPILFESL,2023-12-01,313.209,2024-02-09,2025-02-11,2026-08-05T08:58:54.488904+00:00
CPILFESL,2023-12-01,313.230,2025-02-12,2026-02-12,2026-08-05T08:58:54.488904+00:00
CPILFESL,2023-12-01,313.195,2026-02-13,9999-12-31,2026-08-05T08:58:54.488904+00:00
CPILFESL,2024-01-01,314.438,2024-02-13,2025-02-11,2026-08-05T08:58:54.488904+00:00
CPILFESL,2024-01-01,314.389,2025-02-12,2026-02-12,2026-08-05T08:58:54.488904+00:00
CPILFESL,2024-01-01,314.319,2026-02-13,9999-12-31,2026-08-05T08:58:54.488904+00:00
CPILFESL,2024-02-01,315.565,2024-03-12,2025-02-11,2026-08-05T08:58:54.488904+00:00
CPILFESL,2024-02-01,315.555,2025-02-12,2026-02-12,2026-08-05T08:58:54.488904+00:00
CPILFESL,2024-02-01,315.564,2026-02-13,9999-12-31,2026-08-05T08:58:54.488904+00:00
CPILFESL,2024-03-01,316.698,2024-04-10,2025-02-11,2026-08-05T08:58:54.488904+00:00
CPILFESL,2024-03-01,316.762,2025-02-12,2026-02-12,2026-08-05T08:58:54.488904+00:00
CPILFESL,2024-03-01,316.792,2026-02-13,9999-12-31,2026-08-05T08:58:54.488904+00:00
CPILFESL,2024-04-01,317.622,2024-05-15,2025-02-11,2026-08-05T08:58:54.488904+00:00
CPILFESL,2024-04-01,317.596,2025-02-12,2026-02-12,2026-08-05T08:58:54.488904+00:00
CPILFESL,2024-04-01,317.649,2026-02-13,9999-12-31,2026-08-05T08:58:54.488904+00:00
CPILFESL,2024-05-01,318.140,2024-06-12,2025-02-11,2026-08-05T08:58:54.488904+00:00
CPILFESL,2024-05-01,318.053,2025-02-12,2026-02-12,2026-08-05T08:58:54.488904+00:00
CPILFESL,2024-05-01,318.095,2026-02-13,9999-12-31,2026-08-05T08:58:54.488904+00:00
CPILFESL,2024-06-01,318.346,2024-07-11,2025-02-11,2026-08-05T08:58:54.488904+00:00
CPILFESL,2024-06-01,318.343,2025-02-12,2026-02-12,2026-08-05T08:58:54.488904+00:00
CPILFESL,2024-06-01,318.390,2026-02-13,9999-12-31,2026-08-05T08:58:54.488904+00:00
CPILFESL,2024-07-01,318.872,2024-08-14,2025-02-11,2026-08-05T08:58:54.488904+00:00
CPILFESL,2024-07-01,318.933,2025-02-12,2026-02-12,2026-08-05T08:58:54.488904+00:00
CPILFESL,2024-07-01,318.940,2026-02-13,9999-12-31,2026-08-05T08:58:54.488904+00:00
CPILFESL,2024-08-01,319.768,2024-09-11,2025-02-11,2026-08-05T08:58:54.488904+00:00
CPILFESL,2024-08-01,319.839,2025-02-12,2026-02-12,2026-08-05T08:58:54.488904+00:00
CPILFESL,2024-08-01,319.750,2026-02-13,9999-12-31,2026-08-05T08:58:54.488904+00:00
CPILFESL,2024-09-01,320.767,2024-10-10,2025-02-11,2026-08-05T08:58:54.488904+00:00
CPILFESL,2024-09-01,320.835,2025-02-12,2026-02-12,2026-08-05T08:58:54.488904+00:00
CPILFESL,2024-09-01,320.732,2026-02-13,9999-12-31,2026-08-05T08:58:54.488904+00:00
CPILFESL,2024-10-01,321.666,2024-11-13,2025-02-11,2026-08-05T08:58:54.488904+00:00
CPILFESL,2024-10-01,321.688,2025-02-12,2026-02-12,2026-08-05T08:58:54.488904+00:00
CPILFESL,2024-10-01,321.731,2026-02-13,9999-12-31,2026-08-05T08:58:54.488904+00:00
CPILFESL,2024-11-01,322.657,2024-12-11,2025-02-11,2026-08-05T08:58:54.488904+00:00
CPILFESL,2024-11-01,322.619,2025-02-12,2026-02-12,2026-08-05T08:58:54.488904+00:00
CPILFESL,2024-11-01,322.657,2026-02-13,9999-12-31,2026-08-05T08:58:54.488904+00:00
CPILFESL,2024-12-01,323.383,2025-01-15,2025-02-11,2026-08-05T08:58:54.488904+00:00
CPILFESL,2024-12-01,323.296,2025-02-12,2026-02-12,2026-08-05T08:58:54.488904+00:00
CPILFESL,2024-12-01,323.259,2026-02-13,9999-12-31,2026-08-05T08:58:54.488904+00:00
CPILFESL,2025-01-01,324.739,2025-02-12,2026-02-12,2026-08-05T08:58:54.488904+00:00
CPILFESL,2025-01-01,324.638,2026-02-13,9999-12-31,2026-08-05T08:58:54.488904+00:00
CPILFESL,2025-02-01,325.475,2025-03-12,2026-02-12,2026-08-05T08:58:54.488904+00:00
CPILFESL,2025-02-01,325.465,2026-02-13,9999-12-31,2026-08-05T08:58:54.488904+00:00
CPILFESL,2025-03-01,325.659,2025-04-10,2026-02-12,2026-08-05T08:58:54.488904+00:00
CPILFESL,2025-03-01,325.690,2026-02-13,9999-12-31,2026-08-05T08:58:54.488904+00:00
CPILFESL,2025-04-01,326.430,2025-05-13,2026-02-12,2026-08-05T08:58:54.488904+00:00
CPILFESL,2025-04-01,326.467,2026-02-13,9999-12-31,2026-08-05T08:58:54.488904+00:00
CPILFESL,2025-05-01,326.854,2025-06-11,2026-02-12,2026-08-05T08:58:54.488904+00:00
CPILFESL,2025-05-01,326.893,2026-02-13,9999-12-31,2026-08-05T08:58:54.488904+00:00
CPILFESL,2025-06-01,327.600,2025-07-15,2026-02-12,2026-08-05T08:58:54.488904+00:00
CPILFESL,2025-06-01,327.658,2026-02-13,9999-12-31,2026-08-05T08:58:54.488904+00:00
CPILFESL,2025-07-01,328.656,2025-08-12,2026-02-12,2026-08-05T08:58:54.488904+00:00
CPILFESL,2025-07-01,328.682,2026-02-13,9999-12-31,2026-08-05T08:58:54.488904+00:00
CPILFESL,2025-08-01,329.793,2025-09-11,2026-02-12,2026-08-05T08:58:54.488904+00:00
CPILFESL,2025-08-01,329.700,2026-02-13,9999-12-31,2026-08-05T08:58:54.488904+00:00
CPILFESL,2025-09-01,330.542,2025-10-24,2026-02-12,2026-08-05T08:58:54.488904+00:00
CPILFESL,2025-09-01,330.418,2026-02-13,9999-12-31,2026-08-05T08:58:54.488904+00:00
CPILFESL,2025-10-01,.,2025-12-18,9999-12-31,2026-08-05T08:58:54.488904+00:00
CPILFESL,2025-11-01,331.068,2025-12-18,2026-02-12,2026-08-05T08:58:54.488904+00:00
CPILFESL,2025-11-01,331.043,2026-02-13,9999-12-31,2026-08-05T08:58:54.488904+00:00
CPILFESL,2025-12-01,331.860,2026-01-13,2026-02-12,2026-08-05T08:58:54.488904+00:00
CPILFESL,2025-12-01,331.814,2026-02-13,9999-12-31,2026-08-05T08:58:54.488904+00:00
CPILFESL,2026-01-01,332.793,2026-02-13,9999-12-31,2026-08-05T08:58:54.488904+00:00
CPILFESL,2026-02-01,333.512,2026-03-11,9999-12-31,2026-08-05T08:58:54.488904+00:00
CPILFESL,2026-03-01,334.165,2026-04-10,9999-12-31,2026-08-05T08:58:54.488904+00:00
CPILFESL,2026-04-01,335.423,2026-05-12,9999-12-31,2026-08-05T08:58:54.488904+00:00
CPILFESL,2026-05-01,336.121,2026-06-10,9999-12-31,2026-08-05T08:58:54.488904+00:00
CPILFESL,2026-06-01,336.065,2026-07-14,9999-12-31,2026-08-05T08:58:54.488904+00:00
UNRATE,2022-08-01,3.7,2022-09-02,2024-01-04,2026-08-05T08:58:54.488904+00:00
UNRATE,2022-08-01,3.6,2024-01-05,9999-12-31,2026-08-05T08:58:54.488904+00:00
UNRATE,2022-09-01,3.5,2022-10-07,9999-12-31,2026-08-05T08:58:54.488904+00:00
UNRATE,2022-10-01,3.7,2022-11-04,2024-01-04,2026-08-05T08:58:54.488904+00:00
UNRATE,2022-10-01,3.6,2024-01-05,9999-12-31,2026-08-05T08:58:54.488904+00:00
UNRATE,2022-11-01,3.7,2022-12-02,2023-01-05,2026-08-05T08:58:54.488904+00:00
UNRATE,2022-11-01,3.6,2023-01-06,9999-12-31,2026-08-05T08:58:54.488904+00:00
UNRATE,2022-12-01,3.5,2023-01-06,9999-12-31,2026-08-05T08:58:54.488904+00:00
UNRATE,2023-01-01,3.4,2023-02-03,2025-01-09,2026-08-05T08:58:54.488904+00:00
UNRATE,2023-01-01,3.5,2025-01-10,9999-12-31,2026-08-05T08:58:54.488904+00:00
UNRATE,2023-02-01,3.6,2023-03-10,9999-12-31,2026-08-05T08:58:54.488904+00:00
UNRATE,2023-03-01,3.5,2023-04-07,9999-12-31,2026-08-05T08:58:54.488904+00:00
UNRATE,2023-04-01,3.4,2023-05-05,9999-12-31,2026-08-05T08:58:54.488904+00:00
UNRATE,2023-05-01,3.7,2023-06-02,2025-01-09,2026-08-05T08:58:54.488904+00:00
UNRATE,2023-05-01,3.6,2025-01-10,9999-12-31,2026-08-05T08:58:54.488904+00:00
UNRATE,2023-06-01,3.6,2023-07-07,9999-12-31,2026-08-05T08:58:54.488904+00:00
UNRATE,2023-07-01,3.5,2023-08-04,9999-12-31,2026-08-05T08:58:54.488904+00:00
UNRATE,2023-08-01,3.8,2023-09-01,2025-01-09,2026-08-05T08:58:54.488904+00:00
UNRATE,2023-08-01,3.7,2025-01-10,9999-12-31,2026-08-05T08:58:54.488904+00:00
UNRATE,2023-09-01,3.8,2023-10-06,2026-01-08,2026-08-05T08:58:54.488904+00:00
UNRATE,2023-09-01,3.7,2026-01-09,9999-12-31,2026-08-05T08:58:54.488904+00:00
UNRATE,2023-10-01,3.9,2023-11-03,2024-01-04,2026-08-05T08:58:54.488904+00:00
UNRATE,2023-10-01,3.8,2024-01-05,2025-01-09,2026-08-05T08:58:54.488904+00:00
UNRATE,2023-10-01,3.9,2025-01-10,9999-12-31,2026-08-05T08:58:54.488904+00:00
UNRATE,2023-11-01,3.7,2023-12-08,9999-12-31,2026-08-05T08:58:54.488904+00:00
UNRATE,2023-12-01,3.7,2024-01-05,2025-01-09,2026-08-05T08:58:54.488904+00:00
UNRATE,2023-12-01,3.8,2025-01-10,9999-12-31,2026-08-05T08:58:54.488904+00:00
UNRATE,2024-01-01,3.7,2024-02-02,9999-12-31,2026-08-05T08:58:54.488904+00:00
UNRATE,2024-02-01,3.9,2024-03-08,9999-12-31,2026-08-05T08:58:54.488904+00:00
UNRATE,2024-03-01,3.8,2024-04-05,2025-01-09,2026-08-05T08:58:54.488904+00:00
UNRATE,2024-03-01,3.9,2025-01-10,9999-12-31,2026-08-05T08:58:54.488904+00:00
UNRATE,2024-04-01,3.9,2024-05-03,9999-12-31,2026-08-05T08:58:54.488904+00:00
UNRATE,2024-05-01,4.0,2024-06-07,2026-01-08,2026-08-05T08:58:54.488904+00:00
UNRATE,2024-05-01,3.9,2026-01-09,9999-12-31,2026-08-05T08:58:54.488904+00:00
UNRATE,2024-06-01,4.1,2024-07-05,9999-12-31,2026-08-05T08:58:54.488904+00:00
UNRATE,2024-07-01,4.3,2024-08-02,2025-01-09,2026-08-05T08:58:54.488904+00:00
UNRATE,2024-07-01,4.2,2025-01-10,9999-12-31,2026-08-05T08:58:54.488904+00:00
UNRATE,2024-08-01,4.2,2024-09-06,9999-12-31,2026-08-05T08:58:54.488904+00:00
UNRATE,2024-09-01,4.1,2024-10-04,9999-12-31,2026-08-05T08:58:54.488904+00:00
UNRATE,2024-10-01,4.1,2024-11-01,9999-12-31,2026-08-05T08:58:54.488904+00:00
UNRATE,2024-11-01,4.2,2024-12-06,9999-12-31,2026-08-05T08:58:54.488904+00:00
UNRATE,2024-12-01,4.1,2025-01-10,9999-12-31,2026-08-05T08:58:54.488904+00:00
UNRATE,2025-01-01,4.0,2025-02-07,9999-12-31,2026-08-05T08:58:54.488904+00:00
UNRATE,2025-02-01,4.1,2025-03-07,2026-01-08,2026-08-05T08:58:54.488904+00:00
UNRATE,2025-02-01,4.2,2026-01-09,9999-12-31,2026-08-05T08:58:54.488904+00:00
UNRATE,2025-03-01,4.2,2025-04-04,9999-12-31,2026-08-05T08:58:54.488904+00:00
UNRATE,2025-04-01,4.2,2025-05-02,9999-12-31,2026-08-05T08:58:54.488904+00:00
UNRATE,2025-05-01,4.2,2025-06-06,2026-01-08,2026-08-05T08:58:54.488904+00:00
UNRATE,2025-05-01,4.3,2026-01-09,9999-12-31,2026-08-05T08:58:54.488904+00:00
UNRATE,2025-06-01,4.1,2025-07-03,9999-12-31,2026-08-05T08:58:54.488904+00:00
UNRATE,2025-07-01,4.2,2025-08-01,2026-01-08,2026-08-05T08:58:54.488904+00:00
UNRATE,2025-07-01,4.3,2026-01-09,9999-12-31,2026-08-05T08:58:54.488904+00:00
UNRATE,2025-08-01,4.3,2025-09-05,9999-12-31,2026-08-05T08:58:54.488904+00:00
UNRATE,2025-09-01,4.4,2025-11-20,9999-12-31,2026-08-05T08:58:54.488904+00:00
UNRATE,2025-10-01,.,2025-12-16,9999-12-31,2026-08-05T08:58:54.488904+00:00
UNRATE,2025-11-01,4.6,2025-12-16,2026-01-08,2026-08-05T08:58:54.488904+00:00
UNRATE,2025-11-01,4.5,2026-01-09,9999-12-31,2026-08-05T08:58:54.488904+00:00
UNRATE,2025-12-01,4.4,2026-01-09,9999-12-31,2026-08-05T08:58:54.488904+00:00
UNRATE,2026-01-01,4.3,2026-02-11,9999-12-31,2026-08-05T08:58:54.488904+00:00
UNRATE,2026-02-01,4.4,2026-03-06,9999-12-31,2026-08-05T08:58:54.488904+00:00
UNRATE,2026-03-01,4.3,2026-04-03,9999-12-31,2026-08-05T08:58:54.488904+00:00
UNRATE,2026-04-01,4.3,2026-05-08,9999-12-31,2026-08-05T08:58:54.488904+00:00
UNRATE,2026-05-01,4.3,2026-06-05,9999-12-31,2026-08-05T08:58:54.488904+00:00
UNRATE,2026-06-01,4.2,2026-07-02,9999-12-31,2026-08-05T08:58:54.488904+00:00
PAYEMS,2022-08-01,152744,2022-09-02,2022-10-06,2026-08-05T08:58:54.488904+00:00
PAYEMS,2022-08-01,152755,2022-10-07,2022-11-03,2026-08-05T08:58:54.488904+00:00
PAYEMS,2022-08-01,152732,2022-11-04,2023-02-02,2026-08-05T08:58:54.488904+00:00
PAYEMS,2022-08-01,153332,2023-02-03,2024-02-01,2026-08-05T08:58:54.488904+00:00
PAYEMS,2022-08-01,153281,2024-02-02,2025-02-06,2026-08-05T08:58:54.488904+00:00
PAYEMS,2022-08-01,153286,2025-02-07,2026-02-10,2026-08-05T08:58:54.488904+00:00
PAYEMS,2022-08-01,153362,2026-02-11,9999-12-31,2026-08-05T08:58:54.488904+00:00
PAYEMS,2022-09-01,153018,2022-10-07,2022-11-03,2026-08-05T08:58:54.488904+00:00
PAYEMS,2022-09-01,153047,2022-11-04,2022-12-01,2026-08-05T08:58:54.488904+00:00
PAYEMS,2022-09-01,153001,2022-12-02,2023-02-02,2026-08-05T08:58:54.488904+00:00
PAYEMS,2022-09-01,153682,2023-02-03,2024-02-01,2026-08-05T08:58:54.488904+00:00
PAYEMS,2022-09-01,153536,2024-02-02,2025-02-06,2026-08-05T08:58:54.488904+00:00
PAYEMS,2022-09-01,153513,2025-02-07,2026-02-10,2026-08-05T08:58:54.488904+00:00
PAYEMS,2022-09-01,153582,2026-02-11,9999-12-31,2026-08-05T08:58:54.488904+00:00
PAYEMS,2022-10-01,153308,2022-11-04,2022-12-01,2026-08-05T08:58:54.488904+00:00
PAYEMS,2022-10-01,153285,2022-12-02,2023-01-05,2026-08-05T08:58:54.488904+00:00
PAYEMS,2022-10-01,153264,2023-01-06,2023-02-02,2026-08-05T08:58:54.488904+00:00
PAYEMS,2022-10-01,154006,2023-02-03,2024-02-01,2026-08-05T08:58:54.488904+00:00
PAYEMS,2022-10-01,153897,2024-02-02,2025-02-06,2026-08-05T08:58:54.488904+00:00
PAYEMS,2022-10-01,153913,2025-02-07,2026-02-10,2026-08-05T08:58:54.488904+00:00
PAYEMS,2022-10-01,153939,2026-02-11,9999-12-31,2026-08-05T08:58:54.488904+00:00
PAYEMS,2022-11-01,153548,2022-12-02,2023-01-05,2026-08-05T08:58:54.488904+00:00
PAYEMS,2022-11-01,153520,2023-01-06,2023-02-02,2026-08-05T08:58:54.488904+00:00
PAYEMS,2022-11-01,154296,2023-02-03,2024-02-01,2026-08-05T08:58:54.488904+00:00
PAYEMS,2022-11-01,154155,2024-02-02,2025-02-06,2026-08-05T08:58:54.488904+00:00
PAYEMS,2022-11-01,154210,2025-02-07,2026-02-10,2026-08-05T08:58:54.488904+00:00
PAYEMS,2022-11-01,154242,2026-02-11,9999-12-31,2026-08-05T08:58:54.488904+00:00
PAYEMS,2022-12-01,153743,2023-01-06,2023-02-02,2026-08-05T08:58:54.488904+00:00
PAYEMS,2022-12-01,154556,2023-02-03,2023-03-09,2026-08-05T08:58:54.488904+00:00
PAYEMS,2022-12-01,154535,2023-03-10,2024-02-01,2026-08-05T08:58:54.488904+00:00
PAYEMS,2022-12-01,154291,2024-02-02,2025-02-06,2026-08-05T08:58:54.488904+00:00
PAYEMS,2022-12-01,154336,2025-02-07,2026-02-10,2026-08-05T08:58:54.488904+00:00
PAYEMS,2022-12-01,154342,2026-02-11,9999-12-31,2026-08-05T08:58:54.488904+00:00
PAYEMS,2023-01-01,155073,2023-02-03,2023-03-09,2026-08-05T08:58:54.488904+00:00
PAYEMS,2023-01-01,155039,2023-03-10,2023-04-06,2026-08-05T08:58:54.488904+00:00
PAYEMS,2023-01-01,155007,2023-04-07,2024-02-01,2026-08-05T08:58:54.488904+00:00
PAYEMS,2023-01-01,154773,2024-02-02,2025-02-06,2026-08-05T08:58:54.488904+00:00
PAYEMS,2023-01-01,154780,2025-02-07,2026-02-10,2026-08-05T08:58:54.488904+00:00
PAYEMS,2023-01-01,154776,2026-02-11,9999-12-31,2026-08-05T08:58:54.488904+00:00
PAYEMS,2023-02-01,155350,2023-03-10,2023-04-06,2026-08-05T08:58:54.488904+00:00
PAYEMS,2023-02-01,155333,2023-04-07,2023-05-04,2026-08-05T08:58:54.488904+00:00
PAYEMS,2023-02-01,155255,2023-05-05,2024-02-01,2026-08-05T08:58:54.488904+00:00
PAYEMS,2023-02-01,155060,2024-02-02,2025-02-06,2026-08-05T08:58:54.488904+00:00
PAYEMS,2023-02-01,155086,2025-02-07,2026-02-10,2026-08-05T08:58:54.488904+00:00
PAYEMS,2023-02-01,155066,2026-02-11,9999-12-31,2026-08-05T08:58:54.488904+00:00
PAYEMS,2023-03-01,155569,2023-04-07,2023-05-04,2026-08-05T08:58:54.488904+00:00
PAYEMS,2023-03-01,155420,2023-05-05,2023-06-01,2026-08-05T08:58:54.488904+00:00
PAYEMS,2023-03-01,155472,2023-06-02,2024-02-01,2026-08-05T08:58:54.488904+00:00
PAYEMS,2023-03-01,155206,2024-02-02,2025-02-06,2026-08-05T08:58:54.488904+00:00
PAYEMS,2023-03-01,155171,2025-02-07,2026-02-10,2026-08-05T08:58:54.488904+00:00
PAYEMS,2023-03-01,155134,2026-02-11,9999-12-31,2026-08-05T08:58:54.488904+00:00
PAYEMS,2023-04-01,155673,2023-05-05,2023-06-01,2026-08-05T08:58:54.488904+00:00
PAYEMS,2023-04-01,155766,2023-06-02,2023-07-06,2026-08-05T08:58:54.488904+00:00
PAYEMS,2023-04-01,155689,2023-07-07,2024-02-01,2026-08-05T08:58:54.488904+00:00
PAYEMS,2023-04-01,155484,2024-02-02,2025-02-06,2026-08-05T08:58:54.488904+00:00
PAYEMS,2023-04-01,155387,2025-02-07,2026-02-10,2026-08-05T08:58:54.488904+00:00
PAYEMS,2023-04-01,155375,2026-02-11,9999-12-31,2026-08-05T08:58:54.488904+00:00
PAYEMS,2023-05-01,156105,2023-06-02,2023-07-06,2026-08-05T08:58:54.488904+00:00
PAYEMS,2023-05-01,155995,2023-07-07,2023-08-03,2026-08-05T08:58:54.488904+00:00
PAYEMS,2023-05-01,155970,2023-08-04,2024-02-01,2026-08-05T08:58:54.488904+00:00
PAYEMS,2023-05-01,155787,2024-02-02,2025-02-06,2026-08-05T08:58:54.488904+00:00
PAYEMS,2023-05-01,155614,2025-02-07,2026-02-10,2026-08-05T08:58:54.488904+00:00
PAYEMS,2023-05-01,155655,2026-02-11,9999-12-31,2026-08-05T08:58:54.488904+00:00
PAYEMS,2023-06-01,156204,2023-07-07,2023-08-03,2026-08-05T08:58:54.488904+00:00
PAYEMS,2023-06-01,156155,2023-08-04,2023-08-31,2026-08-05T08:58:54.488904+00:00
PAYEMS,2023-06-01,156075,2023-09-01,2024-02-01,2026-08-05T08:58:54.488904+00:00
PAYEMS,2023-06-01,156027,2024-02-02,2025-02-06,2026-08-05T08:58:54.488904+00:00
PAYEMS,2023-06-01,155871,2025-02-07,2026-02-10,2026-08-05T08:58:54.488904+00:00
PAYEMS,2023-06-01,155880,2026-02-11,9999-12-31,2026-08-05T08:58:54.488904+00:00
PAYEMS,2023-07-01,156342,2023-08-04,2023-08-31,2026-08-05T08:58:54.488904+00:00
PAYEMS,2023-07-01,156232,2023-09-01,2023-10-05,2026-08-05T08:58:54.488904+00:00
PAYEMS,2023-07-01,156311,2023-10-06,2024-02-01,2026-08-05T08:58:54.488904+00:00
PAYEMS,2023-07-01,156211,2024-02-02,2025-02-06,2026-08-05T08:58:54.488904+00:00
PAYEMS,2023-07-01,156019,2025-02-07,2026-02-10,2026-08-05T08:58:54.488904+00:00
PAYEMS,2023-07-01,156043,2026-02-11,9999-12-31,2026-08-05T08:58:54.488904+00:00
PAYEMS,2023-08-01,156419,2023-09-01,2023-10-05,2026-08-05T08:58:54.488904+00:00
PAYEMS,2023-08-01,156538,2023-10-06,2023-11-02,2026-08-05T08:58:54.488904+00:00
PAYEMS,2023-08-01,156476,2023-11-03,2024-02-01,2026-08-05T08:58:54.488904+00:00
PAYEMS,2023-08-01,156421,2024-02-02,2025-02-06,2026-08-05T08:58:54.488904+00:00
PAYEMS,2023-08-01,156176,2025-02-07,2026-02-10,2026-08-05T08:58:54.488904+00:00
PAYEMS,2023-08-01,156261,2026-02-11,9999-12-31,2026-08-05T08:58:54.488904+00:00
PAYEMS,2023-09-01,156874,2023-10-06,2023-11-02,2026-08-05T08:58:54.488904+00:00
PAYEMS,2023-09-01,156773,2023-11-03,2023-12-07,2026-08-05T08:58:54.488904+00:00
PAYEMS,2023-09-01,156738,2023-12-08,2024-02-01,2026-08-05T08:58:54.488904+00:00
PAYEMS,2023-09-01,156667,2024-02-02,2025-02-06,2026-08-05T08:58:54.488904+00:00
PAYEMS,2023-09-01,156334,2025-02-07,2026-02-10,2026-08-05T08:58:54.488904+00:00
PAYEMS,2023-09-01,156417,2026-02-11,9999-12-31,2026-08-05T08:58:54.488904+00:00
PAYEMS,2023-10-01,156923,2023-11-03,2023-12-07,2026-08-05T08:58:54.488904+00:00
PAYEMS,2023-10-01,156888,2023-12-08,2024-01-04,2026-08-05T08:58:54.488904+00:00
PAYEMS,2023-10-01,156843,2024-01-05,2024-02-01,2026-08-05T08:58:54.488904+00:00
PAYEMS,2023-10-01,156832,2024-02-02,2025-02-06,2026-08-05T08:58:54.488904+00:00
PAYEMS,2023-10-01,156520,2025-02-07,2026-02-10,2026-08-05T08:58:54.488904+00:00
PAYEMS,2023-10-01,156576,2026-02-11,9999-12-31,2026-08-05T08:58:54.488904+00:00
PAYEMS,2023-11-01,157087,2023-12-08,2024-01-04,2026-08-05T08:58:54.488904+00:00
PAYEMS,2023-11-01,157016,2024-01-05,2024-02-01,2026-08-05T08:58:54.488904+00:00
PAYEMS,2023-11-01,157014,2024-02-02,2025-02-06,2026-08-05T08:58:54.488904+00:00
PAYEMS,2023-11-01,156661,2025-02-07,2026-02-10,2026-08-05T08:58:54.488904+00:00
PAYEMS,2023-11-01,156703,2026-02-11,9999-12-31,2026-08-05T08:58:54.488904+00:00
PAYEMS,2023-12-01,157232,2024-01-05,2024-02-01,2026-08-05T08:58:54.488904+00:00
PAYEMS,2023-12-01,157347,2024-02-02,2024-03-07,2026-08-05T08:58:54.488904+00:00
PAYEMS,2023-12-01,157304,2024-03-08,2025-02-06,2026-08-05T08:58:54.488904+00:00
PAYEMS,2023-12-01,156930,2025-02-07,2026-02-10,2026-08-05T08:58:54.488904+00:00
PAYEMS,2023-12-01,156857,2026-02-11,9999-12-31,2026-08-05T08:58:54.488904+00:00
PAYEMS,2024-01-01,157700,2024-02-02,2024-03-07,2026-08-05T08:58:54.488904+00:00
PAYEMS,2024-01-01,157533,2024-03-08,2024-04-04,2026-08-05T08:58:54.488904+00:00
PAYEMS,2024-01-01,157560,2024-04-05,2025-02-06,2026-08-05T08:58:54.488904+00:00
PAYEMS,2024-01-01,157049,2025-02-07,2026-02-10,2026-08-05T08:58:54.488904+00:00
PAYEMS,2024-01-01,157032,2026-02-11,9999-12-31,2026-08-05T08:58:54.488904+00:00
PAYEMS,2024-02-01,157808,2024-03-08,2024-04-04,2026-08-05T08:58:54.488904+00:00
PAYEMS,2024-02-01,157830,2024-04-05,2024-05-02,2026-08-05T08:58:54.488904+00:00
PAYEMS,2024-02-01,157796,2024-05-03,2025-02-06,2026-08-05T08:58:54.488904+00:00
PAYEMS,2024-02-01,157271,2025-02-07,2026-02-10,2026-08-05T08:58:54.488904+00:00
PAYEMS,2024-02-01,157238,2026-02-11,9999-12-31,2026-08-05T08:58:54.488904+00:00
PAYEMS,2024-03-01,158133,2024-04-05,2024-05-02,2026-08-05T08:58:54.488904+00:00
PAYEMS,2024-03-01,158111,2024-05-03,2024-06-06,2026-08-05T08:58:54.488904+00:00
PAYEMS,2024-03-01,158106,2024-06-07,2025-02-06,2026-08-05T08:58:54.488904+00:00
PAYEMS,2024-03-01,157517,2025-02-07,2026-02-10,2026-08-05T08:58:54.488904+00:00
PAYEMS,2024-03-01,157466,2026-02-11,9999-12-31,2026-08-05T08:58:54.488904+00:00
PAYEMS,2024-04-01,158286,2024-05-03,2024-06-06,2026-08-05T08:58:54.488904+00:00
PAYEMS,2024-04-01,158271,2024-06-07,2024-07-04,2026-08-05T08:58:54.488904+00:00
PAYEMS,2024-04-01,158214,2024-07-05,2025-02-06,2026-08-05T08:58:54.488904+00:00
PAYEMS,2024-04-01,157635,2025-02-07,2026-02-10,2026-08-05T08:58:54.488904+00:00
PAYEMS,2024-04-01,157530,2026-02-11,9999-12-31,2026-08-05T08:58:54.488904+00:00
PAYEMS,2024-05-01,158543,2024-06-07,2024-07-04,2026-08-05T08:58:54.488904+00:00
PAYEMS,2024-05-01,158432,2024-07-05,2024-08-01,2026-08-05T08:58:54.488904+00:00
PAYEMS,2024-05-01,158430,2024-08-02,2025-02-06,2026-08-05T08:58:54.488904+00:00
PAYEMS,2024-05-01,157828,2025-02-07,2026-02-10,2026-08-05T08:58:54.488904+00:00
PAYEMS,2024-05-01,157608,2026-02-11,9999-12-31,2026-08-05T08:58:54.488904+00:00
PAYEMS,2024-06-01,158638,2024-07-05,2024-08-01,2026-08-05T08:58:54.488904+00:00
PAYEMS,2024-06-01,158609,2024-08-02,2024-09-05,2026-08-05T08:58:54.488904+00:00
PAYEMS,2024-06-01,158548,2024-09-06,2025-02-06,2026-08-05T08:58:54.488904+00:00
PAYEMS,2024-06-01,157915,2025-02-07,2026-02-10,2026-08-05T08:58:54.488904+00:00
PAYEMS,2024-06-01,157695,2026-02-11,9999-12-31,2026-08-05T08:58:54.488904+00:00
PAYEMS,2024-07-01,158723,2024-08-02,2024-09-05,2026-08-05T08:58:54.488904+00:00
PAYEMS,2024-07-01,158637,2024-09-06,2024-10-03,2026-08-05T08:58:54.488904+00:00
PAYEMS,2024-07-01,158692,2024-10-04,2025-02-06,2026-08-05T08:58:54.488904+00:00
PAYEMS,2024-07-01,158003,2025-02-07,2026-02-10,2026-08-05T08:58:54.488904+00:00
PAYEMS,2024-07-01,157748,2026-02-11,9999-12-31,2026-08-05T08:58:54.488904+00:00
PAYEMS,2024-08-01,158779,2024-09-06,2024-10-03,2026-08-05T08:58:54.488904+00:00
PAYEMS,2024-08-01,158851,2024-10-04,2024-10-31,2026-08-05T08:58:54.488904+00:00
PAYEMS,2024-08-01,158770,2024-11-01,2025-02-06,2026-08-05T08:58:54.488904+00:00
PAYEMS,2024-08-01,158074,2025-02-07,2026-02-10,2026-08-05T08:58:54.488904+00:00
PAYEMS,2024-08-01,157757,2026-02-11,9999-12-31,2026-08-05T08:58:54.488904+00:00
PAYEMS,2024-09-01,159105,2024-10-04,2024-10-31,2026-08-05T08:58:54.488904+00:00
PAYEMS,2024-09-01,158993,2024-11-01,2024-12-05,2026-08-05T08:58:54.488904+00:00
PAYEMS,2024-09-01,159025,2024-12-06,2025-02-06,2026-08-05T08:58:54.488904+00:00
PAYEMS,2024-09-01,158314,2025-02-07,2026-02-10,2026-08-05T08:58:54.488904+00:00
PAYEMS,2024-09-01,157912,2026-02-11,9999-12-31,2026-08-05T08:58:54.488904+00:00
PAYEMS,2024-10-01,159005,2024-11-01,2024-12-05,2026-08-05T08:58:54.488904+00:00
PAYEMS,2024-10-01,159061,2024-12-06,2025-01-09,2026-08-05T08:58:54.488904+00:00
PAYEMS,2024-10-01,159068,2025-01-10,2025-02-06,2026-08-05T08:58:54.488904+00:00
PAYEMS,2024-10-01,158358,2025-02-07,2026-02-10,2026-08-05T08:58:54.488904+00:00
PAYEMS,2024-10-01,157945,2026-02-11,9999-12-31,2026-08-05T08:58:54.488904+00:00
PAYEMS,2024-11-01,159288,2024-12-06,2025-01-09,2026-08-05T08:58:54.488904+00:00
PAYEMS,2024-11-01,159280,2025-01-10,2025-02-06,2026-08-05T08:58:54.488904+00:00
PAYEMS,2024-11-01,158619,2025-02-07,2026-02-10,2026-08-05T08:58:54.488904+00:00
PAYEMS,2024-11-01,158079,2026-02-11,9999-12-31,2026-08-05T08:58:54.488904+00:00
PAYEMS,2024-12-01,159536,2025-01-10,2025-02-06,2026-08-05T08:58:54.488904+00:00
PAYEMS,2024-12-01,158926,2025-02-07,2025-03-06,2026-08-05T08:58:54.488904+00:00
PAYEMS,2024-12-01,158942,2025-03-07,2026-02-10,2026-08-05T08:58:54.488904+00:00
PAYEMS,2024-12-01,158316,2026-02-11,9999-12-31,2026-08-05T08:58:54.488904+00:00
PAYEMS,2025-01-01,159069,2025-02-07,2025-03-06,2026-08-05T08:58:54.488904+00:00
PAYEMS,2025-01-01,159067,2025-03-07,2025-04-03,2026-08-05T08:58:54.488904+00:00
PAYEMS,2025-01-01,159053,2025-04-04,2026-02-10,2026-08-05T08:58:54.488904+00:00
PAYEMS,2025-01-01,158268,2026-02-11,9999-12-31,2026-08-05T08:58:54.488904+00:00
PAYEMS,2025-02-01,159218,2025-03-07,2025-04-03,2026-08-05T08:58:54.488904+00:00
PAYEMS,2025-02-01,159170,2025-04-04,2025-05-01,2026-08-05T08:58:54.488904+00:00
PAYEMS,2025-02-01,159155,2025-05-02,2026-02-10,2026-08-05T08:58:54.488904+00:00
PAYEMS,2025-02-01,158310,2026-02-11,9999-12-31,2026-08-05T08:58:54.488904+00:00
PAYEMS,2025-03-01,159398,2025-04-04,2025-05-01,2026-08-05T08:58:54.488904+00:00
PAYEMS,2025-03-01,159340,2025-05-02,2025-06-05,2026-08-05T08:58:54.488904+00:00
PAYEMS,2025-03-01,159275,2025-06-06,2026-02-10,2026-08-05T08:58:54.488904+00:00
PAYEMS,2025-03-01,158377,2026-02-11,9999-12-31,2026-08-05T08:58:54.488904+00:00
PAYEMS,2025-04-01,159517,2025-05-02,2025-06-05,2026-08-05T08:58:54.488904+00:00
PAYEMS,2025-04-01,159422,2025-06-06,2025-07-02,2026-08-05T08:58:54.488904+00:00
PAYEMS,2025-04-01,159433,2025-07-03,2026-02-10,2026-08-05T08:58:54.488904+00:00
PAYEMS,2025-04-01,158485,2026-02-11,9999-12-31,2026-08-05T08:58:54.488904+00:00
PAYEMS,2025-05-01,159561,2025-06-06,2025-07-02,2026-08-05T08:58:54.488904+00:00
PAYEMS,2025-05-01,159577,2025-07-03,2025-07-31,2026-08-05T08:58:54.488904+00:00
PAYEMS,2025-05-01,159452,2025-08-01,2026-02-10,2026-08-05T08:58:54.488904+00:00
PAYEMS,2025-05-01,158498,2026-02-11,9999-12-31,2026-08-05T08:58:54.488904+00:00
PAYEMS,2025-06-01,159724,2025-07-03,2025-07-31,2026-08-05T08:58:54.488904+00:00
PAYEMS,2025-06-01,159466,2025-08-01,2025-09-04,2026-08-05T08:58:54.488904+00:00
PAYEMS,2025-06-01,159439,2025-09-05,2026-02-10,2026-08-05T08:58:54.488904+00:00
PAYEMS,2025-06-01,158478,2026-02-11,9999-12-31,2026-08-05T08:58:54.488904+00:00
PAYEMS,2025-07-01,159539,2025-08-01,2025-09-04,2026-08-05T08:58:54.488904+00:00
PAYEMS,2025-07-01,159518,2025-09-05,2025-11-19,2026-08-05T08:58:54.488904+00:00
PAYEMS,2025-07-01,159511,2025-11-20,2026-02-10,2026-08-05T08:58:54.488904+00:00
PAYEMS,2025-07-01,158542,2026-02-11,9999-12-31,2026-08-05T08:58:54.488904+00:00
PAYEMS,2025-08-01,159540,2025-09-05,2025-11-19,2026-08-05T08:58:54.488904+00:00
PAYEMS,2025-08-01,159507,2025-11-20,2025-12-15,2026-08-05T08:58:54.488904+00:00
PAYEMS,2025-08-01,159485,2025-12-16,2026-02-10,2026-08-05T08:58:54.488904+00:00
PAYEMS,2025-08-01,158472,2026-02-11,9999-12-31,2026-08-05T08:58:54.488904+00:00
PAYEMS,2025-09-01,159626,2025-11-20,2025-12-15,2026-08-05T08:58:54.488904+00:00
PAYEMS,2025-09-01,159593,2025-12-16,2026-02-10,2026-08-05T08:58:54.488904+00:00
PAYEMS,2025-09-01,158548,2026-02-11,9999-12-31,2026-08-05T08:58:54.488904+00:00
PAYEMS,2025-10-01,159488,2025-12-16,2026-01-08,2026-08-05T08:58:54.488904+00:00
PAYEMS,2025-10-01,159420,2026-01-09,2026-02-10,2026-08-05T08:58:54.488904+00:00
PAYEMS,2025-10-01,158408,2026-02-11,9999-12-31,2026-08-05T08:58:54.488904+00:00
PAYEMS,2025-11-01,159552,2025-12-16,2026-01-08,2026-08-05T08:58:54.488904+00:00
PAYEMS,2025-11-01,159476,2026-01-09,2026-02-10,2026-08-05T08:58:54.488904+00:00
PAYEMS,2025-11-01,158449,2026-02-11,9999-12-31,2026-08-05T08:58:54.488904+00:00
PAYEMS,2025-12-01,159526,2026-01-09,2026-02-10,2026-08-05T08:58:54.488904+00:00
PAYEMS,2025-12-01,158497,2026-02-11,2026-03-05,2026-08-05T08:58:54.488904+00:00
PAYEMS,2025-12-01,158432,2026-03-06,9999-12-31,2026-08-05T08:58:54.488904+00:00
PAYEMS,2026-01-01,158627,2026-02-11,2026-03-05,2026-08-05T08:58:54.488904+00:00
PAYEMS,2026-01-01,158558,2026-03-06,2026-04-02,2026-08-05T08:58:54.488904+00:00
PAYEMS,2026-01-01,158592,2026-04-03,9999-12-31,2026-08-05T08:58:54.488904+00:00
PAYEMS,2026-02-01,158466,2026-03-06,2026-04-02,2026-08-05T08:58:54.488904+00:00
PAYEMS,2026-02-01,158459,2026-04-03,2026-05-07,2026-08-05T08:58:54.488904+00:00
PAYEMS,2026-02-01,158436,2026-05-08,9999-12-31,2026-08-05T08:58:54.488904+00:00
PAYEMS,2026-03-01,158637,2026-04-03,2026-05-07,2026-08-05T08:58:54.488904+00:00
PAYEMS,2026-03-01,158621,2026-05-08,2026-06-04,2026-08-05T08:58:54.488904+00:00
PAYEMS,2026-03-01,158650,2026-06-05,9999-12-31,2026-08-05T08:58:54.488904+00:00
PAYEMS,2026-04-01,158736,2026-05-08,2026-06-04,2026-08-05T08:58:54.488904+00:00
PAYEMS,2026-04-01,158829,2026-06-05,2026-07-01,2026-08-05T08:58:54.488904+00:00
PAYEMS,2026-04-01,158798,2026-07-02,9999-12-31,2026-08-05T08:58:54.488904+00:00
PAYEMS,2026-05-01,159001,2026-06-05,2026-07-01,2026-08-05T08:58:54.488904+00:00
PAYEMS,2026-05-01,158927,2026-07-02,9999-12-31,2026-08-05T08:58:54.488904+00:00
PAYEMS,2026-06-01,158984,2026-07-02,9999-12-31,2026-08-05T08:58:54.488904+00:00
COMREPUSQ159N,2022-07-01,2.51993240692887,2023-06-01,2023-07-31,2026-08-05T08:58:54.488904+00:00
COMREPUSQ159N,2022-07-01,2.57842540817306,2023-08-01,2023-10-31,2026-08-05T08:58:54.488904+00:00
COMREPUSQ159N,2022-07-01,2.80073837382511,2023-11-01,2024-01-01,2026-08-05T08:58:54.488904+00:00
COMREPUSQ159N,2022-07-01,3.00075701115563,2024-01-02,2024-04-30,2026-08-05T08:58:54.488904+00:00
COMREPUSQ159N,2022-07-01,3.12321423311438,2024-05-01,2024-07-31,2026-08-05T08:58:54.488904+00:00
COMREPUSQ159N,2022-07-01,2.93485046167683,2024-08-01,2025-03-31,2026-08-05T08:58:54.488904+00:00
COMREPUSQ159N,2022-07-01,2.85869131493845,2025-04-01,2025-09-01,2026-08-05T08:58:54.488904+00:00
COMREPUSQ159N,2022-07-01,2.8952648294601,2025-09-02,2025-12-07,2026-08-05T08:58:54.488904+00:00
COMREPUSQ159N,2022-07-01,2.67137962519323,2025-12-08,9999-12-31,2026-08-05T08:58:54.488904+00:00
COMREPUSQ159N,2022-10-01,-1.75372884009034,2023-06-01,2023-07-31,2026-08-05T08:58:54.488904+00:00
COMREPUSQ159N,2022-10-01,-1.52186346966927,2023-08-01,2023-10-31,2026-08-05T08:58:54.488904+00:00
COMREPUSQ159N,2022-10-01,-1.37664981470338,2023-11-01,2024-01-01,2026-08-05T08:58:54.488904+00:00
COMREPUSQ159N,2022-10-01,-1.180546535727,2024-01-02,2024-04-30,2026-08-05T08:58:54.488904+00:00
COMREPUSQ159N,2022-10-01,-0.979883762776326,2024-05-01,2024-07-31,2026-08-05T08:58:54.488904+00:00
COMREPUSQ159N,2022-10-01,-0.828055393461519,2024-08-01,2025-03-31,2026-08-05T08:58:54.488904+00:00
COMREPUSQ159N,2022-10-01,-0.855585455047263,2025-04-01,2025-09-01,2026-08-05T08:58:54.488904+00:00
COMREPUSQ159N,2022-10-01,-1.96198260456521,2025-09-02,2025-12-07,2026-08-05T08:58:54.488904+00:00
COMREPUSQ159N,2022-10-01,-1.89362498100238,2025-12-08,9999-12-31,2026-08-05T08:58:54.488904+00:00
COMREPUSQ159N,2023-01-01,0.745244221844406,2023-08-01,2023-10-31,2026-08-05T08:58:54.488904+00:00
COMREPUSQ159N,2023-01-01,0.180032261781311,2023-11-01,2024-01-01,2026-08-05T08:58:54.488904+00:00
COMREPUSQ159N,2023-01-01,0.174970044319968,2024-01-02,2024-04-30,2026-08-05T08:58:54.488904+00:00
COMREPUSQ159N,2023-01-01,0.284564613246874,2024-05-01,2024-07-31,2026-08-05T08:58:54.488904+00:00
COMREPUSQ159N,2023-01-01,0.465166311492795,2024-08-01,2025-03-31,2026-08-05T08:58:54.488904+00:00
COMREPUSQ159N,2023-01-01,0.600012316968381,2025-04-01,2025-09-01,2026-08-05T08:58:54.488904+00:00
COMREPUSQ159N,2023-01-01,0.385102264069287,2025-09-02,2025-12-07,2026-08-05T08:58:54.488904+00:00
COMREPUSQ159N,2023-01-01,0.360915756396832,2025-12-08,9999-12-31,2026-08-05T08:58:54.488904+00:00
COMREPUSQ159N,2023-04-01,1.94095853446206,2023-11-01,2024-01-01,2026-08-05T08:58:54.488904+00:00
COMREPUSQ159N,2023-04-01,2.57786329442583,2024-01-02,2024-04-30,2026-08-05T08:58:54.488904+00:00
COMREPUSQ159N,2023-04-01,2.69018448555739,2024-05-01,2024-07-31,2026-08-05T08:58:54.488904+00:00
COMREPUSQ159N,2023-04-01,3.07133585169843,2024-08-01,2025-03-31,2026-08-05T08:58:54.488904+00:00
COMREPUSQ159N,2023-04-01,3.19341887465808,2025-04-01,2025-09-01,2026-08-05T08:58:54.488904+00:00
COMREPUSQ159N,2023-04-01,1.9761489152597,2025-09-02,2025-12-07,2026-08-05T08:58:54.488904+00:00
COMREPUSQ159N,2023-04-01,1.92300867158017,2025-12-08,9999-12-31,2026-08-05T08:58:54.488904+00:00
COMREPUSQ159N,2023-07-01,-0.603348326833616,2024-01-02,2024-04-30,2026-08-05T08:58:54.488904+00:00
COMREPUSQ159N,2023-07-01,-1.49246057476156,2024-05-01,2024-07-31,2026-08-05T08:58:54.488904+00:00
COMREPUSQ159N,2023-07-01,-1.33936141776867,2024-08-01,2025-03-31,2026-08-05T08:58:54.488904+00:00
COMREPUSQ159N,2023-07-01,-0.466970453190047,2025-04-01,2025-09-01,2026-08-05T08:58:54.488904+00:00
COMREPUSQ159N,2023-07-01,-0.918404523528471,2025-09-02,2025-12-07,2026-08-05T08:58:54.488904+00:00
COMREPUSQ159N,2023-07-01,-0.925404148909948,2025-12-08,9999-12-31,2026-08-05T08:58:54.488904+00:00
COMREPUSQ159N,2023-10-01,-7.53002652808342,2024-05-01,2024-07-31,2026-08-05T08:58:54.488904+00:00
COMREPUSQ159N,2023-10-01,-8.79258085626701,2024-08-01,2025-03-31,2026-08-05T08:58:54.488904+00:00
COMREPUSQ159N,2023-10-01,-7.90996821861879,2025-04-01,2025-09-01,2026-08-05T08:58:54.488904+00:00
COMREPUSQ159N,2023-10-01,-6.69622941956754,2025-09-02,2025-12-07,2026-08-05T08:58:54.488904+00:00
COMREPUSQ159N,2023-10-01,-7.09150979089519,2025-12-08,9999-12-31,2026-08-05T08:58:54.488904+00:00
COMREPUSQ159N,2024-01-01,-8.92543472536121,2024-08-01,2025-03-31,2026-08-05T08:58:54.488904+00:00
COMREPUSQ159N,2024-01-01,-10.0000291512043,2025-04-01,2025-09-01,2026-08-05T08:58:54.488904+00:00
COMREPUSQ159N,2024-01-01,-9.51177158517714,2025-09-02,2025-12-07,2026-08-05T08:58:54.488904+00:00
COMREPUSQ159N,2024-01-01,-9.17442956142129,2025-12-08,9999-12-31,2026-08-05T08:58:54.488904+00:00
COMREPUSQ159N,2024-04-01,-13.3888678746235,2025-04-01,2025-09-01,2026-08-05T08:58:54.488904+00:00
COMREPUSQ159N,2024-04-01,-11.5690115966294,2025-09-02,2025-12-07,2026-08-05T08:58:54.488904+00:00
COMREPUSQ159N,2024-04-01,-10.6651422734738,2025-12-08,9999-12-31,2026-08-05T08:58:54.488904+00:00
COMREPUSQ159N,2024-07-01,-10.4727970797399,2025-04-01,2025-09-01,2026-08-05T08:58:54.488904+00:00
COMREPUSQ159N,2024-07-01,-10.982102934601,2025-09-02,2025-12-07,2026-08-05T08:58:54.488904+00:00
COMREPUSQ159N,2024-07-01,-10.577877314753,2025-12-08,9999-12-31,2026-08-05T08:58:54.488904+00:00
COMREPUSQ159N,2024-10-01,-3.60423401715517,2025-09-02,2025-12-07,2026-08-05T08:58:54.488904+00:00
COMREPUSQ159N,2024-10-01,-2.72938611258076,2025-12-08,9999-12-31,2026-08-05T08:58:54.488904+00:00
COMREPUSQ159N,2025-01-01,-1.7398597929531,2025-09-02,2025-12-07,2026-08-05T08:58:54.488904+00:00
COMREPUSQ159N,2025-01-01,-3.00798781308582,2025-12-08,9999-12-31,2026-08-05T08:58:54.488904+00:00
COMREPUSQ159N,2025-04-01,-7.01283683704492,2025-12-08,9999-12-31,2026-08-05T08:58:54.488904+00:00
SUBLPDRCSC,2022-07-01,48.4,2022-08-01,9999-12-31,2026-08-05T08:58:54.488904+00:00
SUBLPDRCSC,2022-10-01,57.6,2022-11-07,9999-12-31,2026-08-05T08:58:54.488904+00:00
SUBLPDRCSC,2023-01-01,69.2,2023-02-06,9999-12-31,2026-08-05T08:58:54.488904+00:00
SUBLPDRCSC,2023-04-01,73.8,2023-05-08,9999-12-31,2026-08-05T08:58:54.488904+00:00
SUBLPDRCSC,2023-07-01,71.7,2023-07-31,9999-12-31,2026-08-05T08:58:54.488904+00:00
SUBLPDRCSC,2023-10-01,64.9,2023-11-06,9999-12-31,2026-08-05T08:58:54.488904+00:00
SUBLPDRCSC,2024-01-01,39.7,2024-02-05,9999-12-31,2026-08-05T08:58:54.488904+00:00
SUBLPDRCSC,2024-04-01,24.6,2024-05-06,9999-12-31,2026-08-05T08:58:54.488904+00:00
SUBLPDRCSC,2024-07-01,23.8,2024-08-05,9999-12-31,2026-08-05T08:58:54.488904+00:00
SUBLPDRCSC,2024-10-01,14.8,2024-11-12,9999-12-31,2026-08-05T08:58:54.488904+00:00
SUBLPDRCSC,2025-01-01,9.5,2025-02-03,9999-12-31,2026-08-05T08:58:54.488904+00:00
SUBLPDRCSC,2025-04-01,11.1,2025-05-12,9999-12-31,2026-08-05T08:58:54.488904+00:00
SUBLPDRCSC,2025-07-01,9.7,2025-08-04,9999-12-31,2026-08-05T08:58:54.488904+00:00
SUBLPDRCSC,2025-10-01,6.6,2025-11-03,9999-12-31,2026-08-05T08:58:54.488904+00:00
SUBLPDRCSC,2026-01-01,1.8,2026-02-02,9999-12-31,2026-08-05T08:58:54.488904+00:00
SUBLPDRCSC,2026-04-01,4.9,2026-05-04,9999-12-31,2026-08-05T08:58:54.488904+00:00
SUBLPDRCSC,2026-07-01,-3.7000000000,2026-08-03,9999-12-31,2026-08-05T08:58:54.488904+00:00
SUBLPDRCSN,2022-07-01,41.5,2022-08-01,9999-12-31,2026-08-05T08:58:54.488904+00:00
SUBLPDRCSN,2022-10-01,52.9,2022-11-07,9999-12-31,2026-08-05T08:58:54.488904+00:00
SUBLPDRCSN,2023-01-01,57.6,2023-02-06,9999-12-31,2026-08-05T08:58:54.488904+00:00
SUBLPDRCSN,2023-04-01,66.7,2023-05-08,9999-12-31,2026-08-05T08:58:54.488904+00:00
SUBLPDRCSN,2023-07-01,68.3,2023-07-31,9999-12-31,2026-08-05T08:58:54.488904+00:00
SUBLPDRCSN,2023-10-01,67.2,2023-11-06,9999-12-31,2026-08-05T08:58:54.488904+00:00
SUBLPDRCSN,2024-01-01,42.4,2024-02-05,9999-12-31,2026-08-05T08:58:54.488904+00:00
SUBLPDRCSN,2024-04-01,30.6,2024-05-06,9999-12-31,2026-08-05T08:58:54.488904+00:00
SUBLPDRCSN,2024-07-01,20.6,2024-08-05,9999-12-31,2026-08-05T08:58:54.488904+00:00
SUBLPDRCSN,2024-10-01,16.4,2024-11-12,9999-12-31,2026-08-05T08:58:54.488904+00:00
SUBLPDRCSN,2025-01-01,8.1,2025-02-03,9999-12-31,2026-08-05T08:58:54.488904+00:00
SUBLPDRCSN,2025-04-01,10.9,2025-05-12,9999-12-31,2026-08-05T08:58:54.488904+00:00
SUBLPDRCSN,2025-07-01,11.5,2025-08-04,9999-12-31,2026-08-05T08:58:54.488904+00:00
SUBLPDRCSN,2025-10-01,3.3,2025-11-03,9999-12-31,2026-08-05T08:58:54.488904+00:00
SUBLPDRCSN,2026-01-01,-3.6,2026-02-02,9999-12-31,2026-08-05T08:58:54.488904+00:00
SUBLPDRCSN,2026-04-01,-3.3,2026-05-04,9999-12-31,2026-08-05T08:58:54.488904+00:00
SUBLPDRCSN,2026-07-01,-11.3000000000,2026-08-03,9999-12-31,2026-08-05T08:58:54.488904+00:00
SUBLPDRCSM,2022-07-01,30.3,2022-08-01,9999-12-31,2026-08-05T08:58:54.488904+00:00
SUBLPDRCSM,2022-10-01,39.7,2022-11-07,9999-12-31,2026-08-05T08:58:54.488904+00:00
SUBLPDRCSM,2023-01-01,56.7,2023-02-06,9999-12-31,2026-08-05T08:58:54.488904+00:00
SUBLPDRCSM,2023-04-01,64.5,2023-05-08,9999-12-31,2026-08-05T08:58:54.488904+00:00
SUBLPDRCSM,2023-07-01,63.3,2023-07-31,9999-12-31,2026-08-05T08:58:54.488904+00:00
SUBLPDRCSM,2023-10-01,65.5,2023-11-06,9999-12-31,2026-08-05T08:58:54.488904+00:00
SUBLPDRCSM,2024-01-01,40.7,2024-02-05,9999-12-31,2026-08-05T08:58:54.488904+00:00
SUBLPDRCSM,2024-04-01,33.9,2024-05-06,9999-12-31,2026-08-05T08:58:54.488904+00:00
SUBLPDRCSM,2024-07-01,22.2,2024-08-05,9999-12-31,2026-08-05T08:58:54.488904+00:00
SUBLPDRCSM,2024-10-01,19.7,2024-11-12,9999-12-31,2026-08-05T08:58:54.488904+00:00
SUBLPDRCSM,2025-01-01,3.2,2025-02-03,9999-12-31,2026-08-05T08:58:54.488904+00:00
SUBLPDRCSM,2025-04-01,1.6,2025-05-12,9999-12-31,2026-08-05T08:58:54.488904+00:00
SUBLPDRCSM,2025-07-01,4.8,2025-08-04,9999-12-31,2026-08-05T08:58:54.488904+00:00
SUBLPDRCSM,2025-10-01,1.6,2025-11-03,9999-12-31,2026-08-05T08:58:54.488904+00:00
SUBLPDRCSM,2026-01-01,-5.5,2026-02-02,9999-12-31,2026-08-05T08:58:54.488904+00:00
SUBLPDRCSM,2026-04-01,0.0,2026-05-04,9999-12-31,2026-08-05T08:58:54.488904+00:00
SUBLPDRCSM,2026-07-01,-5.7000000000,2026-08-03,9999-12-31,2026-08-05T08:58:54.488904+00:00
DRCRELEXFACBS,2022-07-01,0.64,2022-11-23,2023-02-20,2026-08-05T08:58:54.488904+00:00
DRCRELEXFACBS,2022-07-01,0.65,2023-02-21,2023-11-19,2026-08-05T08:58:54.488904+00:00
DRCRELEXFACBS,2022-07-01,0.64,2023-11-20,2024-08-18,2026-08-05T08:58:54.488904+00:00
DRCRELEXFACBS,2022-07-01,0.63,2024-08-19,9999-12-31,2026-08-05T08:58:54.488904+00:00
DRCRELEXFACBS,2022-10-01,0.68,2023-02-21,2023-05-22,2026-08-05T08:58:54.488904+00:00
DRCRELEXFACBS,2022-10-01,0.69,2023-05-23,2024-05-20,2026-08-05T08:58:54.488904+00:00
DRCRELEXFACBS,2022-10-01,0.68,2024-05-21,2024-11-18,2026-08-05T08:58:54.488904+00:00
DRCRELEXFACBS,2022-10-01,0.69,2024-11-19,9999-12-31,2026-08-05T08:58:54.488904+00:00
DRCRELEXFACBS,2023-01-01,0.76,2023-05-23,2023-08-20,2026-08-05T08:58:54.488904+00:00
DRCRELEXFACBS,2023-01-01,0.77,2023-08-21,2023-11-19,2026-08-05T08:58:54.488904+00:00
DRCRELEXFACBS,2023-01-01,0.76,2023-11-20,2024-02-22,2026-08-05T08:58:54.488904+00:00
DRCRELEXFACBS,2023-01-01,0.77,2024-02-23,2024-08-18,2026-08-05T08:58:54.488904+00:00
DRCRELEXFACBS,2023-01-01,0.78,2024-08-19,2025-05-20,2026-08-05T08:58:54.488904+00:00
DRCRELEXFACBS,2023-01-01,0.79,2025-05-21,2025-08-17,2026-08-05T08:58:54.488904+00:00
DRCRELEXFACBS,2023-01-01,0.78,2025-08-18,9999-12-31,2026-08-05T08:58:54.488904+00:00
DRCRELEXFACBS,2023-04-01,0.84,2023-08-21,2023-11-19,2026-08-05T08:58:54.488904+00:00
DRCRELEXFACBS,2023-04-01,0.86,2023-11-20,2024-08-18,2026-08-05T08:58:54.488904+00:00
DRCRELEXFACBS,2023-04-01,0.85,2024-08-19,2025-02-17,2026-08-05T08:58:54.488904+00:00
DRCRELEXFACBS,2023-04-01,0.84,2025-02-18,2025-08-17,2026-08-05T08:58:54.488904+00:00
DRCRELEXFACBS,2023-04-01,0.85,2025-08-18,9999-12-31,2026-08-05T08:58:54.488904+00:00
DRCRELEXFACBS,2023-07-01,1.07,2023-11-20,2024-02-22,2026-08-05T08:58:54.488904+00:00
DRCRELEXFACBS,2023-07-01,1.06,2024-02-23,2025-02-17,2026-08-05T08:58:54.488904+00:00
DRCRELEXFACBS,2023-07-01,1.05,2025-02-18,2025-11-20,2026-08-05T08:58:54.488904+00:00
DRCRELEXFACBS,2023-07-01,1.06,2025-11-21,9999-12-31,2026-08-05T08:58:54.488904+00:00
DRCRELEXFACBS,2023-10-01,1.17,2024-02-23,2024-05-20,2026-08-05T08:58:54.488904+00:00
DRCRELEXFACBS,2023-10-01,1.16,2024-05-21,2024-08-18,2026-08-05T08:58:54.488904+00:00
DRCRELEXFACBS,2023-10-01,1.15,2024-08-19,2024-11-18,2026-08-05T08:58:54.488904+00:00
DRCRELEXFACBS,2023-10-01,1.16,2024-11-19,2025-02-17,2026-08-05T08:58:54.488904+00:00
DRCRELEXFACBS,2023-10-01,1.17,2025-02-18,2025-05-20,2026-08-05T08:58:54.488904+00:00
DRCRELEXFACBS,2023-10-01,1.16,2025-05-21,9999-12-31,2026-08-05T08:58:54.488904+00:00
DRCRELEXFACBS,2024-01-01,1.18,2024-05-21,2024-08-18,2026-08-05T08:58:54.488904+00:00
DRCRELEXFACBS,2024-01-01,1.21,2024-08-19,2025-05-20,2026-08-05T08:58:54.488904+00:00
DRCRELEXFACBS,2024-01-01,1.22,2025-05-21,2025-08-17,2026-08-05T08:58:54.488904+00:00
DRCRELEXFACBS,2024-01-01,1.21,2025-08-18,9999-12-31,2026-08-05T08:58:54.488904+00:00
DRCRELEXFACBS,2024-04-01,1.42,2024-08-19,2024-11-18,2026-08-05T08:58:54.488904+00:00
DRCRELEXFACBS,2024-04-01,1.41,2024-11-19,2025-05-20,2026-08-05T08:58:54.488904+00:00
DRCRELEXFACBS,2024-04-01,1.4,2025-05-21,2025-08-17,2026-08-05T08:58:54.488904+00:00
DRCRELEXFACBS,2024-04-01,1.42,2025-08-18,2025-11-20,2026-08-05T08:58:54.488904+00:00
DRCRELEXFACBS,2024-04-01,1.41,2025-11-21,2026-02-23,2026-08-05T08:58:54.488904+00:00
DRCRELEXFACBS,2024-04-01,1.42,2026-02-24,9999-12-31,2026-08-05T08:58:54.488904+00:00
DRCRELEXFACBS,2024-07-01,1.52,2024-11-19,2025-02-17,2026-08-05T08:58:54.488904+00:00
DRCRELEXFACBS,2024-07-01,1.51,2025-02-18,9999-12-31,2026-08-05T08:58:54.488904+00:00
DRCRELEXFACBS,2024-10-01,1.57,2025-02-18,2025-05-20,2026-08-05T08:58:54.488904+00:00
DRCRELEXFACBS,2024-10-01,1.56,2025-05-21,9999-12-31,2026-08-05T08:58:54.488904+00:00
DRCRELEXFACBS,2025-01-01,1.59,2025-05-21,2025-08-17,2026-08-05T08:58:54.488904+00:00
DRCRELEXFACBS,2025-01-01,1.57,2025-08-18,9999-12-31,2026-08-05T08:58:54.488904+00:00
DRCRELEXFACBS,2025-04-01,1.57,2025-08-18,2025-11-20,2026-08-05T08:58:54.488904+00:00
DRCRELEXFACBS,2025-04-01,1.56,2025-11-21,2026-02-23,2026-08-05T08:58:54.488904+00:00
DRCRELEXFACBS,2025-04-01,1.57,2026-02-24,9999-12-31,2026-08-05T08:58:54.488904+00:00
DRCRELEXFACBS,2025-07-01,1.56,2025-11-21,2026-05-18,2026-08-05T08:58:54.488904+00:00
DRCRELEXFACBS,2025-07-01,1.57,2026-05-19,9999-12-31,2026-08-05T08:58:54.488904+00:00
DRCRELEXFACBS,2025-10-01,1.58,2026-02-24,9999-12-31,2026-08-05T08:58:54.488904+00:00
DRCRELEXFACBS,2026-01-01,1.56,2026-05-19,9999-12-31,2026-08-05T08:58:54.488904+00:00
DRCRELEXFT100S,2022-07-01,0.74,2022-11-23,2023-02-20,2026-08-05T08:58:54.488904+00:00
DRCRELEXFT100S,2022-07-01,0.76,2023-02-21,2023-11-19,2026-08-05T08:58:54.488904+00:00
DRCRELEXFT100S,2022-07-01,0.75,2023-11-20,2024-02-22,2026-08-05T08:58:54.488904+00:00
DRCRELEXFT100S,2022-07-01,0.74,2024-02-23,2024-08-18,2026-08-05T08:58:54.488904+00:00
DRCRELEXFT100S,2022-07-01,0.73,2024-08-19,2024-11-18,2026-08-05T08:58:54.488904+00:00
DRCRELEXFT100S,2022-07-01,0.74,2024-11-19,9999-12-31,2026-08-05T08:58:54.488904+00:00
DRCRELEXFT100S,2022-10-01,0.83,2023-02-21,2023-05-22,2026-08-05T08:58:54.488904+00:00
DRCRELEXFT100S,2022-10-01,0.85,2023-05-23,2023-11-19,2026-08-05T08:58:54.488904+00:00
DRCRELEXFT100S,2022-10-01,0.84,2023-11-20,2024-08-18,2026-08-05T08:58:54.488904+00:00
DRCRELEXFT100S,2022-10-01,0.83,2024-08-19,2024-11-18,2026-08-05T08:58:54.488904+00:00
DRCRELEXFT100S,2022-10-01,0.84,2024-11-19,2025-05-20,2026-08-05T08:58:54.488904+00:00
DRCRELEXFT100S,2022-10-01,0.83,2025-05-21,9999-12-31,2026-08-05T08:58:54.488904+00:00
DRCRELEXFT100S,2023-01-01,0.96,2023-05-23,2024-05-20,2026-08-05T08:58:54.488904+00:00
DRCRELEXFT100S,2023-01-01,0.97,2024-05-21,2024-08-18,2026-08-05T08:58:54.488904+00:00
DRCRELEXFT100S,2023-01-01,0.98,2024-08-19,2025-05-20,2026-08-05T08:58:54.488904+00:00
DRCRELEXFT100S,2023-01-01,0.99,2025-05-21,2025-08-17,2026-08-05T08:58:54.488904+00:00
DRCRELEXFT100S,2023-01-01,0.98,2025-08-18,9999-12-31,2026-08-05T08:58:54.488904+00:00
DRCRELEXFT100S,2023-04-01,1.04,2023-08-21,2023-11-19,2026-08-05T08:58:54.488904+00:00
DRCRELEXFT100S,2023-04-01,1.06,2023-11-20,2024-05-20,2026-08-05T08:58:54.488904+00:00
DRCRELEXFT100S,2023-04-01,1.05,2024-05-21,2024-08-18,2026-08-05T08:58:54.488904+00:00
DRCRELEXFT100S,2023-04-01,1.06,2024-08-19,2024-11-18,2026-08-05T08:58:54.488904+00:00
DRCRELEXFT100S,2023-04-01,1.04,2024-11-19,2025-08-17,2026-08-05T08:58:54.488904+00:00
DRCRELEXFT100S,2023-04-01,1.05,2025-08-18,2025-11-20,2026-08-05T08:58:54.488904+00:00
DRCRELEXFT100S,2023-04-01,1.04,2025-11-21,2026-05-18,2026-08-05T08:58:54.488904+00:00
DRCRELEXFT100S,2023-04-01,1.05,2026-05-19,9999-12-31,2026-08-05T08:58:54.488904+00:00
DRCRELEXFT100S,2023-07-01,1.34,2023-11-20,2024-02-22,2026-08-05T08:58:54.488904+00:00
DRCRELEXFT100S,2023-07-01,1.33,2024-02-23,2024-08-18,2026-08-05T08:58:54.488904+00:00
DRCRELEXFT100S,2023-07-01,1.32,2024-08-19,2024-11-18,2026-08-05T08:58:54.488904+00:00
DRCRELEXFT100S,2023-07-01,1.33,2024-11-19,9999-12-31,2026-08-05T08:58:54.488904+00:00
DRCRELEXFT100S,2023-10-01,1.47,2024-02-23,2024-05-20,2026-08-05T08:58:54.488904+00:00
DRCRELEXFT100S,2023-10-01,1.45,2024-05-21,2025-02-17,2026-08-05T08:58:54.488904+00:00
DRCRELEXFT100S,2023-10-01,1.46,2025-02-18,2025-05-20,2026-08-05T08:58:54.488904+00:00
DRCRELEXFT100S,2023-10-01,1.45,2025-05-21,2025-08-17,2026-08-05T08:58:54.488904+00:00
DRCRELEXFT100S,2023-10-01,1.44,2025-08-18,2025-11-20,2026-08-05T08:58:54.488904+00:00
DRCRELEXFT100S,2023-10-01,1.45,2025-11-21,2026-02-23,2026-08-05T08:58:54.488904+00:00
DRCRELEXFT100S,2023-10-01,1.44,2026-02-24,9999-12-31,2026-08-05T08:58:54.488904+00:00
DRCRELEXFT100S,2024-01-01,1.49,2024-05-21,2024-08-18,2026-08-05T08:58:54.488904+00:00
DRCRELEXFT100S,2024-01-01,1.5,2024-08-19,2025-02-17,2026-08-05T08:58:54.488904+00:00
DRCRELEXFT100S,2024-01-01,1.51,2025-02-18,2025-05-20,2026-08-05T08:58:54.488904+00:00
DRCRELEXFT100S,2024-01-01,1.52,2025-05-21,2025-08-17,2026-08-05T08:58:54.488904+00:00
DRCRELEXFT100S,2024-01-01,1.51,2025-08-18,9999-12-31,2026-08-05T08:58:54.488904+00:00
DRCRELEXFT100S,2024-04-01,1.79,2024-08-19,2024-11-18,2026-08-05T08:58:54.488904+00:00
DRCRELEXFT100S,2024-04-01,1.77,2024-11-19,2025-08-17,2026-08-05T08:58:54.488904+00:00
DRCRELEXFT100S,2024-04-01,1.78,2025-08-18,2025-11-20,2026-08-05T08:58:54.488904+00:00
DRCRELEXFT100S,2024-04-01,1.77,2025-11-21,2026-05-18,2026-08-05T08:58:54.488904+00:00
DRCRELEXFT100S,2024-04-01,1.78,2026-05-19,9999-12-31,2026-08-05T08:58:54.488904+00:00
DRCRELEXFT100S,2024-07-01,1.9,2024-11-19,2025-08-17,2026-08-05T08:58:54.488904+00:00
DRCRELEXFT100S,2024-07-01,1.89,2025-08-18,2025-11-20,2026-08-05T08:58:54.488904+00:00
DRCRELEXFT100S,2024-07-01,1.9,2025-11-21,9999-12-31,2026-08-05T08:58:54.488904+00:00
DRCRELEXFT100S,2024-10-01,1.99,2025-02-18,2025-05-20,2026-08-05T08:58:54.488904+00:00
DRCRELEXFT100S,2024-10-01,1.97,2025-05-21,2026-05-18,2026-08-05T08:58:54.488904+00:00
DRCRELEXFT100S,2024-10-01,1.96,2026-05-19,9999-12-31,2026-08-05T08:58:54.488904+00:00
DRCRELEXFT100S,2025-01-01,1.95,2025-05-21,2025-08-17,2026-08-05T08:58:54.488904+00:00
DRCRELEXFT100S,2025-01-01,1.94,2025-08-18,9999-12-31,2026-08-05T08:58:54.488904+00:00
DRCRELEXFT100S,2025-04-01,1.89,2025-08-18,2025-11-20,2026-08-05T08:58:54.488904+00:00
DRCRELEXFT100S,2025-04-01,1.88,2025-11-21,2026-02-23,2026-08-05T08:58:54.488904+00:00
DRCRELEXFT100S,2025-04-01,1.89,2026-02-24,9999-12-31,2026-08-05T08:58:54.488904+00:00
DRCRELEXFT100S,2025-07-01,1.86,2025-11-21,9999-12-31,2026-08-05T08:58:54.488904+00:00
DRCRELEXFT100S,2025-10-01,1.83,2026-02-24,9999-12-31,2026-08-05T08:58:54.488904+00:00
DRCRELEXFT100S,2026-01-01,1.78,2026-05-19,9999-12-31,2026-08-05T08:58:54.488904+00:00
